사고번호,사고일시,요일,시군구,사고내용,사망자수,중상자수,경상자수,부상신고자수,사고유형,법규위반,노면상태,기상상태,도로형태,가해운전자 차종,가해운전자 성별,가해운전자 연령,가해운전자 상해정도,피해운전자 차종,피해운전자 성별,피해운전자 연령,피해운전자 상해정도
2021012600100121,2021년 1월 26일 09시,화요일,강원도 태백시 황지동,경상사고,0,0,1,0,차대차 - 측면충돌,교차로운행방법위반,건조,맑음,교차로 - 교차로안,화물,남,52세,상해없음,승용,남,76세,경상
2021012600100144,2021년 1월 26일 10시,화요일,강원도 춘천시 효자동,경상사고,0,0,1,0,차대사람 - 기타,보행자보호의무위반,건조,맑음,교차로 - 교차로횡단보도내,승용,남,41세,상해없음,보행자,남,74세,경상
2021012600100203,2021년 1월 26일 12시,화요일,강원도 춘천시 효자동,경상사고,0,0,1,0,차대차 - 추돌,안전운전불이행,젖음/습기,비,단일로 - 기타,승합,남,56세,상해없음,승용,남,72세,경상
2021012600100301,2021년 1월 26일 15시,화요일,강원도 인제군 남면,중상사고,0,2,1,0,차대차 - 정면충돌,중앙선침범,건조,맑음,단일로 - 기타,승합,남,33세,중상,화물,남,72세,중상
2021012600100326,2021년 1월 26일 16시,화요일,강원도 춘천시 후평동,경상사고,0,0,1,1,차대차 - 측면충돌,안전운전불이행,건조,맑음,단일로 - 기타,화물,남,60세,부상신고,승용,여,43세,경상
2021012600100357,2021년 1월 26일 17시,화요일,강원도 인제군 인제읍,중상사고,0,1,0,0,차량단독 - 공작물충돌,안전운전불이행,건조,맑음,단일로 - 기타,화물,남,76세,상해없음,,,,
2021012600100400,2021년 1월 26일 18시,화요일,강원도 원주시 명륜동,중상사고,0,1,0,0,차대사람 - 기타,안전운전불이행,건조,흐림,단일로 - 기타,승용,여,48세,상해없음,보행자,여,66세,중상
2021012600100453,2021년 1월 26일 19시,화요일,강원도 철원군 서면,중상사고,0,1,0,0,차대사람 - 기타,안전운전불이행,건조,맑음,교차로 - 교차로안,승용,남,23세,상해없음,보행자,남,50세,중상
2021012600100494,2021년 1월 26일 20시,화요일,강원도 춘천시 우두동,경상사고,0,0,1,0,차대차 - 측면충돌,안전운전불이행,젖음/습기,맑음,교차로 - 교차로부근,승용,남,65세,상해없음,승용,남,50세,경상
2021012600100495,2021년 1월 26일 20시,화요일,강원도 원주시 개운동,경상사고,0,0,3,0,차대사람 - 길가장자리구역통행중,안전운전불이행,서리/결빙,비,단일로 - 기타,승용,여,60세,상해없음,보행자,여,17세,경상
2021012700100021,2021년 1월 27일 05시,수요일,강원도 춘천시 신동면,중상사고,0,1,1,0,차대차 - 기타,안전운전불이행,서리/결빙,맑음,단일로 - 기타,화물,남,67세,경상,승용,남,69세,상해없음
2021012700100029,2021년 1월 27일 06시,수요일,강원도 춘천시 온의동,부상신고사고,0,0,0,1,차대사람 - 기타,안전운전불이행,서리/결빙,맑음,주차장 - 주차장,기타불명,기타불명,미분류,기타불명,보행자,남,66세,부상신고
2021012700100051,2021년 1월 27일 07시,수요일,강원도 춘천시 근화동,경상사고,0,0,1,0,차대차 - 측면충돌,직진우회전진행방해,건조,맑음,교차로 - 교차로안,승용,남,68세,상해없음,승용,여,39세,경상
2021012700100070,2021년 1월 27일 08시,수요일,강원도 춘천시 동내면,경상사고,0,0,1,0,차대차 - 기타,안전운전불이행,건조,맑음,교차로 - 교차로안,건설기계,남,39세,상해없음,승용,남,56세,경상
2021012700100071,2021년 1월 27일 08시,수요일,강원도 강릉시 용강동,중상사고,0,1,0,0,차대차 - 측면충돌,안전운전불이행,건조,맑음,교차로 - 교차로안,승용,남,73세,상해없음,자전거,남,70세,중상
2021012700100072,2021년 1월 27일 08시,수요일,강원도 원주시 소초면,중상사고,0,2,0,0,차대차 - 추돌,중앙선침범,서리/결빙,흐림,단일로 - 기타,승용,여,33세,상해없음,화물,남,72세,중상
2021012700100073,2021년 1월 27일 08시,수요일,강원도 영월군 영월읍,부상신고사고,0,0,0,1,차대차 - 측면충돌,교차로운행방법위반,서리/결빙,맑음,교차로 - 교차로안,승용,남,72세,상해없음,이륜,남,20세,부상신고
2021012700100119,2021년 1월 27일 10시,수요일,강원도 춘천시 운교동,경상사고,0,0,1,0,차대차 - 기타,안전운전불이행,건조,맑음,교차로 - 교차로안,승용,여,54세,상해없음,승용,남,21세,경상
2021012700100170,2021년 1월 27일 12시,수요일,강원도 춘천시 서면,중상사고,0,1,0,0,차대사람 - 기타,안전운전불이행,건조,맑음,교차로 - 교차로안,승용,남,61세,상해없음,보행자,남,67세,중상
2021012700100195,2021년 1월 27일 13시,수요일,강원도 춘천시 석사동,경상사고,0,0,1,0,차대차 - 기타,안전운전불이행,건조,맑음,단일로 - 기타,승용,여,46세,상해없음,이륜,남,59세,경상
2021012700100234,2021년 1월 27일 14시,수요일,강원도 원주시 반곡동,경상사고,0,0,2,0,차대차 - 측면충돌,교차로운행방법위반,건조,맑음,교차로 - 교차로안,승합,남,25세,상해없음,화물,남,37세,상해없음
2021012700100323,2021년 1월 27일 17시,수요일,강원도 춘천시 퇴계동,경상사고,0,0,2,0,차대차 - 기타,안전거리미확보,건조,맑음,단일로 - 기타,승용,여,46세,상해없음,승용,남,61세,경상
2021012700100324,2021년 1월 27일 17시,수요일,강원도 원주시 학성동,경상사고,0,0,1,0,차대차 - 측면충돌,안전거리미확보,건조,맑음,교차로 - 교차로부근,화물,남,64세,상해없음,승용,여,29세,경상
2021012700100377,2021년 1월 27일 18시,수요일,강원도 춘천시 효자동,경상사고,0,0,1,0,차대사람 - 기타,안전운전불이행,건조,맑음,단일로 - 기타,승용,남,19세,상해없음,보행자,남,22세,경상
2021012700100421,2021년 1월 27일 19시,수요일,강원도 속초시 조양동,경상사고,0,0,2,0,차대차 - 측면충돌,신호위반,건조,맑음,교차로 - 교차로안,이륜,남,54세,상해없음,승용,남,33세,경상
2021012700100422,2021년 1월 27일 19시,수요일,강원도 정선군 정선읍,경상사고,0,0,1,0,차대차 - 추돌,직진우회전진행방해,건조,맑음,교차로 - 교차로안,화물,남,40세,상해없음,승용,남,55세,경상
2021012700100462,2021년 1월 27일 20시,수요일,강원도 동해시 천곡동,중상사고,0,1,0,0,차대차 - 측면충돌,직진우회전진행방해,건조,맑음,교차로 - 교차로안,승용,남,27세,상해없음,이륜,남,26세,중상
2021012700100496,2021년 1월 27일 21시,수요일,강원도 삼척시 교동,경상사고,0,0,1,0,차대사람 - 횡단중,보행자보호의무위반,젖음/습기,맑음,교차로 - 교차로횡단보도내,승용,여,65세,상해없음,보행자,여,20세,경상
2021012700100519,2021년 1월 27일 22시,수요일,강원도 춘천시 근화동,중상사고,0,1,0,0,차대차 - 측면충돌,교차로운행방법위반,건조,맑음,교차로 - 교차로부근,승용,여,31세,상해없음,이륜,남,57세,중상
2021012700100535,2021년 1월 27일 23시,수요일,강원도 강릉시 송정동,중상사고,0,1,0,0,차량단독 - 기타,안전운전불이행,건조,맑음,교차로 - 교차로안,승용,남,48세,상해없음,,,,
2021012800100007,2021년 1월 28일 01시,목요일,강원도 속초시 교동,경상사고,0,0,1,0,차대차 - 측면충돌,안전운전불이행,건조,맑음,단일로 - 기타,승용,남,43세,상해없음,승용,남,24세,경상
2021012800100010,2021년 1월 28일 02시,목요일,강원도 평창군 대관령면,중상사고,0,1,0,0,차대차 - 추돌,기타,건조,기타,단일로 - 기타,승용,남,66세,상해없음,화물,남,41세,중상
2021012800100036,2021년 1월 28일 07시,목요일,강원도 삼척시 남양동,사망사고,1,0,0,0,차대사람 - 횡단중,보행자보호의무위반,건조,맑음,교차로 - 교차로횡단보도내,화물,남,54세,상해없음,보행자,남,82세,사망
2021012800100050,2021년 1월 28일 08시,목요일,강원도 강릉시 홍제동,경상사고,0,0,6,0,차대차 - 측면충돌,안전운전불이행,건조,맑음,교차로 - 교차로안,승용,남,36세,상해없음,승합,여,39세,경상
2021012800100165,2021년 1월 28일 11시,목요일,강원도 태백시 동점동,경상사고,0,0,1,0,차량단독 - 공작물충돌,안전운전불이행,건조,맑음,단일로 - 기타,승용,남,60세,상해없음,,,,
2021012800100189,2021년 1월 28일 12시,목요일,강원도 정선군 남면,경상사고,0,0,2,0,차대차 - 추돌,기타,기타,눈,교차로 - 교차로안,승용,남,45세,경상,승용,여,49세,경상
2021012800100254,2021년 1월 28일 14시,목요일,강원도 강릉시 유산동,중상사고,0,1,0,0,차대차 - 측면충돌,안전운전불이행,젖음/습기,눈,교차로 - 교차로부근,화물,남,61세,상해없음,승용,남,68세,상해없음
2021012800100285,2021년 1월 28일 15시,목요일,강원도 춘천시 근화동,경상사고,0,0,4,0,차대차 - 추돌,안전운전불이행,서리/결빙,맑음,교차로 - 교차로부근,승용,여,52세,상해없음,승용,여,51세,경상
2021012800100286,2021년 1월 28일 15시,목요일,강원도 춘천시 퇴계동,경상사고,0,0,1,0,차대차 - 기타,안전운전불이행,건조,맑음,단일로 - 기타,승용,남,51세,상해없음,승합,남,38세,경상
2021012800100385,2021년 1월 28일 18시,목요일,강원도 춘천시 소양로2가,경상사고,0,0,1,0,차대차 - 측면충돌,안전운전불이행,건조,맑음,교차로 - 교차로안,승용,남,37세,상해없음,승용,남,28세,경상
2021012800100467,2021년 1월 28일 20시,목요일,강원도 춘천시 퇴계동,경상사고,0,0,1,0,차대차 - 후진중충돌,안전운전불이행,건조,맑음,단일로 - 기타,승용,남,52세,상해없음,승용,남,20세,경상
2021012900100017,2021년 1월 29일 02시,금요일,강원도 강릉시 회산동,경상사고,0,0,1,0,차대차 - 기타,신호위반,건조,맑음,교차로 - 교차로안,승용,남,33세,상해없음,승용,남,62세,경상
2021012900100093,2021년 1월 29일 08시,금요일,강원도 철원군 동송읍,경상사고,0,0,1,0,차대차 - 정면충돌,신호위반,건조,맑음,교차로 - 교차로안,승용,여,37세,상해없음,승합,남,47세,경상
2021012900100130,2021년 1월 29일 09시,금요일,강원도 강릉시 교동,경상사고,0,0,1,0,차대차 - 측면충돌,신호위반,건조,맑음,교차로 - 교차로안,승용,남,54세,상해없음,화물,남,27세,경상
2021012900100228,2021년 1월 29일 12시,금요일,강원도 춘천시 후평동,경상사고,0,0,1,0,차대사람 - 기타,보행자보호의무위반,건조,맑음,기타 - 기타,화물,남,56세,상해없음,보행자,여,57세,경상
2021012900100280,2021년 1월 29일 14시,금요일,강원도 강릉시 교동,경상사고,0,0,1,0,차대사람 - 횡단중,안전운전불이행,건조,맑음,단일로 - 기타,승용,남,45세,상해없음,보행자,여,45세,경상
2021012900100341,2021년 1월 29일 16시,금요일,강원도 삼척시 갈천동,경상사고,0,0,2,0,차대차 - 정면충돌,교차로운행방법위반,건조,맑음,교차로 - 교차로안,승용,여,22세,경상,승용,여,28세,경상
2021012900100342,2021년 1월 29일 16시,금요일,강원도 태백시 화전동,경상사고,0,0,1,0,차대차 - 측면충돌,신호위반,건조,맑음,교차로 - 교차로안,화물,남,71세,상해없음,승용,남,47세,경상
2021012900100372,2021년 1월 29일 17시,금요일,강원도 원주시 단계동,경상사고,0,0,1,0,차대차 - 기타,교차로운행방법위반,건조,맑음,교차로 - 교차로안,승용,여,60세,상해없음,승용,남,54세,경상
2021012900100422,2021년 1월 29일 18시,금요일,강원도 춘천시 우두동,경상사고,0,0,1,0,차대사람 - 기타,안전운전불이행,건조,맑음,단일로 - 기타,승용,남,45세,상해없음,보행자,남,15세,경상
2021012900100423,2021년 1월 29일 18시,금요일,강원도 강릉시 옥천동,중상사고,0,1,0,0,차대사람 - 횡단중,안전운전불이행,건조,맑음,교차로 - 교차로안,승용,남,40세,상해없음,보행자,여,51세,중상
2021012900100507,2021년 1월 29일 20시,금요일,강원도 원주시 문막읍,중상사고,0,1,0,0,차대사람 - 횡단중,보행자보호의무위반,건조,맑음,교차로 - 교차로부근,승용,여,43세,상해없음,보행자,남,54세,중상
2021012900100595,2021년 1월 29일 22시,금요일,강원도 원주시 단계동,경상사고,0,0,1,0,차대차 - 추돌,직진우회전진행방해,건조,맑음,교차로 - 교차로안,승용,남,60세,상해없음,이륜,남,38세,경상
2021013000100014,2021년 1월 30일 01시,토요일,강원도 원주시 호저면,경상사고,0,0,1,0,차대차 - 기타,안전운전불이행,건조,맑음,단일로 - 기타,승용,남,42세,상해없음,화물,남,43세,경상
2021013000100111,2021년 1월 30일 11시,토요일,강원도 원주시 흥업면,경상사고,0,0,3,0,차대차 - 측면충돌,안전운전불이행,서리/결빙,눈,단일로 - 기타,승용,여,53세,상해없음,승용,남,41세,경상
2021013000100112,2021년 1월 30일 11시,토요일,강원도 평창군 대화면,중상사고,0,1,0,0,차량단독 - 공작물충돌,안전운전불이행,적설,눈,교차로 - 교차로안,승용,남,18세,중상,,,,
2021013000100113,2021년 1월 30일 11시,토요일,강원도 정선군 남면,중상사고,0,3,0,0,차대차 - 측면충돌,안전운전불이행,적설,눈,단일로 - 기타,승용,남,54세,상해없음,화물,남,67세,중상
2021013000100221,2021년 1월 30일 14시,토요일,강원도 동해시 송정동,경상사고,0,0,1,0,차대차 - 추돌,안전운전불이행,건조,맑음,단일로 - 기타,화물,남,66세,상해없음,승합,남,40세,경상
2021013000100268,2021년 1월 30일 15시,토요일,강원도 속초시 조양동,중상사고,0,1,2,0,차대차 - 기타,안전운전불이행,건조,맑음,단일로 - 지하차도(도로)내,승용,남,60세,상해없음,승용,남,60세,경상
2021013000100269,2021년 1월 30일 15시,토요일,강원도 평창군 대관령면,경상사고,0,0,2,0,차대차 - 기타,중앙선침범,적설,눈,단일로 - 기타,승용,남,33세,상해없음,승용,남,29세,경상
2021013000100305,2021년 1월 30일 16시,토요일,강원도 춘천시 석사동,경상사고,0,0,3,0,차대차 - 측면충돌,안전거리미확보,건조,맑음,교차로 - 교차로부근,승용,남,67세,상해없음,승용,여,55세,경상
2021013000100416,2021년 1월 30일 19시,토요일,강원도 춘천시 서면,경상사고,0,0,3,0,차대차 - 추돌,안전운전불이행,건조,맑음,단일로 - 기타,화물,남,47세,상해없음,승용,남,49세,경상
2021013000100456,2021년 1월 30일 20시,토요일,강원도 원주시 신림면,경상사고,0,0,1,0,차대차 - 기타,중앙선침범,기타,흐림,단일로 - 기타,승합,남,65세,상해없음,승용,남,41세,경상
2021013000100457,2021년 1월 30일 20시,토요일,강원도 원주시 호저면,중상사고,0,1,0,0,차대차 - 측면충돌,신호위반,건조,맑음,교차로 - 교차로안,화물,남,61세,상해없음,승용,남,20세,중상
2021013000100509,2021년 1월 30일 21시,토요일,강원도 강릉시 옥천동,경상사고,0,0,1,0,차대차 - 측면충돌,신호위반,건조,맑음,교차로 - 교차로안,승용,남,26세,상해없음,이륜,남,46세,경상
2021013000100510,2021년 1월 30일 21시,토요일,강원도 원주시 단계동,경상사고,0,0,1,0,차대차 - 측면충돌,직진우회전진행방해,건조,맑음,교차로 - 교차로안,승용,남,42세,상해없음,승용,남,39세,경상
2021013000100557,2021년 1월 30일 23시,토요일,강원도 강릉시 왕산면,경상사고,0,0,2,0,차대사람 - 기타,안전운전불이행,서리/결빙,맑음,단일로 - 기타,승용,남,25세,상해없음,보행자,남,20세,경상
2021013100100019,2021년 1월 31일 01시,일요일,강원도 속초시 교동,중상사고,0,1,0,0,차대차 - 추돌,안전운전불이행,젖음/습기,맑음,교차로 - 교차로부근,승용,여,42세,상해없음,승용,남,59세,중상
2021013100100040,2021년 1월 31일 07시,일요일,강원도 삼척시 하장면,중상사고,0,1,0,0,차량단독 - 전도전복 - 전도,안전운전불이행,서리/결빙,흐림,단일로 - 기타,승용,남,54세,중상,,,,
2021013100100048,2021년 1월 31일 08시,일요일,강원도 삼척시 정상동,중상사고,0,1,0,0,차대사람 - 횡단중,신호위반,건조,맑음,교차로 - 교차로부근,승용,남,44세,상해없음,보행자,여,58세,중상
2021013100100049,2021년 1월 31일 08시,일요일,강원도 양구군 양구읍,경상사고,0,0,1,0,차대차 - 측면충돌,안전운전불이행,건조,맑음,교차로 - 교차로안,화물,여,58세,상해없음,승용,남,67세,경상
2021013100100055,2021년 1월 31일 09시,일요일,강원도 춘천시 동산면,경상사고,0,0,2,0,차대차 - 측면충돌,안전운전불이행,건조,맑음,단일로 - 기타,화물,남,66세,상해없음,화물,남,63세,경상
2021013100100056,2021년 1월 31일 09시,일요일,강원도 횡성군 횡성읍,경상사고,0,0,1,1,차대차 - 측면충돌,안전운전불이행,건조,맑음,교차로 - 교차로안,승합,남,65세,기타불명,승용,남,28세,부상신고
2021013100100069,2021년 1월 31일 10시,일요일,강원도 춘천시 동면,경상사고,0,0,1,0,차대차 - 측면충돌,안전거리미확보,건조,맑음,단일로 - 기타,승용,남,67세,상해없음,승용,여,49세,경상
2021013100100090,2021년 1월 31일 11시,일요일,강원도 춘천시 남산면,경상사고,0,0,5,0,차대차 - 측면충돌,직진우회전진행방해,건조,맑음,교차로 - 교차로안,승용,남,45세,경상,화물,여,60세,경상
2021013100100091,2021년 1월 31일 11시,일요일,강원도 속초시 청호동,중상사고,0,1,0,0,차대차 - 측면충돌,안전운전불이행,건조,맑음,교차로 - 교차로부근,승용,남,53세,상해없음,자전거,남,51세,중상
2021013100100107,2021년 1월 31일 12시,일요일,강원도 동해시 묵호진동,경상사고,0,0,1,0,차대사람 - 횡단중,안전운전불이행,건조,맑음,교차로 - 교차로안,화물,남,57세,상해없음,보행자,남,81세,경상
2021013100100132,2021년 1월 31일 13시,일요일,강원도 양구군 양구읍,경상사고,0,0,1,0,차대차 - 추돌,안전운전불이행,건조,맑음,교차로 - 교차로안,승용,남,43세,상해없음,승용,남,47세,경상
2021013100100156,2021년 1월 31일 14시,일요일,강원도 강릉시 송정동,경상사고,0,0,1,0,차대사람 - 횡단중,보행자보호의무위반,건조,맑음,단일로 - 기타,승용,여,61세,상해없음,보행자,여,65세,경상
2021013100100183,2021년 1월 31일 15시,일요일,강원도 동해시 평릉동,중상사고,0,1,0,0,차대사람 - 횡단중,보행자보호의무위반,건조,맑음,단일로 - 기타,승용,남,62세,상해없음,보행자,여,76세,중상
2021013100100352,2021년 1월 31일 21시,일요일,강원도 동해시 발한동,경상사고,0,0,3,0,차대차 - 추돌,안전운전불이행,건조,맑음,단일로 - 기타,승용,여,45세,상해없음,승용,여,21세,경상
2021020100100003,2021년 2월 1일 00시,월요일,강원도 태백시 황지동,경상사고,0,0,1,0,차량단독 - 공작물충돌,안전운전불이행,건조,맑음,교차로 - 교차로부근,승용,남,20세,상해없음,,,,
2021020100100030,2021년 2월 1일 06시,월요일,강원도 강릉시 포남동,중상사고,0,1,0,0,차대사람 - 기타,안전운전불이행,건조,맑음,단일로 - 기타,승용,여,56세,상해없음,보행자,여,65세,중상
2021020100100052,2021년 2월 1일 07시,월요일,강원도 삼척시 미로면,경상사고,0,0,1,0,차량단독 - 전도전복 - 전복,안전운전불이행,서리/결빙,맑음,단일로 - 기타,승용,여,53세,경상,,,,
2021020100100107,2021년 2월 1일 09시,월요일,강원도 평창군 미탄면,중상사고,0,1,1,0,차량단독 - 공작물충돌,기타,젖음/습기,비,단일로 - 기타,승용,남,38세,경상,,,,
2021020100100170,2021년 2월 1일 12시,월요일,강원도 강릉시 포남동,중상사고,0,1,0,0,차대사람 - 횡단중,보행자보호의무위반,건조,맑음,교차로 - 교차로횡단보도내,승용,남,73세,상해없음,보행자,남,85세,중상
2021020100100220,2021년 2월 1일 14시,월요일,강원도 양양군 강현면,중상사고,0,2,0,0,차대차 - 추돌,안전운전불이행,건조,맑음,단일로 - 고가도로위,승용,남,64세,상해없음,승용,남,59세,중상
2021020100100221,2021년 2월 1일 14시,월요일,강원도 태백시 황지동,경상사고,0,0,1,0,차대사람 - 횡단중,보행자보호의무위반,건조,맑음,교차로 - 교차로횡단보도내,화물,남,56세,상해없음,보행자,여,69세,경상
2021020100100272,2021년 2월 1일 16시,월요일,강원도 강릉시 포남동,경상사고,0,0,2,0,차대차 - 측면충돌,안전운전불이행,건조,맑음,단일로 - 기타,승용,남,74세,상해없음,승용,여,46세,상해없음
2021020100100297,2021년 2월 1일 17시,월요일,강원도 강릉시 교동,중상사고,0,2,0,0,차대차 - 측면충돌,안전운전불이행,건조,맑음,교차로 - 교차로안,승용,남,39세,상해없음,승용,여,60세,중상
2021020100100298,2021년 2월 1일 17시,월요일,강원도 동해시 용정동,경상사고,0,0,1,0,차대차 - 측면충돌,안전운전불이행,건조,맑음,기타 - 기타,승용,남,27세,상해없음,승용,남,65세,경상
2021020100100343,2021년 2월 1일 18시,월요일,강원도 원주시 문막읍,경상사고,0,0,1,0,차대차 - 추돌,안전운전불이행,건조,맑음,단일로 - 교량,승용,여,34세,상해없음,승용,남,52세,상해없음
2021020100100344,2021년 2월 1일 18시,월요일,강원도 양양군 현북면,중상사고,0,1,1,0,차대차 - 정면충돌,중앙선침범,건조,맑음,단일로 - 기타,자전거,남,51세,중상,승용,여,33세,경상
2021020100100396,2021년 2월 1일 19시,월요일,강원도 원주시 단계동,경상사고,0,0,1,0,차대차 - 측면충돌,불법유턴,건조,맑음,교차로 - 교차로부근,승용,여,30세,상해없음,승용,남,44세,경상
2021020100100437,2021년 2월 1일 20시,월요일,강원도 원주시 단구동,경상사고,0,0,1,0,차대차 - 기타,안전운전불이행,건조,맑음,교차로 - 교차로안,승용,남,23세,상해없음,이륜,남,24세,경상
2021020100100469,2021년 2월 1일 21시,월요일,강원도 속초시 교동,경상사고,0,0,2,0,차대차 - 측면충돌,안전운전불이행,건조,맑음,교차로 - 교차로안,승용,남,60세,상해없음,승용,남,40세,경상
2021020200100061,2021년 2월 2일 08시,화요일,강원도 인제군 북면,경상사고,0,0,1,0,차대차 - 정면충돌,안전운전불이행,건조,맑음,교차로 - 교차로횡단보도내,화물,남,58세,상해없음,승용,여,36세,경상
2021020200100140,2021년 2월 2일 11시,화요일,강원도 태백시 장성동,경상사고,0,0,1,0,차대차 - 측면충돌,신호위반,건조,맑음,교차로 - 교차로안,승용,여,64세,상해없음,승용,여,59세,경상
2021020200100174,2021년 2월 2일 12시,화요일,강원도 원주시 단구동,경상사고,0,0,5,0,차대차 - 측면충돌,안전운전불이행,건조,맑음,교차로 - 교차로안,승합,남,26세,경상,승용,남,68세,경상
2021020200100222,2021년 2월 2일 14시,화요일,강원도 춘천시 우두동,경상사고,0,0,2,0,차대차 - 측면충돌,교차로운행방법위반,건조,맑음,교차로 - 교차로안,승용,남,50세,상해없음,승용,여,40세,경상
2021020200100223,2021년 2월 2일 14시,화요일,강원도 원주시 봉산동,경상사고,0,0,1,0,차대차 - 측면충돌,중앙선침범,건조,맑음,교차로 - 교차로안,승합,남,67세,상해없음,승용,여,39세,경상
2021020200100224,2021년 2월 2일 14시,화요일,강원도 삼척시 원덕읍,경상사고,0,0,1,0,차대사람 - 길가장자리구역통행중,안전운전불이행,건조,맑음,단일로 - 지하차도(도로)내,승용,여,67세,상해없음,보행자,여,59세,경상
2021020200100265,2021년 2월 2일 15시,화요일,강원도 강릉시 포남동,경상사고,0,0,2,0,차대차 - 추돌,안전운전불이행,건조,맑음,기타 - 기타,승용,남,37세,상해없음,승용,남,68세,경상
2021020200100323,2021년 2월 2일 17시,화요일,강원도 속초시 동명동,경상사고,0,0,1,0,차대차 - 측면충돌,직진우회전진행방해,건조,맑음,교차로 - 교차로안,승용,남,65세,상해없음,승용,남,71세,경상
2021020200100364,2021년 2월 2일 18시,화요일,강원도 원주시 단계동,경상사고,0,0,2,0,차대차 - 측면충돌,안전거리미확보,건조,흐림,교차로 - 교차로안,승용,남,66세,상해없음,승용,남,28세,경상
2021020200100391,2021년 2월 2일 19시,화요일,강원도 춘천시 퇴계동,부상신고사고,0,0,0,1,차대차 - 측면충돌,안전운전불이행,건조,맑음,단일로 - 기타,이륜,남,39세,상해없음,승용,남,48세,부상신고
2021020200100392,2021년 2월 2일 19시,화요일,강원도 원주시 봉산동,경상사고,0,0,1,0,차대사람 - 기타,안전운전불이행,건조,맑음,교차로 - 교차로부근,화물,남,40세,상해없음,보행자,남,62세,경상
2021020200100393,2021년 2월 2일 19시,화요일,강원도 원주시 문막읍,경상사고,0,0,2,0,차대사람 - 횡단중,안전운전불이행,건조,맑음,단일로 - 기타,승용,남,56세,상해없음,보행자,남,37세,경상
2021020200100394,2021년 2월 2일 19시,화요일,강원도 원주시 무실동,중상사고,0,1,0,0,차대차 - 측면충돌,안전운전불이행,건조,맑음,교차로 - 교차로안,승용,남,53세,상해없음,승용,남,29세,중상
2021020200100428,2021년 2월 2일 20시,화요일,강원도 춘천시 효자동,중상사고,0,1,1,0,차대차 - 측면충돌,신호위반,건조,맑음,교차로 - 교차로안,이륜,남,27세,중상,승용,남,53세,경상
2021020200100495,2021년 2월 2일 22시,화요일,강원도 원주시 명륜동,경상사고,0,0,1,0,차대차 - 측면충돌,안전거리미확보,건조,맑음,교차로 - 교차로안,승용,남,53세,상해없음,승용,여,25세,경상
2021020300100005,2021년 2월 3일 02시,수요일,강원도 원주시 호저면,부상신고사고,0,0,0,2,차대차 - 추돌,직진우회전진행방해,젖음/습기,맑음,교차로 - 교차로안,승용,남,43세,부상신고,화물,남,32세,부상신고
2021020300100061,2021년 2월 3일 08시,수요일,강원도 홍천군 북방면,경상사고,0,0,1,0,차대차 - 측면충돌,직진우회전진행방해,건조,맑음,교차로 - 교차로안,승용,남,52세,상해없음,승용,남,64세,경상
2021020300100062,2021년 2월 3일 08시,수요일,강원도 태백시 철암동,경상사고,0,0,1,0,차량단독 - 기타,안전운전불이행,건조,맑음,단일로 - 기타,승합,남,58세,상해없음,,,,
2021020300100088,2021년 2월 3일 09시,수요일,강원도 원주시 원동,경상사고,0,0,3,0,차대차 - 추돌,안전운전불이행,건조,맑음,단일로 - 기타,승용,남,81세,경상,승용,여,35세,경상
2021020300100089,2021년 2월 3일 09시,수요일,강원도 홍천군 화촌면,중상사고,0,1,1,0,차량단독 - 도로외이탈 - 추락,안전운전불이행,건조,맑음,단일로 - 기타,승용,남,81세,경상,,,,
2021020300100146,2021년 2월 3일 11시,수요일,강원도 원주시 무실동,중상사고,0,1,0,0,차대차 - 측면충돌,교차로운행방법위반,건조,맑음,교차로 - 교차로안,승용,여,43세,상해없음,승용,남,64세,중상
2021020300100169,2021년 2월 3일 12시,수요일,강원도 태백시 문곡동,경상사고,0,0,2,0,차대차 - 측면충돌,교차로운행방법위반,건조,맑음,교차로 - 교차로안,승용,남,68세,상해없음,승용,여,22세,경상
2021020300100203,2021년 2월 3일 13시,수요일,강원도 원주시 관설동,경상사고,0,0,1,0,차대사람 - 기타,안전운전불이행,건조,맑음,단일로 - 기타,승합,남,64세,상해없음,보행자,여,22세,경상
2021020300100204,2021년 2월 3일 13시,수요일,강원도 원주시 봉산동,경상사고,0,0,1,0,차대차 - 측면충돌,교차로운행방법위반,건조,맑음,교차로 - 교차로안,화물,남,32세,상해없음,승용,여,40세,경상
2021020300100268,2021년 2월 3일 15시,수요일,강원도 속초시 교동,경상사고,0,0,1,0,차대차 - 측면충돌,교차로운행방법위반,건조,맑음,교차로 - 교차로안,승용,남,62세,상해없음,이륜,남,32세,경상
2021020300100312,2021년 2월 3일 16시,수요일,강원도 춘천시 동내면,경상사고,0,0,1,0,차대차 - 측면충돌,안전거리미확보,건조,맑음,단일로 - 기타,승용,남,25세,상해없음,승용,여,61세,경상
2021020300100313,2021년 2월 3일 16시,수요일,강원도 원주시 명륜동,경상사고,0,0,1,0,차대차 - 추돌,안전운전불이행,건조,맑음,기타 - 기타,화물,남,31세,상해없음,승용,남,65세,경상
2021020300100314,2021년 2월 3일 16시,수요일,강원도 원주시 행구동,경상사고,0,0,3,0,차대차 - 기타,안전운전불이행,건조,맑음,교차로 - 교차로안,승용,여,59세,경상,승용,여,53세,상해없음