사고번호,사고일시,요일,시군구,사고내용,사망자수,중상자수,경상자수,부상신고자수,사고유형,법규위반,노면상태,기상상태,도로형태,가해운전자 차종,가해운전자 성별,가해운전자 연령,가해운전자 상해정도,피해운전자 차종,피해운전자 성별,피해운전자 연령,피해운전자 상해정도
2021021200100134,2021년 2월 12일 15시,금요일,강원도 속초시 대포동,중상사고,0,1,0,0,차대차 - 측면충돌,안전거리미확보,건조,맑음,단일로 - 기타,승용,남,56세,상해없음,이륜,여,42세,중상
2021021200100155,2021년 2월 12일 16시,금요일,강원도 고성군 현내면,경상사고,0,0,1,0,차대차 - 측면충돌,신호위반,건조,맑음,교차로 - 교차로안,승용,남,59세,상해없음,승용,남,42세,경상
2021021200100174,2021년 2월 12일 17시,금요일,강원도 속초시 조양동,중상사고,0,2,3,0,차대차 - 추돌,안전운전불이행,건조,맑음,교차로 - 교차로부근,승용,남,28세,상해없음,승용,남,18세,중상
2021021200100230,2021년 2월 12일 20시,금요일,강원도 춘천시 신북읍,경상사고,0,0,1,0,차대차 - 정면충돌,중앙선침범,건조,맑음,단일로 - 기타,승용,여,51세,상해없음,승용,남,53세,경상
2021021200100250,2021년 2월 12일 21시,금요일,강원도 양양군 강현면,중상사고,0,1,0,0,차대사람 - 횡단중,안전운전불이행,건조,맑음,단일로 - 기타,승용,남,57세,상해없음,보행자,여,57세,중상
2021021200100251,2021년 2월 12일 21시,금요일,강원도 속초시 교동,중상사고,0,2,0,0,차대사람 - 횡단중,안전운전불이행,건조,맑음,교차로 - 교차로부근,승용,남,25세,상해없음,보행자,남,21세,중상
2021021300100045,2021년 2월 13일 10시,토요일,강원도 속초시 조양동,경상사고,0,0,1,0,차대차 - 측면충돌,교차로운행방법위반,건조,맑음,교차로 - 교차로안,승용,남,46세,상해없음,승용,남,62세,경상
2021021300100060,2021년 2월 13일 11시,토요일,강원도 삼척시 근덕면,사망사고,1,0,0,0,차량단독 - 전도전복 - 전도,안전운전불이행,건조,맑음,단일로 - 기타,이륜,남,53세,상해없음,,,,
2021021300100135,2021년 2월 13일 14시,토요일,강원도 춘천시 서면,경상사고,0,0,3,0,차대차 - 측면충돌,안전거리미확보,건조,맑음,단일로 - 기타,승용,여,58세,상해없음,승용,남,49세,경상
2021021300100136,2021년 2월 13일 14시,토요일,강원도 평창군 진부면,경상사고,0,0,1,0,차대사람 - 보도통행중,안전운전불이행,건조,맑음,교차로 - 교차로안,승용,남,63세,상해없음,보행자,여,56세,경상
2021021300100137,2021년 2월 13일 14시,토요일,강원도 평창군 봉평면,중상사고,0,1,11,1,차대차 - 추돌,안전거리미확보,건조,맑음,단일로 - 터널,승용,남,78세,상해없음,승용,남,36세,부상신고
2021021300100159,2021년 2월 13일 15시,토요일,강원도 춘천시 후평동,경상사고,0,0,1,0,차대차 - 추돌,안전거리미확보,건조,맑음,단일로 - 기타,화물,남,53세,상해없음,승용,남,53세,경상
2021021300100160,2021년 2월 13일 15시,토요일,강원도 삼척시 오분동,경상사고,0,0,3,0,차대차 - 추돌,안전운전불이행,건조,맑음,단일로 - 기타,승용,남,59세,상해없음,승용,남,72세,경상
2021021300100161,2021년 2월 13일 15시,토요일,강원도 철원군 동송읍,중상사고,0,1,0,0,차량단독 - 전도전복 - 전도,안전운전불이행,건조,맑음,단일로 - 기타,개인형이동수단(PM),남,68세,중상,,,,
2021021300100162,2021년 2월 13일 15시,토요일,강원도 양양군 서면,경상사고,0,0,4,0,차대차 - 기타,기타,건조,맑음,기타 - 기타,승용,남,49세,상해없음,승용,남,55세,경상
2021021300100221,2021년 2월 13일 17시,토요일,강원도 정선군 고한읍,경상사고,0,0,1,0,차대차 - 후진중충돌,안전운전불이행,건조,맑음,단일로 - 기타,승용,남,67세,상해없음,승용,남,36세,경상
2021021300100249,2021년 2월 13일 18시,토요일,강원도 강릉시 교동,중상사고,0,1,0,0,차대사람 - 횡단중,보행자보호의무위반,건조,맑음,교차로 - 교차로안,승용,남,67세,상해없음,보행자,여,82세,중상
2021021300100312,2021년 2월 13일 20시,토요일,강원도 속초시 조양동,중상사고,0,1,1,0,차대차 - 측면충돌,신호위반,건조,맑음,교차로 - 교차로안,승용,남,44세,경상,이륜,남,41세,중상
2021021300100366,2021년 2월 13일 22시,토요일,강원도 춘천시 퇴계동,경상사고,0,0,1,0,차대사람 - 길가장자리구역통행중,안전운전불이행,건조,맑음,단일로 - 기타,승용,여,43세,상해없음,보행자,여,34세,경상
2021021300100403,2021년 2월 13일 23시,토요일,강원도 강릉시 교동,경상사고,0,0,3,0,차대차 - 측면충돌,안전운전불이행,건조,맑음,교차로 - 교차로안,승용,남,37세,기타불명,승용,남,41세,경상
2021021300100404,2021년 2월 13일 23시,토요일,강원도 강릉시 안현동,경상사고,0,0,1,0,차대차 - 추돌,안전운전불이행,건조,맑음,주차장 - 주차장,승용,남,28세,상해없음,승용,여,34세,경상
2021021300100405,2021년 2월 13일 23시,토요일,강원도 원주시 우산동,중상사고,0,1,0,0,차대사람 - 기타,안전운전불이행,건조,맑음,단일로 - 기타,승용,남,24세,상해없음,보행자,남,71세,중상
2021021400100002,2021년 2월 14일 00시,일요일,강원도 원주시 단계동,경상사고,0,0,2,0,차대차 - 기타,안전운전불이행,건조,맑음,단일로 - 기타,승용,남,54세,상해없음,승용,남,27세,경상
2021021400100065,2021년 2월 14일 12시,일요일,강원도 강릉시 옥천동,경상사고,0,0,2,0,차대차 - 측면충돌,안전운전불이행,건조,맑음,교차로 - 교차로안,승용,여,37세,상해없음,승용,남,49세,경상
2021021400100089,2021년 2월 14일 13시,일요일,강원도 철원군 서면,중상사고,0,1,0,0,차대차 - 측면충돌,안전운전불이행,건조,맑음,교차로 - 교차로부근,승용,여,56세,상해없음,자전거,남,77세,중상
2021021400100107,2021년 2월 14일 14시,일요일,강원도 원주시 무실동,경상사고,0,0,1,0,차대차 - 추돌,안전운전불이행,건조,맑음,단일로 - 기타,승용,남,42세,상해없음,화물,남,42세,경상
2021021400100126,2021년 2월 14일 15시,일요일,강원도 춘천시 근화동,경상사고,0,0,1,0,차대사람 - 기타,안전운전불이행,건조,맑음,기타 - 기타,승용,남,75세,상해없음,보행자,남,44세,경상
2021021400100127,2021년 2월 14일 15시,일요일,강원도 원주시 인동,경상사고,0,0,2,1,차대차 - 추돌,안전운전불이행,건조,맑음,교차로 - 교차로안,승용,남,65세,부상신고,승용,남,28세,경상
2021021400100142,2021년 2월 14일 16시,일요일,강원도 홍천군 홍천읍,중상사고,0,2,0,0,차대차 - 측면충돌,직진우회전진행방해,건조,맑음,교차로 - 교차로안,화물,남,64세,상해없음,승용,남,81세,중상
2021021400100257,2021년 2월 14일 20시,일요일,강원도 춘천시 퇴계동,경상사고,0,0,1,0,차대차 - 추돌,안전운전불이행,건조,맑음,교차로 - 교차로부근,승합,남,57세,상해없음,승합,남,27세,경상
2021021500100025,2021년 2월 15일 06시,월요일,강원도 원주시 태장동,중상사고,0,1,0,0,차대차 - 추돌,안전운전불이행,건조,맑음,교차로 - 교차로부근,승용,여,50세,상해없음,승용,남,49세,중상
2021021500100026,2021년 2월 15일 06시,월요일,강원도 홍천군 홍천읍,경상사고,0,0,1,0,차대차 - 측면충돌,직진우회전진행방해,젖음/습기,비,교차로 - 교차로안,승용,남,33세,상해없음,승용,남,43세,경상
2021021500100099,2021년 2월 15일 10시,월요일,강원도 춘천시 근화동,경상사고,0,0,1,0,차대차 - 측면충돌,안전거리미확보,건조,맑음,교차로 - 교차로안,화물,남,76세,상해없음,승용,여,43세,경상
2021021500100123,2021년 2월 15일 11시,월요일,강원도 양양군 양양읍,중상사고,0,1,0,0,차대사람 - 횡단중,안전운전불이행,건조,맑음,교차로 - 교차로안,승용,남,52세,상해없음,보행자,남,85세,중상
2021021500100147,2021년 2월 15일 12시,월요일,강원도 원주시 행구동,경상사고,0,0,1,0,차대차 - 측면충돌,직진우회전진행방해,젖음/습기,맑음,교차로 - 교차로안,승용,여,34세,상해없음,승용,남,32세,경상
2021021500100202,2021년 2월 15일 14시,월요일,강원도 강릉시 옥천동,사망사고,1,0,0,0,차대사람 - 횡단중,보행자보호의무위반,건조,맑음,단일로 - 기타,화물,남,42세,상해없음,보행자,여,65세,사망
2021021500100273,2021년 2월 15일 16시,월요일,강원도 원주시 중앙동,경상사고,0,0,1,0,차대차 - 기타,안전운전불이행,건조,맑음,교차로 - 교차로안,승용,여,52세,상해없음,승합,남,47세,상해없음
2021021500100307,2021년 2월 15일 17시,월요일,강원도 원주시 태장동,경상사고,0,0,1,0,차대차 - 기타,교차로운행방법위반,건조,맑음,교차로 - 교차로부근,승용,여,58세,상해없음,승용,여,44세,경상
2021021500100341,2021년 2월 15일 18시,월요일,강원도 춘천시 효자동,경상사고,0,0,1,0,차대사람 - 기타,안전운전불이행,건조,맑음,단일로 - 기타,승합,남,61세,상해없음,보행자,여,21세,경상
2021021500100342,2021년 2월 15일 18시,월요일,강원도 원주시 명륜동,경상사고,0,0,1,1,차대차 - 측면충돌,안전운전불이행,건조,맑음,단일로 - 기타,승용,남,63세,상해없음,승용,남,56세,부상신고
2021021600100003,2021년 2월 16일 00시,화요일,강원도 강릉시 홍제동,경상사고,0,0,1,0,차대차 - 정면충돌,중앙선침범,건조,맑음,단일로 - 기타,승용,남,52세,상해없음,승용,남,27세,경상
2021021600100097,2021년 2월 16일 09시,화요일,강원도 강릉시 노암동,중상사고,0,1,0,0,차대사람 - 횡단중,안전운전불이행,건조,맑음,교차로 - 교차로부근,승용,여,52세,상해없음,보행자,여,60세,중상
2021021600100139,2021년 2월 16일 11시,화요일,강원도 춘천시 효자동,경상사고,0,0,2,0,차대차 - 기타,안전운전불이행,건조,맑음,단일로 - 기타,승용,남,69세,상해없음,승용,남,61세,경상
2021021600100140,2021년 2월 16일 11시,화요일,강원도 양구군 양구읍,경상사고,0,0,1,0,차대차 - 측면충돌,신호위반,건조,맑음,교차로 - 교차로안,승용,여,45세,상해없음,승합,남,44세,경상
2021021600100201,2021년 2월 16일 13시,화요일,강원도 춘천시 우두동,경상사고,0,0,1,0,차대차 - 측면충돌,직진우회전진행방해,건조,맑음,교차로 - 교차로안,승용,남,80세,상해없음,승용,남,42세,경상
2021021600100202,2021년 2월 16일 13시,화요일,강원도 양양군 강현면,중상사고,0,2,0,0,차대차 - 추돌,안전거리미확보,건조,맑음,단일로 - 기타,건설기계,남,49세,상해없음,승용,여,24세,중상
2021021600100279,2021년 2월 16일 15시,화요일,강원도 강릉시 교동,경상사고,0,0,1,0,차대차 - 기타,교차로운행방법위반,건조,맑음,교차로 - 교차로부근,이륜,남,25세,경상,승합,남,59세,기타불명
2021021600100280,2021년 2월 16일 15시,화요일,강원도 원주시 무실동,중상사고,0,1,1,0,차대차 - 추돌,기타,적설,눈,교차로 - 교차로안,승용,여,34세,경상,승합,남,38세,중상
2021021600100281,2021년 2월 16일 15시,화요일,강원도 원주시 반곡동,경상사고,0,0,2,0,차대차 - 정면충돌,안전운전불이행,서리/결빙,눈,단일로 - 기타,승용,남,28세,상해없음,승용,남,48세,경상
2021021600100362,2021년 2월 16일 17시,화요일,강원도 춘천시 근화동,경상사고,0,0,1,0,차대차 - 측면충돌,신호위반,건조,맑음,교차로 - 교차로안,승용,여,43세,상해없음,승용,여,65세,경상
2021021600100404,2021년 2월 16일 18시,화요일,강원도 원주시 단계동,경상사고,0,0,1,0,차대사람 - 횡단중,보행자보호의무위반,건조,맑음,교차로 - 교차로횡단보도내,승용,남,31세,상해없음,보행자,여,29세,경상
2021021600100405,2021년 2월 16일 18시,화요일,강원도 동해시 송정동,중상사고,0,1,0,0,차대차 - 측면충돌,신호위반,건조,맑음,교차로 - 교차로안,승용,여,53세,기타불명,승용,남,68세,중상
2021021600100436,2021년 2월 16일 19시,화요일,강원도 춘천시 후평동,경상사고,0,0,2,0,차대차 - 측면충돌,안전운전불이행,건조,맑음,교차로 - 교차로부근,승용,남,67세,상해없음,승용,여,32세,경상
2021021600100437,2021년 2월 16일 19시,화요일,강원도 원주시 반곡동,경상사고,0,0,1,0,차대차 - 기타,안전운전불이행,젖음/습기,흐림,교차로 - 교차로부근,승합,남,63세,상해없음,이륜,남,24세,경상
2021021600100463,2021년 2월 16일 20시,화요일,강원도 철원군 동송읍,경상사고,0,0,1,0,차대차 - 측면충돌,안전운전불이행,건조,맑음,교차로 - 교차로안,승용,남,27세,상해없음,승용,남,23세,경상
2021021700100023,2021년 2월 17일 03시,수요일,강원도 원주시 단계동,중상사고,0,1,0,0,차대차 - 측면충돌,중앙선침범,건조,흐림,기타 - 기타,화물,남,25세,상해없음,승용,남,68세,중상
2021021700100046,2021년 2월 17일 07시,수요일,강원도 강릉시 노암동,경상사고,0,0,1,0,차대차 - 측면충돌,신호위반,건조,맑음,교차로 - 교차로안,승용,여,60세,상해없음,승용,남,24세,경상
2021021700100075,2021년 2월 17일 08시,수요일,강원도 춘천시 우두동,경상사고,0,0,1,0,차대차 - 측면충돌,교차로운행방법위반,건조,맑음,교차로 - 교차로안,승용,여,55세,상해없음,승용,여,27세,경상
2021021700100112,2021년 2월 17일 09시,수요일,강원도 평창군 봉평면,중상사고,0,1,0,0,차대차 - 측면충돌,안전운전불이행,젖음/습기,맑음,단일로 - 기타,자전거,남,87세,중상,화물,남,54세,상해없음
2021021700100152,2021년 2월 17일 10시,수요일,강원도 원주시 무실동,중상사고,0,1,3,0,차대차 - 측면충돌,신호위반,건조,맑음,교차로 - 교차로안,승용,여,54세,경상,승용,남,38세,경상
2021021700100200,2021년 2월 17일 12시,수요일,강원도 원주시 지정면,경상사고,0,0,1,0,차대차 - 측면충돌,교차로운행방법위반,건조,맑음,교차로 - 교차로안,화물,남,59세,상해없음,승용,남,50세,경상
2021021700100232,2021년 2월 17일 13시,수요일,강원도 춘천시 효자동,경상사고,0,0,1,0,차대사람 - 기타,안전운전불이행,건조,맑음,단일로 - 기타,기타불명,기타불명,미분류,기타불명,보행자,남,58세,경상
2021021700100233,2021년 2월 17일 13시,수요일,강원도 춘천시 퇴계동,경상사고,0,0,1,0,차대차 - 측면충돌,차로위반,건조,맑음,단일로 - 기타,건설기계,남,36세,상해없음,승용,남,61세,경상
2021021700100234,2021년 2월 17일 13시,수요일,강원도 원주시 명륜동,중상사고,0,1,3,0,차대차 - 측면충돌,안전거리미확보,건조,맑음,단일로 - 기타,승용,여,47세,중상,특수,남,29세,경상
2021021700100255,2021년 2월 17일 14시,수요일,강원도 춘천시 효자동,경상사고,0,0,1,0,차대차 - 기타,안전거리미확보,건조,맑음,단일로 - 기타,화물,남,48세,상해없음,승용,여,44세,경상
2021021700100256,2021년 2월 17일 14시,수요일,강원도 강릉시 홍제동,경상사고,0,0,1,0,차대차 - 후진중충돌,안전운전불이행,건조,맑음,주차장 - 주차장,화물,남,50세,상해없음,승용,여,67세,경상
2021021700100363,2021년 2월 17일 17시,수요일,강원도 횡성군 둔내면,경상사고,0,0,1,0,차대차 - 측면충돌,교차로운행방법위반,건조,맑음,교차로 - 교차로안,화물,남,59세,상해없음,승용,여,44세,경상
2021021700100403,2021년 2월 17일 18시,수요일,강원도 동해시 발한동,경상사고,0,0,2,0,차대차 - 측면충돌,중앙선침범,건조,맑음,단일로 - 기타,승용,여,60세,상해없음,승용,남,39세,경상
2021021700100465,2021년 2월 17일 19시,수요일,강원도 춘천시 효자동,부상신고사고,0,0,0,1,차대차 - 측면충돌,안전운전불이행,건조,맑음,교차로 - 교차로안,승용,여,62세,상해없음,이륜,남,29세,부상신고
2021021800100023,2021년 2월 18일 04시,목요일,강원도 춘천시 후평동,사망사고,2,3,0,0,차량단독 - 공작물충돌,기타,건조,흐림,교차로 - 교차로부근,승용,남,20세,사망,,,,
2021021800100095,2021년 2월 18일 09시,목요일,강원도 원주시 봉산동,경상사고,0,0,3,0,차대차 - 기타,신호위반,건조,맑음,교차로 - 교차로부근,승용,여,56세,경상,승용,여,30세,경상
2021021800100096,2021년 2월 18일 09시,목요일,강원도 영월군 산솔면,중상사고,0,1,0,0,차대차 - 측면충돌,교차로운행방법위반,건조,맑음,교차로 - 교차로안,건설기계,남,48세,상해없음,화물,남,78세,중상
2021021800100116,2021년 2월 18일 10시,목요일,강원도 원주시 반곡동,경상사고,0,0,1,0,차대차 - 측면충돌,교차로운행방법위반,건조,맑음,교차로 - 교차로부근,승용,남,59세,상해없음,이륜,남,37세,경상
2021021800100117,2021년 2월 18일 10시,목요일,강원도 원주시 단계동,경상사고,0,0,3,0,차대차 - 기타,안전운전불이행,건조,맑음,교차로 - 교차로부근,승용,남,54세,경상,승용,남,50세,경상
2021021800100118,2021년 2월 18일 10시,목요일,강원도 정선군 정선읍,경상사고,0,0,3,0,차대차 - 측면충돌,안전운전불이행,건조,맑음,단일로 - 기타,화물,남,44세,경상,화물,남,47세,경상
2021021800100245,2021년 2월 18일 14시,목요일,강원도 원주시 일산동,중상사고,0,1,0,0,차대사람 - 길가장자리구역통행중,안전운전불이행,건조,맑음,단일로 - 기타,승용,여,24세,상해없음,보행자,여,45세,중상
2021021800100246,2021년 2월 18일 14시,목요일,강원도 양양군 양양읍,경상사고,0,0,1,0,차대차 - 측면충돌,기타,건조,맑음,단일로 - 기타,화물,남,77세,상해없음,화물,남,54세,경상
2021021800100281,2021년 2월 18일 15시,목요일,강원도 원주시 흥업면,경상사고,0,0,1,0,차대차 - 측면충돌,신호위반,건조,맑음,교차로 - 교차로안,승용,남,58세,상해없음,승용,여,41세,경상
2021021800100282,2021년 2월 18일 15시,목요일,강원도 원주시 호저면,경상사고,0,0,3,0,차대차 - 측면충돌,안전운전불이행,건조,맑음,기타 - 기타,승용,남,49세,경상,승용,남,58세,경상
2021021800100321,2021년 2월 18일 16시,목요일,강원도 원주시 단계동,경상사고,0,0,1,1,차대차 - 추돌,직진우회전진행방해,건조,맑음,교차로 - 교차로안,승용,여,32세,부상신고,승용,여,45세,경상
2021021800100322,2021년 2월 18일 16시,목요일,강원도 원주시 태장동,중상사고,0,1,0,0,차대사람 - 횡단중,안전운전불이행,건조,맑음,단일로 - 기타,승용,남,61세,상해없음,보행자,여,54세,중상
2021021800100355,2021년 2월 18일 17시,목요일,강원도 원주시 지정면,경상사고,0,0,3,0,차대차 - 측면충돌,직진우회전진행방해,건조,맑음,교차로 - 교차로안,승용,여,50세,상해없음,승합,남,19세,경상
2021021800100356,2021년 2월 18일 17시,목요일,강원도 속초시 동명동,경상사고,0,0,1,0,차대차 - 추돌,안전운전불이행,건조,흐림,교차로 - 교차로안,승용,남,76세,상해없음,이륜,남,39세,경상
2021021800100357,2021년 2월 18일 17시,목요일,강원도 동해시 천곡동,경상사고,0,0,1,1,차량단독 - 도로외이탈 - 기타,안전운전불이행,건조,맑음,단일로 - 기타,승용,여,26세,상해없음,,,,
2021021800100402,2021년 2월 18일 18시,목요일,강원도 원주시 문막읍,경상사고,0,0,1,0,차대차 - 기타,직진우회전진행방해,건조,맑음,교차로 - 교차로안,이륜,남,42세,경상,승용,남,61세,상해없음
2021021800100521,2021년 2월 18일 22시,목요일,강원도 원주시 단구동,경상사고,0,0,1,0,차대차 - 후진중충돌,안전운전불이행,건조,맑음,교차로 - 교차로안,승용,남,55세,상해없음,승용,여,21세,경상
2021021800100545,2021년 2월 18일 23시,목요일,강원도 인제군 북면,사망사고,1,1,0,0,차대차 - 추돌,기타,건조,맑음,교차로 - 교차로부근,화물,남,55세,사망,화물,남,52세,중상
2021021900100031,2021년 2월 19일 06시,금요일,강원도 원주시 지정면,중상사고,0,1,0,1,차대차 - 추돌,안전운전불이행,건조,맑음,단일로 - 기타,화물,남,79세,부상신고,건설기계,남,44세,상해없음
2021021900100046,2021년 2월 19일 07시,금요일,강원도 속초시 청호동,사망사고,1,0,0,0,차량단독 - 공작물충돌,안전운전불이행,건조,맑음,단일로 - 기타,이륜,남,68세,사망,,,,
2021021900100047,2021년 2월 19일 07시,금요일,강원도 동해시 지흥동,경상사고,0,0,1,0,차대차 - 측면충돌,교차로운행방법위반,건조,맑음,교차로 - 교차로안,승용,남,50세,상해없음,승용,여,49세,경상
2021021900100112,2021년 2월 19일 09시,금요일,강원도 원주시 단구동,경상사고,0,0,1,0,차대차 - 추돌,안전거리미확보,건조,맑음,단일로 - 기타,승용,남,22세,상해없음,승용,여,32세,경상
2021021900100149,2021년 2월 19일 10시,금요일,강원도 강릉시 금학동,경상사고,0,0,1,0,차대사람 - 기타,안전운전불이행,건조,맑음,단일로 - 기타,승용,여,34세,상해없음,보행자,남,76세,경상
2021021900100150,2021년 2월 19일 10시,금요일,강원도 동해시 부곡동,경상사고,0,0,2,0,차대차 - 추돌,안전거리미확보,건조,맑음,교차로 - 교차로부근,건설기계,남,58세,상해없음,승용,남,31세,경상
2021021900100227,2021년 2월 19일 12시,금요일,강원도 춘천시 남산면,중상사고,0,1,0,0,차량단독 - 전도전복 - 전도,안전운전불이행,건조,맑음,단일로 - 터널,화물,남,75세,상해없음,,,,
2021021900100270,2021년 2월 19일 13시,금요일,강원도 강릉시 연곡면,경상사고,0,0,1,0,차대차 - 후진중충돌,안전운전불이행,건조,맑음,단일로 - 기타,승용,여,48세,상해없음,승용,남,77세,경상
2021021900100458,2021년 2월 19일 17시,금요일,강원도 원주시 반곡동,경상사고,0,0,1,0,차대차 - 기타,안전운전불이행,건조,맑음,교차로 - 교차로안,승용,남,63세,상해없음,승용,남,61세,경상
2021021900100459,2021년 2월 19일 17시,금요일,강원도 원주시 지정면,경상사고,0,0,1,0,차대차 - 정면충돌,안전운전불이행,건조,맑음,교차로 - 교차로부근,승용,여,44세,상해없음,승용,남,35세,경상
2021021900100500,2021년 2월 19일 18시,금요일,강원도 춘천시 석사동,경상사고,0,0,1,0,차대사람 - 횡단중,보행자보호의무위반,건조,맑음,교차로 - 교차로횡단보도내,승용,남,23세,상해없음,보행자,남,46세,경상
2021021900100558,2021년 2월 19일 19시,금요일,강원도 속초시 동명동,중상사고,0,1,0,0,차대차 - 측면충돌,안전운전불이행,건조,맑음,교차로 - 교차로안,승용,남,64세,상해없음,이륜,남,54세,중상
2021021900100610,2021년 2월 19일 20시,금요일,강원도 춘천시 퇴계동,경상사고,0,0,2,0,차대차 - 후진중충돌,안전운전불이행,건조,맑음,단일로 - 기타,승용,남,54세,상해없음,승용,남,29세,경상
2021021900100611,2021년 2월 19일 20시,금요일,강원도 강릉시 성내동,경상사고,0,0,1,0,차량단독 - 기타,안전운전불이행,건조,맑음,교차로 - 교차로안,승합,남,58세,상해없음,,,,
2021021900100694,2021년 2월 19일 22시,금요일,강원도 춘천시 효자동,경상사고,0,0,1,0,차대차 - 기타,안전운전불이행,건조,기타,교차로 - 교차로부근,기타불명,기타불명,미분류,기타불명,승용,남,59세,상해없음
2021021900100723,2021년 2월 19일 23시,금요일,강원도 정선군 남면,사망사고,1,0,0,0,차대사람 - 차도통행중,안전운전불이행,건조,맑음,기타 - 기타,승용,남,60세,상해없음,보행자,남,64세,사망
2021022000100004,2021년 2월 20일 00시,토요일,강원도 원주시 명륜동,경상사고,0,0,1,0,차대차 - 기타,안전운전불이행,건조,기타,교차로 - 교차로부근,승용,남,56세,상해없음,승용,남,32세,경상
2021022000100060,2021년 2월 20일 07시,토요일,강원도 원주시 판부면,경상사고,0,0,3,0,차대차 - 추돌,안전운전불이행,건조,맑음,교차로 - 교차로부근,승용,남,32세,상해없음,승용,남,20세,경상
2021022000100093,2021년 2월 20일 09시,토요일,강원도 원주시 무실동,경상사고,0,0,2,0,차대차 - 측면충돌,신호위반,젖음/습기,흐림,교차로 - 교차로안,승용,남,43세,상해없음,승용,남,58세,경상
2021022000100094,2021년 2월 20일 09시,토요일,강원도 동해시 천곡동,중상사고,0,1,0,0,차대차 - 정면충돌,직진우회전진행방해,건조,맑음,교차로 - 교차로안,승용,남,47세,상해없음,승용,여,45세,중상
2021022000100141,2021년 2월 20일 11시,토요일,강원도 원주시 학성동,중상사고,0,1,0,0,차대차 - 측면충돌,안전거리미확보,건조,맑음,단일로 - 기타,승용,여,56세,상해없음,승용,남,76세,중상
2021022000100142,2021년 2월 20일 11시,토요일,강원도 동해시 동회동,중상사고,0,1,0,0,차대차 - 측면충돌,안전운전불이행,건조,맑음,단일로 - 기타,화물,남,50세,상해없음,자전거,남,62세,중상
2021022000100219,2021년 2월 20일 13시,토요일,강원도 양구군 양구읍,중상사고,0,1,0,0,차량단독 - 공작물충돌,안전운전불이행,건조,맑음,단일로 - 기타,승용,남,59세,상해없음,,,,
2021022000100253,2021년 2월 20일 14시,토요일,강원도 원주시 단계동,경상사고,0,0,6,0,차대차 - 정면충돌,안전거리미확보,건조,맑음,단일로 - 기타,승합,남,56세,상해없음,승용,여,52세,경상
2021022000100254,2021년 2월 20일 14시,토요일,강원도 원주시 원동,경상사고,0,0,1,0,차대차 - 측면충돌,안전운전불이행,건조,맑음,교차로 - 교차로안,승용,남,48세,상해없음,자전거,남,59세,경상
2021022000100255,2021년 2월 20일 14시,토요일,강원도 고성군 거진읍,경상사고,0,0,2,0,차대차 - 추돌,안전운전불이행,건조,맑음,교차로 - 교차로부근,건설기계,남,51세,기타불명,승용,남,35세,경상
2021022000100287,2021년 2월 20일 15시,토요일,강원도 속초시 노학동,경상사고,0,0,5,0,차대차 - 추돌,안전거리미확보,건조,맑음,교차로 - 교차로안,승용,남,64세,상해없음,승용,남,46세,경상
2021022000100325,2021년 2월 20일 16시,토요일,강원도 홍천군 홍천읍,중상사고,0,1,0,0,차대차 - 측면충돌,직진우회전진행방해,건조,맑음,교차로 - 교차로안,승용,여,76세,기타불명,승용,남,75세,중상
2021022000100359,2021년 2월 20일 17시,토요일,강원도 원주시 태장동,경상사고,0,0,2,0,차대차 - 측면충돌,안전거리미확보,건조,맑음,교차로 - 교차로안,승용,남,24세,기타불명,승용,남,29세,경상
2021022000100399,2021년 2월 20일 18시,토요일,강원도 춘천시 동면,경상사고,0,0,1,0,차대차 - 기타,신호위반,건조,맑음,교차로 - 교차로안,승용,남,22세,상해없음,승용,여,35세,경상
2021022000100401,2021년 2월 20일 18시,토요일,강원도 원주시 단계동,경상사고,0,0,1,0,차대차 - 후진중충돌,안전운전불이행,건조,맑음,교차로 - 교차로부근,승용,남,19세,상해없음,이륜,남,35세,경상
2021022000100431,2021년 2월 20일 19시,토요일,강원도 춘천시 신북읍,경상사고,0,0,2,0,차대차 - 측면충돌,안전거리미확보,건조,맑음,단일로 - 기타,승용,남,58세,상해없음,승용,남,30세,경상
2021022000100432,2021년 2월 20일 19시,토요일,강원도 원주시 개운동,경상사고,0,0,2,0,차대차 - 기타,안전운전불이행,건조,맑음,교차로 - 교차로부근,승합,남,50세,상해없음,승용,남,41세,경상
2021022000100460,2021년 2월 20일 20시,토요일,강원도 춘천시 석사동,경상사고,0,0,1,0,차대차 - 기타,안전운전불이행,건조,맑음,교차로 - 교차로안,승용,남,69세,상해없음,이륜,남,45세,경상
2021022000100461,2021년 2월 20일 20시,토요일,강원도 속초시 조양동,중상사고,0,2,0,0,차대차 - 측면충돌,신호위반,건조,맑음,교차로 - 교차로횡단보도내,승용,남,27세,상해없음,승용,남,61세,중상
2021022000100516,2021년 2월 20일 22시,토요일,강원도 강릉시 교동,중상사고,0,1,0,0,차대차 - 기타,신호위반,건조,맑음,교차로 - 교차로안,승용,여,26세,상해없음,승용,남,38세,상해없음
2021022000100517,2021년 2월 20일 22시,토요일,강원도 원주시 일산동,경상사고,0,0,1,0,차대차 - 측면충돌,직진우회전진행방해,건조,맑음,교차로 - 교차로안,승용,남,64세,상해없음,승용,여,25세,경상