사고번호,사고일시,요일,시군구,사고내용,사망자수,중상자수,경상자수,부상신고자수,사고유형,법규위반,노면상태,기상상태,도로형태,가해운전자 차종,가해운전자 성별,가해운전자 연령,가해운전자 상해정도,피해운전자 차종,피해운전자 성별,피해운전자 연령,피해운전자 상해정도
2021022000100518,2021년 2월 20일 22시,토요일,강원도 철원군 근남면,경상사고,0,0,1,0,차량단독 - 공작물충돌,안전운전불이행,건조,맑음,단일로 - 기타,승용,남,36세,경상,,,,
2021022000100547,2021년 2월 20일 23시,토요일,강원도 원주시 단구동,경상사고,0,0,1,0,차대사람 - 기타,안전운전불이행,건조,흐림,교차로 - 교차로안,이륜,남,47세,상해없음,보행자,남,44세,경상
2021022100100039,2021년 2월 21일 06시,일요일,강원도 춘천시 온의동,경상사고,0,0,1,0,차대차 - 기타,교차로운행방법위반,건조,맑음,교차로 - 교차로안,승용,남,47세,상해없음,승용,남,50세,경상
2021022100100077,2021년 2월 21일 10시,일요일,강원도 평창군 봉평면,경상사고,0,0,6,0,차대차 - 측면충돌,직진우회전진행방해,건조,맑음,교차로 - 교차로안,승합,남,73세,경상,승용,남,39세,경상
2021022100100094,2021년 2월 21일 11시,일요일,강원도 강릉시 성산면,경상사고,0,0,2,0,차대차 - 후진중충돌,안전운전불이행,건조,맑음,기타 - 기타,승용,여,67세,상해없음,승용,남,29세,경상
2021022100100159,2021년 2월 21일 14시,일요일,강원도 원주시 개운동,경상사고,0,0,1,0,차대차 - 기타,안전운전불이행,건조,맑음,교차로 - 교차로안,승용,남,77세,상해없음,승용,여,51세,경상
2021022100100160,2021년 2월 21일 14시,일요일,강원도 홍천군 두촌면,경상사고,0,0,5,0,차대차 - 추돌,안전운전불이행,건조,맑음,교차로 - 교차로부근,승용,여,55세,상해없음,승용,남,36세,경상
2021022100100277,2021년 2월 21일 17시,일요일,강원도 속초시 조양동,경상사고,0,0,4,0,차대차 - 측면충돌,신호위반,건조,맑음,교차로 - 교차로부근,승용,남,27세,경상,승용,남,74세,경상
2021022100100301,2021년 2월 21일 18시,일요일,강원도 속초시 교동,경상사고,0,0,1,0,차대차 - 측면충돌,교차로운행방법위반,건조,맑음,교차로 - 교차로안,승용,남,52세,상해없음,이륜,남,22세,경상
2021022100100302,2021년 2월 21일 18시,일요일,강원도 영월군 남면,경상사고,0,0,1,0,차대차 - 측면충돌,중앙선침범,건조,맑음,단일로 - 기타,승합,남,66세,상해없음,승용,남,60세,상해없음
2021022100100387,2021년 2월 21일 22시,일요일,강원도 원주시 단계동,경상사고,0,0,1,0,차대사람 - 길가장자리구역통행중,안전운전불이행,건조,맑음,단일로 - 기타,승용,남,20세,상해없음,보행자,남,22세,경상
2021022100100400,2021년 2월 21일 23시,일요일,강원도 춘천시 효자동,경상사고,0,0,3,0,차대차 - 추돌,안전거리미확보,건조,맑음,단일로 - 기타,승용,남,37세,상해없음,승용,남,56세,경상
2021022100100401,2021년 2월 21일 23시,일요일,강원도 원주시 단구동,경상사고,0,0,1,0,차대차 - 기타,안전운전불이행,건조,맑음,교차로 - 교차로안,승용,남,63세,상해없음,승용,남,27세,경상
2021022200100081,2021년 2월 22일 08시,월요일,강원도 춘천시 효자동,경상사고,0,0,1,0,차대차 - 측면충돌,직진우회전진행방해,건조,맑음,교차로 - 교차로안,승용,남,32세,상해없음,이륜,남,52세,경상
2021022200100128,2021년 2월 22일 09시,월요일,강원도 춘천시 동내면,경상사고,0,0,1,0,차대사람 - 차도통행중,기타,건조,맑음,단일로 - 기타,승용,남,52세,상해없음,보행자,여,25세,경상
2021022200100155,2021년 2월 22일 10시,월요일,강원도 춘천시 동면,경상사고,0,0,1,0,차대사람 - 횡단중,보행자보호의무위반,건조,맑음,교차로 - 교차로횡단보도내,화물,남,51세,상해없음,보행자,여,73세,경상
2021022200100189,2021년 2월 22일 11시,월요일,강원도 원주시 행구동,중상사고,0,1,0,0,차대사람 - 기타,안전운전불이행,건조,맑음,주차장 - 주차장,승용,여,55세,상해없음,보행자,여,70세,중상
2021022200100190,2021년 2월 22일 11시,월요일,강원도 원주시 흥업면,경상사고,0,0,3,0,차대차 - 측면충돌,안전거리미확보,건조,맑음,교차로 - 교차로안,승용,여,65세,상해없음,화물,남,38세,경상
2021022200100282,2021년 2월 22일 14시,월요일,강원도 춘천시 소양로2가,경상사고,0,0,1,0,차대차 - 기타,안전운전불이행,건조,맑음,교차로 - 교차로안,승용,여,59세,상해없음,화물,남,49세,경상
2021022200100283,2021년 2월 22일 14시,월요일,강원도 강릉시 노암동,중상사고,0,1,0,0,차대사람 - 기타,보행자보호의무위반,건조,맑음,기타 - 기타,승용,남,58세,상해없음,보행자,남,78세,중상
2021022200100284,2021년 2월 22일 14시,월요일,강원도 원주시 일산동,경상사고,0,0,1,0,차대차 - 측면충돌,중앙선침범,건조,맑음,교차로 - 교차로횡단보도내,자전거,남,77세,상해없음,승용,여,69세,경상
2021022200100372,2021년 2월 22일 16시,월요일,강원도 홍천군 홍천읍,경상사고,0,0,1,0,차대차 - 측면충돌,직진우회전진행방해,건조,맑음,교차로 - 교차로안,승합,여,54세,상해없음,승용,여,60세,경상
2021022200100405,2021년 2월 22일 17시,월요일,강원도 춘천시 효자동,경상사고,0,0,1,0,차대차 - 정면충돌,안전운전불이행,건조,맑음,단일로 - 기타,자전거,여,59세,상해없음,개인형이동수단(PM),남,23세,경상
2021022200100510,2021년 2월 22일 20시,월요일,강원도 속초시 영랑동,경상사고,0,0,1,0,차대차 - 후진중충돌,안전운전불이행,건조,맑음,교차로 - 교차로안,승용,남,61세,상해없음,승용,남,28세,경상
2021022200100561,2021년 2월 22일 22시,월요일,강원도 원주시 무실동,경상사고,0,0,2,0,차대차 - 추돌,신호위반,건조,맑음,교차로 - 교차로횡단보도내,승용,남,28세,경상,승용,남,63세,경상
2021022200100562,2021년 2월 22일 22시,월요일,강원도 철원군 동송읍,경상사고,0,0,2,0,차대차 - 측면충돌,직진우회전진행방해,건조,맑음,교차로 - 교차로안,승용,남,59세,상해없음,화물,남,64세,상해없음
2021022300100003,2021년 2월 23일 00시,화요일,강원도 동해시 추암동,중상사고,0,2,0,0,차량단독 - 공작물충돌,안전운전불이행,건조,맑음,단일로 - 기타,승용,남,24세,중상,,,,
2021022300100013,2021년 2월 23일 01시,화요일,강원도 원주시 단구동,경상사고,0,0,1,0,차대차 - 기타,신호위반,건조,맑음,교차로 - 교차로안,화물,남,25세,상해없음,승용,여,21세,경상
2021022300100053,2021년 2월 23일 07시,화요일,강원도 강릉시 주문진읍,중상사고,0,1,0,0,차대차 - 추돌,안전운전불이행,건조,맑음,단일로 - 기타,화물,남,71세,상해없음,화물,남,51세,상해없음
2021022300100078,2021년 2월 23일 08시,화요일,강원도 강릉시 교동,경상사고,0,0,1,0,차대차 - 측면충돌,안전운전불이행,건조,맑음,교차로 - 교차로안,승용,남,68세,상해없음,승용,여,38세,경상
2021022300100079,2021년 2월 23일 08시,화요일,강원도 강릉시 구정면,중상사고,0,1,0,0,차대차 - 측면충돌,안전운전불이행,건조,맑음,교차로 - 교차로안,승용,남,57세,상해없음,승용,여,60세,중상
2021022300100109,2021년 2월 23일 09시,화요일,강원도 강릉시 송정동,경상사고,0,0,1,0,차대차 - 측면충돌,안전운전불이행,건조,맑음,교차로 - 교차로부근,승용,남,32세,상해없음,자전거,여,54세,경상
2021022300100110,2021년 2월 23일 09시,화요일,강원도 원주시 봉산동,경상사고,0,0,1,0,차대차 - 측면충돌,안전거리미확보,건조,맑음,단일로 - 기타,승용,여,69세,상해없음,화물,남,25세,경상
2021022300100111,2021년 2월 23일 09시,화요일,강원도 양구군 해안면,중상사고,0,1,0,0,차대차 - 측면충돌,중앙선침범,건조,맑음,단일로 - 기타,승용,여,53세,상해없음,화물,남,42세,중상
2021022300100134,2021년 2월 23일 10시,화요일,강원도 고성군 토성면,경상사고,0,0,2,0,차대차 - 추돌,안전운전불이행,건조,맑음,교차로 - 교차로부근,승용,남,59세,상해없음,화물,남,78세,경상
2021022300100160,2021년 2월 23일 11시,화요일,강원도 원주시 문막읍,경상사고,0,0,1,0,차대차 - 측면충돌,안전운전불이행,건조,맑음,교차로 - 교차로안,화물,남,26세,상해없음,화물,남,41세,경상
2021022300100161,2021년 2월 23일 11시,화요일,강원도 속초시 교동,중상사고,0,1,0,0,차대차 - 후진중충돌,안전운전불이행,건조,맑음,단일로 - 기타,승용,여,61세,상해없음,승용,여,36세,중상
2021022300100162,2021년 2월 23일 11시,화요일,강원도 홍천군 두촌면,경상사고,0,0,1,0,차대사람 - 기타,안전운전불이행,건조,맑음,단일로 - 지하차도(도로)내,승용,여,60세,상해없음,보행자,여,65세,경상
2021022300100219,2021년 2월 23일 13시,화요일,강원도 횡성군 횡성읍,중상사고,0,1,0,0,차대차 - 측면충돌,교차로운행방법위반,건조,맑음,교차로 - 교차로안,승용,남,68세,상해없음,이륜,남,74세,중상
2021022300100220,2021년 2월 23일 13시,화요일,강원도 양구군 양구읍,경상사고,0,0,1,0,차대차 - 기타,안전운전불이행,건조,맑음,단일로 - 기타,사륜오토바이(ATV),남,83세,상해없음,승용,여,46세,경상
2021022300100301,2021년 2월 23일 15시,화요일,강원도 원주시 반곡동,경상사고,0,0,1,0,차대차 - 측면충돌,교차로운행방법위반,건조,맑음,교차로 - 교차로안,승합,남,53세,상해없음,승용,여,52세,경상
2021022300100302,2021년 2월 23일 15시,화요일,강원도 원주시 무실동,경상사고,0,0,2,0,차대차 - 추돌,안전운전불이행,건조,맑음,교차로 - 교차로부근,승용,여,41세,상해없음,승용,여,54세,경상
2021022300100303,2021년 2월 23일 15시,화요일,강원도 고성군 죽왕면,중상사고,0,2,0,0,차대차 - 측면충돌,안전운전불이행,건조,맑음,기타 - 기타,건설기계,남,44세,상해없음,승용,여,56세,중상
2021022300100304,2021년 2월 23일 15시,화요일,강원도 동해시 천곡동,경상사고,0,0,1,0,차대차 - 추돌,안전운전불이행,건조,맑음,단일로 - 기타,승용,여,61세,상해없음,이륜,남,78세,경상
2021022300100305,2021년 2월 23일 15시,화요일,강원도 동해시 대구동,경상사고,0,0,1,0,차대차 - 측면충돌,안전운전불이행,건조,맑음,교차로 - 교차로안,화물,남,72세,상해없음,화물,남,29세,경상
2021022300100345,2021년 2월 23일 16시,화요일,강원도 화천군 화천읍,경상사고,0,0,1,0,차대차 - 측면충돌,안전운전불이행,건조,맑음,교차로 - 교차로안,자전거,남,63세,경상,승용,여,33세,상해없음
2021022300100460,2021년 2월 23일 19시,화요일,강원도 원주시 평원동,경상사고,0,0,3,0,차대차 - 기타,신호위반,건조,맑음,교차로 - 교차로안,승용,남,77세,경상,승용,남,76세,경상
2021022400100003,2021년 2월 24일 00시,수요일,강원도 춘천시 석사동,경상사고,0,0,3,0,차대차 - 측면충돌,신호위반,건조,맑음,교차로 - 교차로안,승용,남,49세,상해없음,승용,여,62세,경상
2021022400100026,2021년 2월 24일 05시,수요일,강원도 원주시 문막읍,경상사고,0,0,1,0,차대차 - 추돌,안전운전불이행,건조,맑음,단일로 - 기타,승용,남,78세,상해없음,화물,남,78세,경상
2021022400100033,2021년 2월 24일 06시,수요일,강원도 원주시 행구동,경상사고,0,0,1,0,차대차 - 기타,신호위반,건조,맑음,교차로 - 교차로안,화물,남,62세,상해없음,승용,남,41세,경상
2021022400100068,2021년 2월 24일 08시,수요일,강원도 동해시 효가동,경상사고,0,0,1,0,차대차 - 측면충돌,안전운전불이행,건조,맑음,단일로 - 기타,화물,남,57세,상해없음,화물,남,60세,상해없음
2021022400100164,2021년 2월 24일 12시,수요일,강원도 춘천시 서면,경상사고,0,0,2,0,차대차 - 추돌,안전운전불이행,건조,맑음,단일로 - 기타,승용,남,75세,상해없음,승용,여,64세,경상
2021022400100165,2021년 2월 24일 12시,수요일,강원도 춘천시 동면,중상사고,0,1,0,0,차대차 - 측면충돌,신호위반,건조,맑음,교차로 - 교차로안,승용,여,76세,상해없음,승용,여,65세,중상
2021022400100166,2021년 2월 24일 12시,수요일,강원도 속초시 청호동,중상사고,0,1,0,0,차대차 - 추돌,기타,건조,맑음,단일로 - 교량,이륜,남,29세,중상,화물,남,59세,기타불명
2021022400100192,2021년 2월 24일 13시,수요일,강원도 원주시 무실동,경상사고,0,0,2,0,차대차 - 측면충돌,안전운전불이행,건조,맑음,단일로 - 기타,화물,여,56세,상해없음,승용,남,55세,경상
2021022400100230,2021년 2월 24일 14시,수요일,강원도 춘천시 우두동,중상사고,0,1,0,1,차대사람 - 횡단중,보행자보호의무위반,건조,맑음,교차로 - 교차로횡단보도내,자전거,남,8세,부상신고,보행자,여,77세,중상
2021022400100265,2021년 2월 24일 15시,수요일,강원도 강릉시 성남동,경상사고,0,0,1,0,차대차 - 추돌,안전운전불이행,건조,맑음,교차로 - 교차로부근,승용,남,22세,상해없음,승용,남,52세,경상
2021022400100298,2021년 2월 24일 16시,수요일,강원도 강릉시 입암동,경상사고,0,0,1,0,차대차 - 측면충돌,신호위반,건조,맑음,교차로 - 교차로부근,승용,남,45세,기타불명,승용,여,47세,경상
2021022400100329,2021년 2월 24일 17시,수요일,강원도 속초시 교동,경상사고,0,0,1,0,차대차 - 측면충돌,안전운전불이행,건조,맑음,교차로 - 교차로부근,승용,여,63세,상해없음,승용,남,48세,경상
2021022400100407,2021년 2월 24일 19시,수요일,강원도 춘천시 온의동,경상사고,0,0,3,0,차대차 - 정면충돌,안전운전불이행,건조,맑음,교차로 - 교차로안,이륜,남,51세,경상,승용,여,59세,경상
2021022400100408,2021년 2월 24일 19시,수요일,강원도 춘천시 소양로1가,경상사고,0,0,3,0,차대차 - 측면충돌,안전운전불이행,건조,맑음,교차로 - 교차로안,승용,여,57세,경상,승용,남,52세,경상
2021022400100409,2021년 2월 24일 19시,수요일,강원도 강릉시 교동,경상사고,0,0,1,0,차대차 - 기타,안전운전불이행,건조,맑음,단일로 - 기타,승용,남,67세,상해없음,원동기,남,69세,경상
2021022400100410,2021년 2월 24일 19시,수요일,강원도 동해시 북평동,경상사고,0,0,4,0,차대차 - 추돌,안전운전불이행,건조,맑음,교차로 - 교차로부근,승용,여,34세,상해없음,승용,남,43세,경상
2021022400100440,2021년 2월 24일 20시,수요일,강원도 양구군 양구읍,중상사고,0,1,0,0,차대사람 - 횡단중,안전운전불이행,건조,맑음,교차로 - 교차로안,승용,남,22세,상해없음,보행자,남,37세,중상
2021022400100498,2021년 2월 24일 22시,수요일,강원도 홍천군 홍천읍,중상사고,0,1,2,0,차대차 - 측면충돌,중앙선침범,건조,맑음,단일로 - 지하차도(도로)내,승용,남,65세,경상,승용,여,33세,중상
2021022400100524,2021년 2월 24일 23시,수요일,강원도 태백시 화전동,경상사고,0,0,1,0,차대차 - 추돌,기타,건조,맑음,단일로 - 기타,승용,남,34세,상해없음,승용,여,38세,경상
2021022500100025,2021년 2월 25일 02시,목요일,강원도 원주시 판부면,경상사고,0,0,2,0,차대차 - 추돌,신호위반,건조,맑음,교차로 - 교차로안,승용,남,72세,상해없음,승용,여,32세,경상
2021022500100066,2021년 2월 25일 07시,목요일,강원도 강릉시 강동면,경상사고,0,0,1,0,차대차 - 측면충돌,안전운전불이행,건조,맑음,교차로 - 교차로부근,화물,남,36세,상해없음,원동기,남,78세,경상
2021022500100089,2021년 2월 25일 08시,목요일,강원도 원주시 우산동,중상사고,0,1,0,0,차대차 - 측면충돌,안전운전불이행,건조,맑음,교차로 - 교차로안,승용,남,33세,상해없음,자전거,여,66세,중상
2021022500100117,2021년 2월 25일 10시,목요일,강원도 철원군 동송읍,경상사고,0,0,3,0,차대차 - 측면충돌,직진우회전진행방해,건조,맑음,교차로 - 교차로안,화물,남,40세,경상,승용,여,48세,경상
2021022500100132,2021년 2월 25일 11시,목요일,강원도 원주시 반곡동,경상사고,0,0,2,0,차대차 - 측면충돌,신호위반,건조,맑음,교차로 - 교차로안,승용,남,52세,상해없음,승용,남,49세,경상
2021022500100133,2021년 2월 25일 11시,목요일,강원도 동해시 천곡동,경상사고,0,0,2,0,차대차 - 측면충돌,교차로운행방법위반,건조,맑음,교차로 - 교차로안,승용,여,54세,경상,승용,남,28세,경상
2021022500100183,2021년 2월 25일 13시,목요일,강원도 고성군 간성읍,경상사고,0,0,1,0,차대차 - 정면충돌,중앙선침범,건조,맑음,기타 - 기타,승용,남,38세,상해없음,화물,남,50세,경상
2021022500100184,2021년 2월 25일 13시,목요일,강원도 철원군 갈말읍,경상사고,0,0,1,0,차대차 - 측면충돌,신호위반,건조,흐림,교차로 - 교차로안,화물,남,53세,상해없음,승용,남,36세,경상
2021022500100314,2021년 2월 25일 17시,목요일,강원도 강릉시 송정동,경상사고,0,0,1,0,차대사람 - 기타,안전운전불이행,건조,맑음,기타 - 기타,승용,여,68세,상해없음,보행자,여,49세,경상
2021022500100315,2021년 2월 25일 17시,목요일,강원도 홍천군 서면,경상사고,0,0,3,0,차대차 - 측면충돌,안전운전불이행,건조,맑음,기타 - 기타,승용,남,50세,기타불명,승용,남,24세,경상
2021022500100356,2021년 2월 25일 18시,목요일,강원도 원주시 인동,경상사고,0,0,2,0,차대차 - 기타,안전운전불이행,건조,맑음,교차로 - 교차로안,승용,남,26세,경상,승용,여,26세,경상
2021022500100357,2021년 2월 25일 18시,목요일,강원도 횡성군 횡성읍,중상사고,0,1,0,0,차대차 - 측면충돌,안전운전불이행,건조,맑음,단일로 - 기타,화물,남,50세,상해없음,이륜,남,17세,중상
2021022500100411,2021년 2월 25일 19시,목요일,강원도 춘천시 소양로2가,경상사고,0,0,1,0,차대사람 - 횡단중,보행자보호의무위반,건조,맑음,기타 - 기타,승용,여,53세,상해없음,보행자,여,45세,경상
2021022500100412,2021년 2월 25일 19시,목요일,강원도 화천군 사내면,경상사고,0,0,1,0,차대차 - 추돌,안전운전불이행,건조,맑음,단일로 - 기타,화물,남,61세,상해없음,농기계,남,66세,경상
2021022500100413,2021년 2월 25일 19시,목요일,강원도 정선군 남면,중상사고,0,1,0,0,차대차 - 추돌,안전운전불이행,건조,맑음,기타 - 기타,화물,남,41세,중상,특수,남,45세,기타불명
2021022600100006,2021년 2월 26일 00시,금요일,강원도 원주시 무실동,경상사고,0,0,1,0,차대차 - 후진중충돌,안전운전불이행,건조,맑음,단일로 - 기타,승용,남,20세,상해없음,승용,남,19세,경상
2021022600100034,2021년 2월 26일 05시,금요일,강원도 원주시 단구동,중상사고,0,1,2,0,차대차 - 기타,신호위반,건조,맑음,교차로 - 교차로안,화물,남,61세,상해없음,승용,남,63세,경상
2021022600100045,2021년 2월 26일 06시,금요일,강원도 춘천시 석사동,중상사고,0,1,0,0,차대사람 - 횡단중,신호위반,건조,맑음,교차로 - 교차로횡단보도내,승용,남,44세,상해없음,보행자,남,69세,중상
2021022600100062,2021년 2월 26일 07시,금요일,강원도 강릉시 포남동,경상사고,0,0,1,0,차대차 - 측면충돌,신호위반,건조,맑음,교차로 - 교차로부근,승용,남,30세,기타불명,승용,남,61세,경상
2021022600100241,2021년 2월 26일 13시,금요일,강원도 강릉시 입암동,경상사고,0,0,2,0,차대차 - 추돌,안전운전불이행,건조,맑음,교차로 - 교차로부근,승용,남,23세,상해없음,승용,여,31세,경상
2021022600100242,2021년 2월 26일 13시,금요일,강원도 삼척시 갈천동,중상사고,0,1,0,0,차대사람 - 보도통행중,안전운전불이행,건조,맑음,단일로 - 기타,화물,남,55세,상해없음,보행자,여,33세,중상
2021022600100270,2021년 2월 26일 14시,금요일,강원도 춘천시 동면,경상사고,0,0,2,0,차대차 - 기타,안전거리미확보,건조,맑음,단일로 - 기타,건설기계,남,58세,상해없음,승용,여,56세,경상
2021022600100271,2021년 2월 26일 14시,금요일,강원도 강릉시 지변동,경상사고,0,0,2,0,차대차 - 측면충돌,기타,건조,맑음,교차로 - 교차로안,승합,남,54세,상해없음,승용,남,30세,경상
2021022600100272,2021년 2월 26일 14시,금요일,강원도 삼척시 등봉동,경상사고,0,0,1,0,차대차 - 추돌,안전거리미확보,건조,맑음,단일로 - 기타,건설기계,남,60세,상해없음,승용,남,52세,상해없음
2021022600100273,2021년 2월 26일 14시,금요일,강원도 동해시 쇄운동,경상사고,0,0,2,0,차대차 - 측면충돌,신호위반,건조,맑음,교차로 - 교차로안,화물,남,74세,상해없음,승용,남,63세,경상
2021022600100314,2021년 2월 26일 15시,금요일,강원도 춘천시 중앙로2가,경상사고,0,0,5,0,차대차 - 기타,안전운전불이행,건조,맑음,기타 - 기타,승용,여,45세,경상,승용,여,63세,경상
2021022600100315,2021년 2월 26일 15시,금요일,강원도 원주시 문막읍,경상사고,0,0,1,0,차대사람 - 횡단중,안전운전불이행,건조,맑음,교차로 - 교차로안,승용,남,36세,상해없음,보행자,남,86세,경상
2021022600100390,2021년 2월 26일 17시,금요일,강원도 춘천시 효자동,경상사고,0,0,1,0,차대차 - 측면충돌,안전거리미확보,건조,맑음,단일로 - 기타,이륜,남,16세,경상,승용,남,46세,상해없음
2021022600100427,2021년 2월 26일 18시,금요일,강원도 춘천시 효자동,중상사고,0,1,0,0,차대차 - 기타,기타,건조,맑음,단일로 - 기타,승용,남,50세,상해없음,이륜,남,52세,중상
2021022600100428,2021년 2월 26일 18시,금요일,강원도 원주시 단계동,경상사고,0,0,2,0,차대차 - 추돌,안전거리미확보,건조,맑음,단일로 - 기타,화물,남,68세,상해없음,승용,여,45세,경상
2021022600100429,2021년 2월 26일 18시,금요일,강원도 삼척시 남양동,경상사고,0,0,1,0,차대사람 - 횡단중,보행자보호의무위반,건조,맑음,교차로 - 교차로횡단보도내,승용,여,65세,상해없음,보행자,여,38세,경상
2021022600100430,2021년 2월 26일 18시,금요일,강원도 삼척시 원덕읍,중상사고,0,1,0,0,차대차 - 추돌,안전거리미확보,건조,맑음,단일로 - 기타,승용,남,54세,상해없음,승용,남,61세,중상
2021022600100485,2021년 2월 26일 19시,금요일,강원도 춘천시 석사동,경상사고,0,0,1,0,차대차 - 측면충돌,안전거리미확보,건조,맑음,교차로 - 교차로부근,승용,남,52세,상해없음,원동기,남,46세,경상
2021022600100486,2021년 2월 26일 19시,금요일,강원도 춘천시 근화동,경상사고,0,0,1,0,차대사람 - 횡단중,신호위반,건조,맑음,교차로 - 교차로횡단보도내,이륜,남,48세,상해없음,보행자,남,52세,경상
2021022600100487,2021년 2월 26일 19시,금요일,강원도 춘천시 석사동,경상사고,0,0,1,0,차대사람 - 횡단중,보행자보호의무위반,건조,맑음,교차로 - 교차로횡단보도내,승용,남,38세,상해없음,보행자,남,15세,경상
2021022600100488,2021년 2월 26일 19시,금요일,강원도 원주시 단구동,경상사고,0,0,2,0,차대차 - 측면충돌,중앙선침범,건조,맑음,단일로 - 기타,승용,여,60세,경상,이륜,남,20세,경상
2021022600100594,2021년 2월 26일 22시,금요일,강원도 영월군 주천면,경상사고,0,0,1,0,차량단독 - 도로외이탈 - 기타,안전운전불이행,건조,맑음,단일로 - 기타,승용,여,45세,경상,,,,
2021022600100595,2021년 2월 26일 22시,금요일,강원도 고성군 간성읍,부상신고사고,0,0,0,1,차대차 - 측면충돌,안전운전불이행,건조,맑음,단일로 - 기타,화물,남,62세,상해없음,승용,여,59세,부상신고
2021022700100051,2021년 2월 27일 07시,토요일,강원도 화천군 상서면,경상사고,0,0,1,1,차대차 - 측면충돌,중앙선침범,건조,맑음,단일로 - 기타,특수,남,47세,부상신고,승용,남,30세,경상
2021022700100060,2021년 2월 27일 08시,토요일,강원도 태백시 황지동,경상사고,0,0,2,0,차대차 - 측면충돌,교차로운행방법위반,젖음/습기,맑음,교차로 - 교차로안,승용,여,47세,상해없음,승용,남,31세,경상
2021022700100132,2021년 2월 27일 11시,토요일,강원도 원주시 신림면,경상사고,0,0,2,0,차대차 - 정면충돌,중앙선침범,건조,맑음,단일로 - 기타,승용,남,71세,상해없음,승용,남,36세,경상
2021022700100133,2021년 2월 27일 11시,토요일,강원도 홍천군 홍천읍,중상사고,0,1,0,0,차대차 - 측면충돌,직진우회전진행방해,건조,맑음,교차로 - 교차로안,승용,남,46세,상해없음,자전거,남,80세,중상
2021022700100209,2021년 2월 27일 13시,토요일,강원도 춘천시 동면,경상사고,0,0,2,0,차대차 - 추돌,안전운전불이행,건조,맑음,교차로 - 교차로부근,건설기계,남,46세,상해없음,승용,남,71세,경상
2021022700100210,2021년 2월 27일 13시,토요일,강원도 횡성군 횡성읍,중상사고,0,1,0,0,차대차 - 기타,안전운전불이행,건조,맑음,단일로 - 기타,승용,여,40세,상해없음,자전거,남,81세,중상
2021022700100262,2021년 2월 27일 14시,토요일,강원도 홍천군 홍천읍,경상사고,0,0,2,0,차대차 - 측면충돌,직진우회전진행방해,건조,맑음,교차로 - 교차로안,승용,남,76세,상해없음,승용,남,58세,경상
2021022700100292,2021년 2월 27일 15시,토요일,강원도 춘천시 후평동,경상사고,0,0,3,0,차대차 - 추돌,안전운전불이행,건조,맑음,단일로 - 기타,화물,남,49세,상해없음,화물,남,59세,경상
2021022700100293,2021년 2월 27일 15시,토요일,강원도 원주시 단계동,경상사고,0,0,1,0,차대차 - 측면충돌,교차로운행방법위반,건조,맑음,교차로 - 교차로안,승용,남,41세,상해없음,이륜,남,75세,경상
2021022700100294,2021년 2월 27일 15시,토요일,강원도 양양군 강현면,경상사고,0,0,2,1,차대차 - 측면충돌,안전운전불이행,젖음/습기,맑음,교차로 - 교차로안,승용,남,37세,상해없음,승용,남,64세,상해없음
2021022700100330,2021년 2월 27일 16시,토요일,강원도 원주시 태장동,중상사고,0,3,0,0,차대차 - 측면충돌,직진우회전진행방해,건조,맑음,교차로 - 교차로안,승용,남,22세,상해없음,승용,남,56세,중상
2021022700100354,2021년 2월 27일 17시,토요일,강원도 원주시 평원동,중상사고,0,1,0,0,차대차 - 추돌,안전운전불이행,건조,맑음,단일로 - 기타,승용,남,74세,상해없음,승용,여,44세,중상
2021022700100393,2021년 2월 27일 18시,토요일,강원도 동해시 천곡동,중상사고,0,1,0,0,차대차 - 정면충돌,직진우회전진행방해,건조,맑음,교차로 - 교차로안,승용,남,67세,상해없음,승용,여,54세,중상
2021022700100429,2021년 2월 27일 19시,토요일,강원도 강릉시 포남동,경상사고,0,0,1,0,차대차 - 기타,안전운전불이행,건조,맑음,기타 - 기타,승용,남,50세,상해없음,이륜,남,55세,경상
2021022700100497,2021년 2월 27일 21시,토요일,강원도 동해시 천곡동,경상사고,0,0,2,0,차대차 - 정면충돌,교차로운행방법위반,건조,맑음,교차로 - 교차로안,승용,남,24세,상해없음,승용,여,33세,경상
2021022700100527,2021년 2월 27일 22시,토요일,강원도 강릉시 교동,중상사고,0,2,0,0,차대사람 - 기타,안전운전불이행,건조,맑음,기타 - 기타,승용,남,32세,상해없음,보행자,남,54세,중상
2021022800100060,2021년 2월 28일 08시,일요일,강원도 홍천군 화촌면,경상사고,0,0,2,0,차대차 - 추돌,안전운전불이행,건조,맑음,단일로 - 기타,승용,남,42세,상해없음,승용,남,35세,경상
2021022800100067,2021년 2월 28일 09시,일요일,강원도 정선군 남면,중상사고,0,1,3,1,차대차 - 기타,안전운전불이행,젖음/습기,흐림,단일로 - 기타,화물,남,74세,부상신고,화물,기타불명,미분류,기타불명
2021022800100094,2021년 2월 28일 11시,일요일,강원도 춘천시 신동면,경상사고,0,0,1,0,차대차 - 측면충돌,안전거리미확보,건조,맑음,단일로 - 기타,승용,여,48세,상해없음,자전거,남,56세,경상
2021022800100095,2021년 2월 28일 11시,일요일,강원도 속초시 설악동,경상사고,0,0,1,0,차대사람 - 횡단중,보행자보호의무위반,건조,맑음,단일로 - 지하차도(도로)내,승용,남,40세,상해없음,보행자,남,9세,경상
2021022800100096,2021년 2월 28일 11시,일요일,강원도 삼척시 원덕읍,경상사고,0,0,1,0,차대차 - 정면충돌,중앙선침범,건조,맑음,단일로 - 기타,승용,남,82세,상해없음,승용,남,55세,경상