사고번호,사고일시,요일,시군구,사고내용,사망자수,중상자수,경상자수,부상신고자수,사고유형,법규위반,노면상태,기상상태,도로형태,가해운전자 차종,가해운전자 성별,가해운전자 연령,가해운전자 상해정도,피해운전자 차종,피해운전자 성별,피해운전자 연령,피해운전자 상해정도
2021022800100118,2021년 2월 28일 12시,일요일,강원도 강릉시 포남동,경상사고,0,0,3,0,차대차 - 추돌,안전운전불이행,건조,맑음,교차로 - 교차로부근,승용,여,68세,상해없음,승용,남,33세,경상
2021022800100120,2021년 2월 28일 12시,일요일,강원도 횡성군 둔내면,중상사고,0,1,0,0,차대차 - 측면충돌,안전운전불이행,건조,맑음,단일로 - 기타,승용,남,37세,상해없음,자전거,남,46세,중상
2021022800100147,2021년 2월 28일 13시,일요일,강원도 강릉시 운정동,경상사고,0,0,1,0,차대차 - 측면충돌,안전운전불이행,건조,맑음,교차로 - 교차로부근,승용,여,46세,상해없음,승용,남,61세,경상
2021022800100148,2021년 2월 28일 13시,일요일,강원도 속초시 교동,경상사고,0,0,2,0,차대차 - 측면충돌,안전운전불이행,건조,맑음,교차로 - 교차로안,승용,남,45세,경상,건설기계,남,53세,상해없음
2021022800100149,2021년 2월 28일 13시,일요일,강원도 인제군 인제읍,경상사고,0,0,2,0,차대차 - 측면충돌,안전운전불이행,건조,맑음,교차로 - 교차로안,승용,남,75세,상해없음,승용,남,71세,경상
2021022800100206,2021년 2월 28일 15시,일요일,강원도 원주시 단계동,중상사고,0,1,0,0,차대사람 - 보도통행중,기타,건조,맑음,교차로 - 교차로부근,승용,남,39세,상해없음,보행자,여,47세,중상
2021022800100207,2021년 2월 28일 15시,일요일,강원도 철원군 철원읍,경상사고,0,0,3,0,차대차 - 측면충돌,안전운전불이행,건조,흐림,교차로 - 교차로안,화물,남,65세,경상,화물,남,64세,경상
2021022800100277,2021년 2월 28일 18시,일요일,강원도 영월군 영월읍,경상사고,0,0,1,0,차대사람 - 기타,안전운전불이행,건조,맑음,단일로 - 기타,승용,남,42세,상해없음,보행자,여,60세,경상
2021022800100278,2021년 2월 28일 18시,일요일,강원도 동해시 북평동,경상사고,0,0,5,0,차대차 - 측면충돌,안전운전불이행,건조,맑음,단일로 - 기타,승용,남,65세,상해없음,승용,남,54세,경상
2021022800100302,2021년 2월 28일 19시,일요일,강원도 춘천시 남산면,중상사고,0,1,0,0,차대차 - 기타,안전거리미확보,건조,맑음,교차로 - 교차로안,승용,여,56세,상해없음,승용,여,26세,중상
2021022800100389,2021년 2월 28일 23시,일요일,강원도 원주시 학성동,중상사고,0,1,2,0,차대차 - 측면충돌,신호위반,건조,맑음,교차로 - 교차로안,승용,남,47세,경상,승용,남,53세,중상
2021030100100009,2021년 3월 1일 01시,월요일,강원도 양양군 현북면,경상사고,0,0,3,0,차대차 - 추돌,안전운전불이행,건조,맑음,단일로 - 기타,승용,남,29세,상해없음,승용,남,21세,경상
2021030100100048,2021년 3월 1일 09시,월요일,강원도 영월군 영월읍,중상사고,0,1,1,0,차대차 - 측면충돌,교차로운행방법위반,젖음/습기,비,교차로 - 교차로안,화물,남,61세,경상,승용,남,41세,중상
2021030100100063,2021년 3월 1일 10시,월요일,강원도 강릉시 사천면,경상사고,0,0,1,0,차대차 - 기타,신호위반,젖음/습기,비,교차로 - 교차로안,승합,남,68세,상해없음,승용,남,32세,경상
2021030100100064,2021년 3월 1일 10시,월요일,강원도 양양군 서면,중상사고,0,1,0,0,차대차 - 정면충돌,중앙선침범,젖음/습기,눈,단일로 - 지하차도(도로)내,화물,남,40세,기타불명,승용,남,30세,중상
2021030100100076,2021년 3월 1일 11시,월요일,강원도 양양군 서면,중상사고,0,3,2,0,차대차 - 정면충돌,안전운전불이행,적설,눈,단일로 - 기타,승용,남,61세,상해없음,승용,남,63세,경상
2021030100100077,2021년 3월 1일 11시,월요일,강원도 양양군 서면,중상사고,0,2,2,0,차대차 - 측면충돌,안전운전불이행,젖음/습기,눈,교차로 - 교차로부근,승용,남,49세,상해없음,승용,남,52세,경상
2021030100100078,2021년 3월 1일 11시,월요일,강원도 양양군 서면,경상사고,0,0,2,0,차대차 - 측면충돌,안전운전불이행,적설,눈,단일로 - 기타,승용,남,41세,상해없음,승용,남,46세,경상
2021030100100115,2021년 3월 1일 13시,월요일,강원도 춘천시 동산면,경상사고,0,0,1,0,차대차 - 정면충돌,안전운전불이행,젖음/습기,비,교차로 - 교차로안,승용,남,65세,상해없음,승용,여,27세,경상
2021030100100143,2021년 3월 1일 14시,월요일,강원도 화천군 화천읍,경상사고,0,0,1,0,차대차 - 정면충돌,안전운전불이행,젖음/습기,비,교차로 - 교차로횡단보도내,승용,남,55세,상해없음,이륜,남,19세,경상
2021030100100144,2021년 3월 1일 14시,월요일,강원도 홍천군 서석면,경상사고,0,0,1,0,차대차 - 정면충돌,안전운전불이행,젖음/습기,비,단일로 - 교량,승용,남,70세,상해없음,승용,남,37세,경상
2021030100100165,2021년 3월 1일 15시,월요일,강원도 영월군 영월읍,부상신고사고,0,0,0,1,차대차 - 측면충돌,교차로운행방법위반,젖음/습기,비,교차로 - 교차로안,이륜,남,17세,상해없음,승용,남,42세,부상신고
2021030100100166,2021년 3월 1일 15시,월요일,강원도 평창군 대관령면,경상사고,0,0,1,0,차대차 - 기타,중앙선침범,적설,눈,단일로 - 기타,승용,남,49세,상해없음,화물,남,56세,경상
2021030100100167,2021년 3월 1일 15시,월요일,강원도 태백시 동점동,중상사고,0,1,1,0,차대차 - 추돌,안전운전불이행,서리/결빙,눈,기타 - 기타,승용,남,69세,상해없음,승용,여,45세,상해없음
2021030100100168,2021년 3월 1일 15시,월요일,강원도 양구군 동면,경상사고,0,0,1,0,차대차 - 후진중충돌,안전운전불이행,적설,눈,교차로 - 교차로안,승용,남,57세,상해없음,승용,남,31세,경상
2021030100100203,2021년 3월 1일 16시,월요일,강원도 춘천시 동면,중상사고,0,2,1,0,차대차 - 측면충돌,신호위반,젖음/습기,비,교차로 - 교차로안,승용,여,53세,상해없음,승용,남,26세,경상
2021030100100204,2021년 3월 1일 16시,월요일,강원도 홍천군 서석면,경상사고,0,0,1,0,차대차 - 추돌,안전운전불이행,젖음/습기,비,단일로 - 교량,승용,남,57세,기타불명,승용,여,51세,경상
2021030100100205,2021년 3월 1일 16시,월요일,강원도 홍천군 서석면,사망사고,1,0,1,0,차대사람 - 기타,안전운전불이행,적설,비,단일로 - 교량,승용,남,57세,상해없음,보행자,남,51세,사망
2021030100100206,2021년 3월 1일 16시,월요일,강원도 강릉시 주문진읍,중상사고,0,1,1,0,차대차 - 측면충돌,안전운전불이행,적설,눈,단일로 - 기타,승용,남,47세,상해없음,승용,남,52세,경상
2021030100100236,2021년 3월 1일 17시,월요일,강원도 양양군 양양읍,경상사고,0,0,2,0,차대차 - 측면충돌,직진우회전진행방해,젖음/습기,눈,교차로 - 교차로안,승용,남,56세,상해없음,승합,남,50세,경상
2021030100100237,2021년 3월 1일 17시,월요일,강원도 삼척시 원덕읍,중상사고,0,1,1,0,차대차 - 추돌,안전운전불이행,서리/결빙,눈,단일로 - 기타,승용,남,41세,중상,승용,남,59세,상해없음
2021030100100238,2021년 3월 1일 17시,월요일,강원도 홍천군 홍천읍,경상사고,0,0,1,1,차대차 - 측면충돌,안전거리미확보,젖음/습기,비,단일로 - 기타,승합,남,48세,상해없음,승용,남,25세,부상신고
2021030100100280,2021년 3월 1일 18시,월요일,강원도 삼척시 근덕면,경상사고,0,0,1,0,차대차 - 추돌,안전운전불이행,적설,눈,단일로 - 기타,승용,남,67세,상해없음,화물,남,72세,경상
2021030100100281,2021년 3월 1일 18시,월요일,강원도 인제군 상남면,경상사고,0,0,2,0,차대차 - 측면충돌,안전운전불이행,적설,눈,단일로 - 기타,승용,여,48세,상해없음,승용,남,34세,경상
2021030100100334,2021년 3월 1일 19시,월요일,강원도 강릉시 노암동,경상사고,0,0,2,0,차대차 - 기타,안전운전불이행,적설,눈,단일로 - 기타,화물,남,65세,상해없음,화물,남,41세,경상
2021030200100019,2021년 3월 2일 04시,화요일,강원도 철원군 동송읍,중상사고,0,1,1,0,차대차 - 측면충돌,안전운전불이행,서리/결빙,맑음,교차로 - 교차로안,화물,남,44세,상해없음,승용,남,47세,경상
2021030200100069,2021년 3월 2일 08시,화요일,강원도 춘천시 소양로1가,경상사고,0,0,2,0,차대차 - 측면충돌,중앙선침범,젖음/습기,맑음,단일로 - 기타,승용,여,48세,상해없음,승용,여,55세,경상
2021030200100070,2021년 3월 2일 08시,화요일,강원도 삼척시 도계읍,중상사고,0,1,0,0,차대사람 - 차도통행중,안전운전불이행,적설,눈,단일로 - 기타,승합,남,44세,상해없음,보행자,남,63세,중상
2021030200100071,2021년 3월 2일 08시,화요일,강원도 영월군 영월읍,중상사고,0,1,1,0,차대차 - 추돌,안전거리미확보,젖음/습기,맑음,단일로 - 기타,승용,남,30세,상해없음,승용,여,42세,중상
2021030200100101,2021년 3월 2일 09시,화요일,강원도 정선군 남면,중상사고,0,1,0,0,차대사람 - 기타,안전운전불이행,적설,맑음,단일로 - 고가도로위,화물,남,50세,상해없음,보행자,여,48세,중상
2021030200100130,2021년 3월 2일 10시,화요일,강원도 원주시 소초면,경상사고,0,0,2,0,차대차 - 추돌,안전운전불이행,젖음/습기,비,교차로 - 교차로부근,건설기계,남,63세,상해없음,승용,남,37세,경상
2021030200100131,2021년 3월 2일 10시,화요일,강원도 태백시 화전동,경상사고,0,0,1,0,차대차 - 측면충돌,안전운전불이행,서리/결빙,눈,단일로 - 기타,승용,남,46세,상해없음,승용,남,29세,경상
2021030200100160,2021년 3월 2일 11시,화요일,강원도 태백시 황지동,사망사고,1,0,0,0,차량단독 - 기타,안전운전불이행,서리/결빙,맑음,단일로 - 교량,건설기계,남,65세,사망,,,,
2021030200100193,2021년 3월 2일 12시,화요일,강원도 횡성군 둔내면,중상사고,0,1,0,0,차대차 - 추돌,안전운전불이행,적설,맑음,단일로 - 기타,승용,남,59세,상해없음,승용,남,59세,상해없음
2021030200100277,2021년 3월 2일 15시,화요일,강원도 양양군 서면,경상사고,0,0,2,0,차대차 - 측면충돌,안전운전불이행,적설,눈,단일로 - 고가도로위,화물,남,51세,상해없음,승용,남,61세,경상
2021030200100310,2021년 3월 2일 16시,화요일,강원도 태백시 황지동,경상사고,0,0,1,0,차대차 - 측면충돌,교차로운행방법위반,건조,맑음,교차로 - 교차로안,승용,여,52세,상해없음,승용,남,59세,상해없음
2021030200100348,2021년 3월 2일 17시,화요일,강원도 춘천시 서면,경상사고,0,0,1,0,차대차 - 기타,안전운전불이행,건조,맑음,단일로 - 기타,기타불명,기타불명,미분류,기타불명,승합,여,64세,경상
2021030200100349,2021년 3월 2일 17시,화요일,강원도 평창군 평창읍,경상사고,0,0,4,0,차대차 - 측면충돌,신호위반,건조,맑음,교차로 - 교차로안,승용,남,48세,경상,화물,남,22세,경상
2021030200100385,2021년 3월 2일 18시,화요일,강원도 춘천시 효자동,경상사고,0,0,1,0,차대차 - 측면충돌,안전운전불이행,젖음/습기,기타,교차로 - 교차로부근,승용,남,34세,기타불명,이륜,남,27세,경상
2021030200100431,2021년 3월 2일 19시,화요일,강원도 원주시 중앙동,경상사고,0,0,1,0,차대사람 - 기타,안전운전불이행,기타,맑음,단일로 - 기타,승용,남,37세,상해없음,보행자,여,52세,경상
2021030200100479,2021년 3월 2일 21시,화요일,강원도 춘천시 석사동,경상사고,0,0,4,0,차대차 - 추돌,안전운전불이행,건조,맑음,단일로 - 기타,승용,남,53세,상해없음,승용,여,63세,경상
2021030300100002,2021년 3월 3일 00시,수요일,강원도 원주시 단계동,경상사고,0,0,1,0,차대차 - 기타,직진우회전진행방해,건조,맑음,교차로 - 교차로안,승용,남,59세,상해없음,이륜,남,50세,경상
2021030300100095,2021년 3월 3일 08시,수요일,강원도 원주시 단구동,경상사고,0,0,2,0,차대차 - 기타,안전운전불이행,건조,맑음,단일로 - 교량,승용,여,56세,경상,승용,여,42세,경상
2021030300100219,2021년 3월 3일 12시,수요일,강원도 속초시 조양동,경상사고,0,0,2,0,차대차 - 후진중충돌,중앙선침범,젖음/습기,맑음,단일로 - 기타,승용,남,52세,상해없음,승용,남,29세,경상
2021030300100252,2021년 3월 3일 13시,수요일,강원도 원주시 관설동,경상사고,0,0,1,0,차대차 - 추돌,안전운전불이행,건조,맑음,기타 - 기타,승용,남,47세,상해없음,이륜,여,7세,경상
2021030300100311,2021년 3월 3일 15시,수요일,강원도 강릉시 성내동,중상사고,0,1,0,0,차대사람 - 횡단중,보행자보호의무위반,건조,맑음,단일로 - 기타,승용,남,47세,상해없음,보행자,여,65세,중상
2021030300100312,2021년 3월 3일 15시,수요일,강원도 원주시 부론면,중상사고,0,1,0,0,차량단독 - 전도전복 - 전도,안전운전불이행,건조,맑음,단일로 - 기타,원동기,남,74세,중상,,,,
2021030300100313,2021년 3월 3일 15시,수요일,강원도 태백시 황지동,부상신고사고,0,0,0,1,차대사람 - 기타,안전운전불이행,적설,맑음,단일로 - 기타,승용,남,74세,상해없음,보행자,여,15세,부상신고
2021030300100343,2021년 3월 3일 16시,수요일,강원도 원주시 단계동,경상사고,0,0,1,0,차대차 - 후진중충돌,안전운전불이행,건조,맑음,단일로 - 기타,승용,여,57세,상해없음,승용,여,29세,경상
2021030300100344,2021년 3월 3일 16시,수요일,강원도 영월군 주천면,경상사고,0,0,1,0,차대차 - 측면충돌,중앙선침범,건조,맑음,단일로 - 기타,승용,여,58세,상해없음,승용,여,34세,경상
2021030300100426,2021년 3월 3일 19시,수요일,강원도 원주시 명륜동,중상사고,0,1,1,0,차대차 - 추돌,안전운전불이행,건조,맑음,단일로 - 기타,승용,남,38세,상해없음,이륜,남,38세,중상
2021030300100427,2021년 3월 3일 19시,수요일,강원도 횡성군 횡성읍,경상사고,0,0,1,0,차대차 - 기타,기타,건조,맑음,단일로 - 기타,승용,여,62세,상해없음,이륜,남,19세,경상
2021030300100456,2021년 3월 3일 20시,수요일,강원도 원주시 단계동,경상사고,0,0,1,0,차대사람 - 횡단중,신호위반,건조,맑음,교차로 - 교차로안,화물,남,44세,상해없음,보행자,여,21세,경상
2021030400100084,2021년 3월 4일 08시,목요일,강원도 춘천시 서면,경상사고,0,0,1,0,차대차 - 기타,신호위반,건조,맑음,교차로 - 교차로안,화물,남,69세,상해없음,화물,남,61세,경상
2021030400100085,2021년 3월 4일 08시,목요일,강원도 원주시 단구동,부상신고사고,0,0,0,1,차대사람 - 보도통행중,안전운전불이행,건조,맑음,기타 - 기타,자전거,남,50세,상해없음,보행자,여,13세,부상신고
2021030400100086,2021년 3월 4일 08시,목요일,강원도 원주시 무실동,경상사고,0,0,1,0,차대차 - 측면충돌,안전운전불이행,건조,맑음,교차로 - 교차로부근,승용,남,63세,상해없음,승용,여,23세,경상
2021030400100116,2021년 3월 4일 09시,목요일,강원도 원주시 명륜동,중상사고,0,1,0,0,차대사람 - 횡단중,안전운전불이행,건조,맑음,교차로 - 교차로횡단보도내,승용,여,67세,상해없음,보행자,남,76세,중상
2021030400100139,2021년 3월 4일 10시,목요일,강원도 강릉시 옥천동,경상사고,0,0,2,0,차대차 - 추돌,안전운전불이행,젖음/습기,흐림,교차로 - 교차로부근,승용,남,72세,상해없음,승용,남,78세,경상
2021030400100140,2021년 3월 4일 10시,목요일,강원도 동해시 단봉동,경상사고,0,0,1,0,차대차 - 측면충돌,중앙선침범,건조,맑음,단일로 - 기타,화물,남,84세,상해없음,승용,남,49세,경상
2021030400100179,2021년 3월 4일 12시,목요일,강원도 원주시 명륜동,경상사고,0,0,2,0,차대차 - 기타,안전운전불이행,건조,맑음,단일로 - 기타,승용,여,26세,상해없음,승용,여,48세,경상
2021030400100180,2021년 3월 4일 12시,목요일,강원도 횡성군 서원면,중상사고,0,1,0,0,차량단독 - 전도전복 - 전도,안전운전불이행,건조,흐림,기타 - 기타,승용,남,72세,기타불명,,,,
2021030400100240,2021년 3월 4일 14시,목요일,강원도 속초시 중앙동,경상사고,0,0,1,0,차대차 - 측면충돌,안전운전불이행,건조,맑음,단일로 - 기타,승용,남,79세,상해없음,승용,여,27세,경상
2021030400100241,2021년 3월 4일 14시,목요일,강원도 태백시 화전동,경상사고,0,0,1,0,차대차 - 추돌,안전운전불이행,건조,맑음,단일로 - 기타,승용,여,34세,상해없음,승합,남,41세,상해없음
2021030400100261,2021년 3월 4일 15시,목요일,강원도 원주시 인동,경상사고,0,0,1,0,차대차 - 측면충돌,안전운전불이행,건조,맑음,교차로 - 교차로안,승용,남,74세,상해없음,승용,남,50세,경상
2021030400100286,2021년 3월 4일 16시,목요일,강원도 삼척시 정상동,경상사고,0,0,1,0,차대차 - 기타,직진우회전진행방해,건조,맑음,교차로 - 교차로안,승용,남,66세,상해없음,승합,남,44세,상해없음
2021030400100390,2021년 3월 4일 19시,목요일,강원도 원주시 우산동,경상사고,0,0,1,0,차대사람 - 보도통행중,안전운전불이행,건조,맑음,기타 - 기타,기타불명,기타불명,미분류,기타불명,보행자,남,50세,경상
2021030400100391,2021년 3월 4일 19시,목요일,강원도 원주시 무실동,경상사고,0,0,1,0,차대차 - 측면충돌,안전운전불이행,건조,맑음,단일로 - 기타,승용,남,64세,상해없음,승용,여,41세,경상
2021030400100490,2021년 3월 4일 22시,목요일,강원도 원주시 우산동,중상사고,0,1,0,0,차대사람 - 보도통행중,기타,건조,기타,기타 - 기타,화물,남,52세,상해없음,보행자,여,50세,중상
2021030400100491,2021년 3월 4일 22시,목요일,강원도 원주시 단구동,경상사고,0,0,1,0,차대차 - 추돌,기타,건조,맑음,단일로 - 기타,승용,남,35세,상해없음,승합,남,52세,경상
2021030400100492,2021년 3월 4일 22시,목요일,강원도 태백시 백산동,경상사고,0,0,1,0,차량단독 - 기타,안전운전불이행,건조,맑음,단일로 - 기타,승합,남,65세,상해없음,,,,
2021030500100065,2021년 3월 5일 07시,금요일,강원도 원주시 소초면,사망사고,1,1,1,0,차대차 - 정면충돌,중앙선침범,기타,안개,단일로 - 기타,승용,남,54세,사망,화물,남,37세,중상
2021030500100066,2021년 3월 5일 07시,금요일,강원도 원주시 판부면,중상사고,0,1,1,0,차대차 - 기타,신호위반,건조,맑음,교차로 - 교차로안,건설기계,남,57세,상해없음,승용,여,44세,경상
2021030500100095,2021년 3월 5일 08시,금요일,강원도 평창군 평창읍,부상신고사고,0,0,0,1,차대사람 - 차도통행중,교차로운행방법위반,건조,맑음,교차로 - 교차로안,승용,여,25세,상해없음,보행자,남,85세,부상신고
2021030500100096,2021년 3월 5일 08시,금요일,강원도 동해시 천곡동,중상사고,0,1,0,0,차대사람 - 횡단중,안전운전불이행,건조,맑음,단일로 - 기타,승용,여,60세,상해없음,보행자,여,72세,중상
2021030500100097,2021년 3월 5일 08시,금요일,강원도 동해시 쇄운동,경상사고,0,0,1,0,차대차 - 측면충돌,중앙선침범,건조,맑음,기타 - 기타,승용,여,37세,상해없음,승합,남,46세,경상
2021030500100167,2021년 3월 5일 10시,금요일,강원도 강릉시 청량동,경상사고,0,0,3,0,차대차 - 측면충돌,안전운전불이행,건조,맑음,교차로 - 교차로안,화물,남,65세,상해없음,승용,남,38세,경상
2021030500100168,2021년 3월 5일 10시,금요일,강원도 원주시 단계동,중상사고,0,1,3,0,차대차 - 측면충돌,중앙선침범,건조,맑음,교차로 - 교차로부근,승용,여,70세,상해없음,승용,여,41세,경상
2021030500100247,2021년 3월 5일 13시,금요일,강원도 태백시 황지동,중상사고,0,1,0,0,차대사람 - 횡단중,안전운전불이행,건조,맑음,단일로 - 기타,승용,남,69세,상해없음,보행자,남,67세,중상
2021030500100248,2021년 3월 5일 13시,금요일,강원도 인제군 기린면,경상사고,0,0,1,0,차대사람 - 차도통행중,안전운전불이행,건조,맑음,단일로 - 교량,승용,남,71세,상해없음,보행자,남,67세,경상
2021030500100280,2021년 3월 5일 14시,금요일,강원도 횡성군 횡성읍,경상사고,0,0,1,0,차대차 - 추돌,안전운전불이행,건조,맑음,단일로 - 기타,승용,남,52세,상해없음,승용,여,57세,경상
2021030500100317,2021년 3월 5일 15시,금요일,강원도 춘천시 사농동,경상사고,0,0,1,0,차대차 - 측면충돌,신호위반,건조,맑음,교차로 - 교차로부근,승용,남,81세,상해없음,자전거,남,13세,경상
2021030500100318,2021년 3월 5일 15시,금요일,강원도 홍천군 홍천읍,경상사고,0,0,1,0,차대차 - 측면충돌,안전운전불이행,건조,맑음,단일로 - 기타,승용,남,65세,상해없음,승용,여,62세,경상
2021030500100436,2021년 3월 5일 18시,금요일,강원도 춘천시 후평동,경상사고,0,0,1,0,차대차 - 측면충돌,안전운전불이행,건조,맑음,교차로 - 교차로안,이륜,남,41세,상해없음,승용,여,30세,경상
2021030500100437,2021년 3월 5일 18시,금요일,강원도 원주시 소초면,경상사고,0,0,2,0,차대차 - 정면충돌,중앙선침범,건조,맑음,단일로 - 기타,승용,남,58세,상해없음,승용,여,64세,경상
2021030500100438,2021년 3월 5일 18시,금요일,강원도 동해시 묵호진동,경상사고,0,0,1,0,차대차 - 추돌,안전운전불이행,건조,맑음,단일로 - 기타,승용,남,66세,상해없음,승용,남,64세,경상
2021030500100480,2021년 3월 5일 19시,금요일,강원도 춘천시 효자동,중상사고,0,1,0,0,차대차 - 측면충돌,안전운전불이행,건조,맑음,교차로 - 교차로안,승용,남,58세,상해없음,이륜,남,35세,중상
2021030500100518,2021년 3월 5일 20시,금요일,강원도 원주시 명륜동,중상사고,0,1,0,0,차대사람 - 기타,안전운전불이행,건조,맑음,단일로 - 기타,개인형이동수단(PM),남,18세,중상,보행자,남,39세,상해없음
2021030600100052,2021년 3월 6일 06시,토요일,강원도 강릉시 포남동,경상사고,0,0,1,0,차대차 - 측면충돌,안전운전불이행,젖음/습기,맑음,단일로 - 기타,승용,여,47세,상해없음,화물,남,48세,경상
2021030600100070,2021년 3월 6일 08시,토요일,강원도 춘천시 효자동,경상사고,0,0,1,0,차대차 - 기타,안전운전불이행,건조,맑음,단일로 - 기타,승용,남,84세,상해없음,승용,남,36세,경상
2021030600100082,2021년 3월 6일 09시,토요일,강원도 원주시 단계동,경상사고,0,0,1,0,차대차 - 측면충돌,안전거리미확보,건조,맑음,단일로 - 기타,승합,남,20세,상해없음,승용,여,51세,경상
2021030600100083,2021년 3월 6일 09시,토요일,강원도 원주시 단계동,경상사고,0,0,3,0,차대차 - 측면충돌,중앙선침범,건조,맑음,교차로 - 교차로부근,승합,남,20세,상해없음,승용,여,39세,경상
2021030600100110,2021년 3월 6일 10시,토요일,강원도 홍천군 홍천읍,경상사고,0,0,1,0,차대사람 - 길가장자리구역통행중,안전운전불이행,건조,맑음,단일로 - 지하차도(도로)내,승합,남,62세,상해없음,보행자,남,80세,경상
2021030600100197,2021년 3월 6일 13시,토요일,강원도 춘천시 퇴계동,중상사고,0,1,0,0,차대차 - 측면충돌,안전운전불이행,건조,맑음,교차로 - 교차로안,화물,남,65세,상해없음,이륜,남,25세,중상
2021030600100198,2021년 3월 6일 13시,토요일,강원도 원주시 일산동,부상신고사고,0,0,0,1,차대차 - 추돌,직진우회전진행방해,건조,맑음,교차로 - 교차로안,이륜,남,60세,부상신고,승용,남,20세,상해없음
2021030600100199,2021년 3월 6일 13시,토요일,강원도 원주시 개운동,경상사고,0,0,1,0,차대차 - 측면충돌,안전운전불이행,건조,맑음,교차로 - 교차로안,승용,남,24세,상해없음,승합,여,59세,경상
2021030600100225,2021년 3월 6일 14시,토요일,강원도 춘천시 효자동,경상사고,0,0,2,0,차대차 - 측면충돌,안전거리미확보,건조,맑음,단일로 - 기타,승용,남,64세,상해없음,승용,남,29세,경상
2021030600100226,2021년 3월 6일 14시,토요일,강원도 강릉시 성내동,경상사고,0,0,3,0,차대차 - 측면충돌,신호위반,젖음/습기,비,교차로 - 교차로안,승용,남,38세,상해없음,승용,남,29세,경상
2021030600100227,2021년 3월 6일 14시,토요일,강원도 평창군 미탄면,경상사고,0,0,3,0,차대차 - 측면충돌,직진우회전진행방해,건조,흐림,교차로 - 교차로안,승용,여,65세,경상,승용,남,49세,상해없음
2021030600100228,2021년 3월 6일 14시,토요일,강원도 동해시 천곡동,중상사고,0,2,1,0,차대사람 - 보도통행중,신호위반,젖음/습기,비,교차로 - 교차로횡단보도내,화물,남,63세,상해없음,보행자,여,54세,중상
2021030600100265,2021년 3월 6일 15시,토요일,강원도 영월군 영월읍,경상사고,0,0,1,0,차대차 - 추돌,안전운전불이행,건조,맑음,교차로 - 교차로부근,승용,남,37세,상해없음,승용,여,50세,경상
2021030600100294,2021년 3월 6일 16시,토요일,강원도 횡성군 둔내면,중상사고,0,1,1,1,차대차 - 정면충돌,안전운전불이행,서리/결빙,흐림,교차로 - 교차로부근,승합,남,48세,부상신고,승용,남,44세,경상
2021030600100327,2021년 3월 6일 17시,토요일,강원도 고성군 토성면,경상사고,0,0,1,0,차대차 - 추돌,안전운전불이행,서리/결빙,눈,교차로 - 교차로부근,화물,남,62세,상해없음,승용,여,38세,경상
2021030600100354,2021년 3월 6일 18시,토요일,강원도 춘천시 동면,경상사고,0,0,1,0,차대차 - 측면충돌,직진우회전진행방해,건조,맑음,교차로 - 교차로안,승용,남,47세,상해없음,승용,남,23세,경상
2021030600100355,2021년 3월 6일 18시,토요일,강원도 횡성군 횡성읍,경상사고,0,0,2,0,차대차 - 추돌,안전운전불이행,건조,흐림,교차로 - 교차로부근,화물,남,46세,상해없음,승용,여,37세,경상
2021030600100467,2021년 3월 6일 22시,토요일,강원도 동해시 천곡동,경상사고,0,0,1,0,차대사람 - 차도통행중,안전운전불이행,젖음/습기,비,단일로 - 기타,승용,남,52세,상해없음,보행자,남,19세,경상
2021030700100079,2021년 3월 7일 11시,일요일,강원도 춘천시 후평동,중상사고,0,1,1,0,차대차 - 추돌,안전운전불이행,건조,맑음,교차로 - 교차로안,승용,남,39세,상해없음,승용,남,63세,경상
2021030700100080,2021년 3월 7일 11시,일요일,강원도 춘천시 효자동,경상사고,0,0,1,0,차대차 - 측면충돌,중앙선침범,건조,맑음,단일로 - 기타,승용,남,32세,상해없음,원동기,남,30세,경상
2021030700100081,2021년 3월 7일 11시,일요일,강원도 원주시 봉산동,경상사고,0,0,1,0,차대사람 - 기타,안전운전불이행,건조,맑음,단일로 - 기타,화물,남,60세,상해없음,보행자,여,55세,경상
2021030700100150,2021년 3월 7일 14시,일요일,강원도 원주시 흥업면,중상사고,0,2,0,0,차대차 - 측면충돌,기타,건조,맑음,교차로 - 교차로안,승용,여,61세,상해없음,승용,남,61세,중상
2021030700100151,2021년 3월 7일 14시,일요일,강원도 원주시 일산동,경상사고,0,0,2,0,차대차 - 측면충돌,교차로운행방법위반,건조,맑음,교차로 - 교차로부근,승용,여,60세,상해없음,승용,남,66세,경상
2021030700100152,2021년 3월 7일 14시,일요일,강원도 영월군 영월읍,부상신고사고,0,0,0,1,차대차 - 측면충돌,교차로운행방법위반,건조,맑음,교차로 - 교차로안,승용,남,47세,상해없음,승용,남,54세,상해없음
2021030700100186,2021년 3월 7일 15시,일요일,강원도 평창군 봉평면,경상사고,0,0,1,0,차대차 - 기타,중앙선침범,건조,맑음,단일로 - 기타,승용,여,59세,상해없음,원동기,남,70세,경상
2021030700100187,2021년 3월 7일 15시,일요일,강원도 원주시 호저면,중상사고,0,1,0,0,차대차 - 기타,안전운전불이행,건조,맑음,단일로 - 기타,승용,남,35세,상해없음,승용,남,45세,중상
2021030700100218,2021년 3월 7일 16시,일요일,강원도 춘천시 근화동,부상신고사고,0,0,0,1,차대차 - 기타,안전운전불이행,건조,맑음,기타 - 기타,개인형이동수단(PM),기타불명,미분류,기타불명,자전거,여,56세,부상신고
2021030700100219,2021년 3월 7일 16시,일요일,강원도 삼척시 정상동,경상사고,0,0,2,0,차대차 - 추돌,안전운전불이행,기타,맑음,단일로 - 기타,승용,여,54세,상해없음,승용,여,49세,경상