사고번호,사고일시,요일,시군구,사고내용,사망자수,중상자수,경상자수,부상신고자수,사고유형,법규위반,노면상태,기상상태,도로형태,가해운전자 차종,가해운전자 성별,가해운전자 연령,가해운전자 상해정도,피해운전자 차종,피해운전자 성별,피해운전자 연령,피해운전자 상해정도
2021031500100208,2021년 3월 15일 12시,월요일,강원도 원주시 개운동,경상사고,0,0,1,0,차대차 - 측면충돌,교차로운행방법위반,건조,맑음,교차로 - 교차로안,승용,여,57세,상해없음,원동기,남,48세,경상
2021031500100264,2021년 3월 15일 14시,월요일,강원도 동해시 천곡동,경상사고,0,0,1,0,차대차 - 측면충돌,중앙선침범,건조,맑음,단일로 - 기타,승용,여,63세,상해없음,이륜,남,27세,경상
2021031500100297,2021년 3월 15일 15시,월요일,강원도 속초시 동명동,경상사고,0,0,1,0,차대차 - 측면충돌,안전운전불이행,건조,맑음,교차로 - 교차로안,승용,여,59세,상해없음,특수,남,40세,경상
2021031500100330,2021년 3월 15일 16시,월요일,강원도 원주시 판부면,경상사고,0,0,1,0,차대차 - 측면충돌,중앙선침범,건조,맑음,단일로 - 기타,승용,여,23세,상해없음,승용,남,65세,경상
2021031500100418,2021년 3월 15일 18시,월요일,강원도 춘천시 우두동,경상사고,0,0,1,0,차대차 - 측면충돌,직진우회전진행방해,건조,맑음,교차로 - 교차로안,화물,남,25세,상해없음,화물,남,54세,경상
2021031500100419,2021년 3월 15일 18시,월요일,강원도 원주시 소초면,경상사고,0,0,2,0,차대차 - 기타,안전운전불이행,건조,맑음,기타 - 기타,화물,남,32세,상해없음,승용,남,39세,경상
2021031500100515,2021년 3월 15일 21시,월요일,강원도 원주시 단계동,중상사고,0,1,0,0,차대사람 - 차도통행중,안전운전불이행,건조,맑음,단일로 - 기타,승용,남,43세,상해없음,보행자,남,32세,중상
2021031500100516,2021년 3월 15일 21시,월요일,강원도 속초시 청학동,경상사고,0,0,1,0,차대차 - 측면충돌,교차로운행방법위반,건조,맑음,교차로 - 교차로안,승용,여,26세,상해없음,승용,남,42세,경상
2021031600100009,2021년 3월 16일 00시,화요일,강원도 속초시 교동,경상사고,0,0,1,0,차대차 - 측면충돌,안전운전불이행,건조,맑음,교차로 - 교차로부근,승용,남,32세,상해없음,승용,남,24세,경상
2021031600100143,2021년 3월 16일 09시,화요일,강원도 원주시 무실동,경상사고,0,0,2,0,차대차 - 측면충돌,교차로운행방법위반,건조,맑음,교차로 - 교차로안,승용,여,66세,상해없음,승용,남,28세,경상
2021031600100173,2021년 3월 16일 10시,화요일,강원도 화천군 상서면,경상사고,0,0,1,0,차대차 - 측면충돌,안전운전불이행,건조,맑음,교차로 - 교차로부근,승용,남,39세,상해없음,사륜오토바이(ATV),남,71세,경상
2021031600100269,2021년 3월 16일 13시,화요일,강원도 강릉시 송정동,경상사고,0,0,2,0,차대차 - 추돌,안전운전불이행,건조,맑음,단일로 - 기타,승용,남,77세,상해없음,승용,남,61세,경상
2021031600100270,2021년 3월 16일 13시,화요일,강원도 원주시 단계동,중상사고,0,1,0,0,차대차 - 기타,안전운전불이행,건조,맑음,단일로 - 기타,승용,여,28세,상해없음,이륜,남,66세,중상
2021031600100271,2021년 3월 16일 13시,화요일,강원도 삼척시 정하동,중상사고,0,1,0,0,차대차 - 기타,안전운전불이행,건조,맑음,단일로 - 기타,승용,여,61세,상해없음,화물,남,50세,상해없음
2021031600100297,2021년 3월 16일 14시,화요일,강원도 속초시 도문동,중상사고,0,1,1,0,차대차 - 추돌,안전운전불이행,건조,맑음,교차로 - 교차로부근,승용,남,70세,상해없음,승용,남,49세,중상
2021031600100298,2021년 3월 16일 14시,화요일,강원도 동해시 효가동,경상사고,0,0,1,1,차대차 - 측면충돌,직진우회전진행방해,건조,맑음,교차로 - 교차로안,승용,여,68세,부상신고,승용,여,57세,경상
2021031600100333,2021년 3월 16일 15시,화요일,강원도 춘천시 퇴계동,중상사고,0,1,0,0,차대차 - 기타,안전운전불이행,건조,맑음,단일로 - 기타,승용,남,68세,상해없음,이륜,남,52세,중상
2021031600100367,2021년 3월 16일 16시,화요일,강원도 원주시 명륜동,경상사고,0,0,2,0,차대차 - 정면충돌,안전거리미확보,건조,맑음,단일로 - 기타,승용,남,28세,상해없음,승용,남,46세,경상
2021031600100368,2021년 3월 16일 16시,화요일,강원도 원주시 행구동,경상사고,0,0,2,0,차대차 - 측면충돌,안전운전불이행,건조,맑음,단일로 - 기타,승용,여,35세,상해없음,승용,남,47세,경상
2021031600100398,2021년 3월 16일 17시,화요일,강원도 춘천시 효자동,경상사고,0,0,1,0,차대차 - 측면충돌,안전거리미확보,건조,맑음,단일로 - 기타,이륜,남,24세,상해없음,승용,남,74세,경상
2021031600100399,2021년 3월 16일 17시,화요일,강원도 춘천시 효자동,경상사고,0,0,1,0,차대차 - 추돌,안전운전불이행,건조,맑음,단일로 - 기타,승용,여,64세,상해없음,승용,여,41세,경상
2021031600100400,2021년 3월 16일 17시,화요일,강원도 속초시 교동,경상사고,0,0,1,0,차대사람 - 차도통행중,안전운전불이행,건조,맑음,교차로 - 교차로부근,승용,여,77세,상해없음,보행자,남,40세,경상
2021031600100447,2021년 3월 16일 18시,화요일,강원도 강릉시 사천면,경상사고,0,0,3,0,차대차 - 기타,신호위반,건조,맑음,교차로 - 교차로안,화물,남,44세,기타불명,승용,여,42세,경상
2021031600100517,2021년 3월 16일 20시,화요일,강원도 원주시 태장동,경상사고,0,0,1,0,차대차 - 측면충돌,신호위반,건조,맑음,교차로 - 교차로안,승용,남,36세,상해없음,승용,여,43세,경상
2021031600100568,2021년 3월 16일 22시,화요일,강원도 원주시 무실동,경상사고,0,0,1,0,차대사람 - 기타,안전운전불이행,건조,기타,기타 - 기타,승용,남,58세,상해없음,보행자,남,21세,경상
2021031600100592,2021년 3월 16일 23시,화요일,강원도 춘천시 동산면,경상사고,0,0,1,1,차대차 - 측면충돌,불법유턴,건조,맑음,단일로 - 기타,승용,남,34세,경상,이륜,남,20세,부상신고
2021031700100163,2021년 3월 17일 11시,수요일,강원도 원주시 학성동,중상사고,0,1,0,0,차대사람 - 횡단중,보행자보호의무위반,건조,맑음,교차로 - 교차로횡단보도내,이륜,남,69세,상해없음,보행자,남,76세,중상
2021031700100226,2021년 3월 17일 13시,수요일,강원도 춘천시 석사동,경상사고,0,0,1,0,차대차 - 측면충돌,차로위반,건조,맑음,교차로 - 교차로횡단보도내,승용,남,68세,상해없음,화물,남,38세,경상
2021031700100227,2021년 3월 17일 13시,수요일,강원도 강릉시 내곡동,중상사고,0,1,0,0,차대사람 - 길가장자리구역통행중,안전운전불이행,건조,맑음,기타 - 기타,원동기,남,22세,상해없음,보행자,여,72세,중상
2021031700100228,2021년 3월 17일 13시,수요일,강원도 강릉시 포남동,경상사고,0,0,2,0,차대차 - 기타,신호위반,건조,맑음,교차로 - 교차로안,승용,여,51세,상해없음,승용,남,25세,경상
2021031700100229,2021년 3월 17일 13시,수요일,강원도 삼척시 남양동,경상사고,0,0,1,0,차대사람 - 보도통행중,안전운전불이행,기타,맑음,기타 - 기타,자전거,남,77세,상해없음,보행자,여,90세,경상
2021031700100266,2021년 3월 17일 14시,수요일,강원도 속초시 교동,경상사고,0,0,1,0,차대차 - 측면충돌,신호위반,건조,맑음,교차로 - 교차로안,승용,여,40세,상해없음,이륜,남,25세,경상
2021031700100302,2021년 3월 17일 15시,수요일,강원도 강릉시 교동,경상사고,0,0,1,0,차대차 - 측면충돌,안전운전불이행,건조,맑음,교차로 - 교차로부근,승용,여,45세,상해없음,승용,남,35세,경상
2021031700100303,2021년 3월 17일 15시,수요일,강원도 동해시 효가동,경상사고,0,0,1,0,차대사람 - 보도통행중,안전운전불이행,건조,맑음,단일로 - 기타,승용,남,57세,상해없음,보행자,남,35세,경상
2021031700100378,2021년 3월 17일 17시,수요일,강원도 영월군 영월읍,중상사고,0,1,3,0,차대차 - 측면충돌,직진우회전진행방해,건조,맑음,교차로 - 교차로안,승용,남,34세,상해없음,승용,여,49세,중상
2021031700100422,2021년 3월 17일 18시,수요일,강원도 홍천군 홍천읍,경상사고,0,0,1,0,차대사람 - 횡단중,보행자보호의무위반,건조,맑음,교차로 - 교차로횡단보도내,승용,남,72세,상해없음,보행자,여,96세,경상
2021031700100461,2021년 3월 17일 19시,수요일,강원도 삼척시 교동,경상사고,0,0,1,0,차대차 - 추돌,신호위반,기타,맑음,교차로 - 교차로안,승합,여,54세,상해없음,승용,남,54세,경상
2021031700100499,2021년 3월 17일 20시,수요일,강원도 춘천시 석사동,경상사고,0,0,1,0,차대차 - 측면충돌,차로위반,건조,맑음,단일로 - 기타,승용,여,50세,상해없음,승용,남,28세,경상
2021031700100559,2021년 3월 17일 22시,수요일,강원도 강릉시 홍제동,경상사고,0,0,1,0,차대차 - 측면충돌,안전운전불이행,건조,맑음,단일로 - 기타,승용,남,52세,상해없음,승합,남,55세,경상
2021031800100007,2021년 3월 18일 00시,목요일,강원도 원주시 단계동,경상사고,0,0,1,0,차대차 - 정면충돌,안전운전불이행,건조,맑음,교차로 - 교차로부근,승용,남,25세,상해없음,승용,여,22세,경상
2021031800100021,2021년 3월 18일 03시,목요일,강원도 속초시 교동,경상사고,0,0,1,0,차대사람 - 길가장자리구역통행중,안전운전불이행,건조,맑음,교차로 - 교차로부근,이륜,남,25세,상해없음,보행자,남,50세,경상
2021031800100045,2021년 3월 18일 06시,목요일,강원도 속초시 교동,경상사고,0,0,1,0,차대차 - 측면충돌,기타,건조,맑음,교차로 - 교차로안,승용,남,51세,상해없음,자전거,남,50세,경상
2021031800100092,2021년 3월 18일 08시,목요일,강원도 춘천시 퇴계동,경상사고,0,0,1,0,차대차 - 측면충돌,신호위반,건조,맑음,교차로 - 교차로안,승용,남,76세,상해없음,승용,남,38세,경상
2021031800100167,2021년 3월 18일 11시,목요일,강원도 횡성군 횡성읍,경상사고,0,0,1,0,차대사람 - 차도통행중,안전운전불이행,건조,맑음,교차로 - 교차로안,화물,남,62세,상해없음,보행자,여,78세,경상
2021031800100197,2021년 3월 18일 12시,목요일,강원도 원주시 봉산동,중상사고,0,1,0,0,차대차 - 측면충돌,안전운전불이행,건조,맑음,교차로 - 교차로안,승용,남,21세,상해없음,자전거,남,73세,중상
2021031800100198,2021년 3월 18일 12시,목요일,강원도 원주시 일산동,경상사고,0,0,1,0,차대사람 - 횡단중,안전운전불이행,건조,맑음,단일로 - 기타,승용,남,25세,상해없음,보행자,여,82세,경상
2021031800100224,2021년 3월 18일 13시,목요일,강원도 원주시 지정면,경상사고,0,0,2,0,차대차 - 측면충돌,직진우회전진행방해,건조,맑음,교차로 - 교차로안,승용,여,28세,경상,승용,여,48세,경상
2021031800100225,2021년 3월 18일 13시,목요일,강원도 인제군 기린면,경상사고,0,0,3,0,차대차 - 추돌,안전운전불이행,건조,맑음,단일로 - 기타,화물,남,66세,상해없음,승용,여,63세,경상
2021031800100294,2021년 3월 18일 15시,목요일,강원도 춘천시 동내면,경상사고,0,0,1,0,차대사람 - 기타,안전운전불이행,건조,맑음,단일로 - 기타,승합,여,50세,상해없음,보행자,남,27세,경상
2021031800100295,2021년 3월 18일 15시,목요일,강원도 원주시 중앙동,중상사고,0,2,0,0,차대차 - 측면충돌,안전운전불이행,건조,맑음,교차로 - 교차로안,승합,남,47세,상해없음,이륜,남,72세,중상
2021031800100327,2021년 3월 18일 16시,목요일,강원도 강릉시 홍제동,경상사고,0,0,2,0,차대차 - 기타,안전운전불이행,건조,맑음,교차로 - 교차로안,승용,남,23세,상해없음,승용,남,50세,경상
2021031800100328,2021년 3월 18일 16시,목요일,강원도 평창군 대화면,부상신고사고,0,0,0,1,차대차 - 측면충돌,직진우회전진행방해,건조,맑음,교차로 - 교차로안,승용,남,55세,상해없음,원동기,남,77세,부상신고
2021031800100455,2021년 3월 18일 20시,목요일,강원도 삼척시 교동,경상사고,0,0,1,0,차대차 - 기타,안전운전불이행,건조,맑음,단일로 - 기타,승용,남,18세,상해없음,원동기,남,21세,경상
2021031800100502,2021년 3월 18일 22시,목요일,강원도 강릉시 성산면,경상사고,0,0,1,0,차대차 - 기타,안전운전불이행,건조,맑음,기타 - 기타,승합,남,44세,상해없음,승합,남,53세,경상
2021031900100021,2021년 3월 19일 03시,금요일,강원도 강릉시 교동,경상사고,0,0,2,0,차대차 - 기타,안전운전불이행,건조,맑음,교차로 - 교차로안,승용,남,27세,경상,승용,남,27세,경상
2021031900100041,2021년 3월 19일 06시,금요일,강원도 춘천시 신동면,중상사고,0,1,2,0,차대차 - 추돌,기타,건조,맑음,단일로 - 기타,승용,남,47세,상해없음,건설기계,남,60세,경상
2021031900100080,2021년 3월 19일 08시,금요일,강원도 원주시 우산동,경상사고,0,0,1,0,차대차 - 측면충돌,안전운전불이행,건조,맑음,단일로 - 기타,화물,남,66세,상해없음,자전거,남,82세,경상
2021031900100115,2021년 3월 19일 09시,금요일,강원도 춘천시 온의동,경상사고,0,0,1,0,차대차 - 측면충돌,신호위반,건조,맑음,교차로 - 교차로안,승용,남,43세,상해없음,화물,남,53세,경상
2021031900100116,2021년 3월 19일 09시,금요일,강원도 화천군 화천읍,경상사고,0,0,1,0,차대차 - 측면충돌,안전운전불이행,건조,맑음,교차로 - 교차로안,승용,여,66세,상해없음,화물,남,31세,경상
2021031900100211,2021년 3월 19일 12시,금요일,강원도 횡성군 횡성읍,경상사고,0,0,1,0,차대차 - 측면충돌,교차로운행방법위반,건조,맑음,교차로 - 교차로안,승용,여,39세,상해없음,승용,여,63세,경상
2021031900100249,2021년 3월 19일 13시,금요일,강원도 춘천시 우두동,경상사고,0,0,1,0,차대차 - 추돌,안전거리미확보,건조,맑음,단일로 - 기타,승용,남,83세,상해없음,승용,여,59세,경상
2021031900100250,2021년 3월 19일 13시,금요일,강원도 화천군 상서면,사망사고,1,0,0,0,차대차 - 측면충돌,기타,건조,맑음,교차로 - 교차로안,화물,남,22세,상해없음,사륜오토바이(ATV),남,81세,사망
2021031900100318,2021년 3월 19일 15시,금요일,강원도 춘천시 우두동,경상사고,0,0,2,0,차대차 - 측면충돌,안전운전불이행,건조,맑음,단일로 - 기타,승용,여,41세,상해없음,승용,남,36세,경상
2021031900100319,2021년 3월 19일 15시,금요일,강원도 속초시 중앙동,중상사고,0,1,1,0,차대차 - 측면충돌,안전운전불이행,건조,맑음,교차로 - 교차로안,화물,여,43세,상해없음,승용,여,61세,중상
2021031900100412,2021년 3월 19일 17시,금요일,강원도 춘천시 온의동,경상사고,0,0,1,0,차대차 - 추돌,안전거리미확보,건조,맑음,단일로 - 기타,승용,남,61세,상해없음,승용,남,57세,경상
2021031900100413,2021년 3월 19일 17시,금요일,강원도 횡성군 서원면,경상사고,0,0,1,0,차대차 - 기타,중앙선침범,건조,맑음,단일로 - 기타,화물,남,62세,상해없음,승용,여,60세,경상
2021031900100452,2021년 3월 19일 18시,금요일,강원도 원주시 단구동,경상사고,0,0,2,0,차대차 - 측면충돌,안전운전불이행,건조,맑음,단일로 - 기타,승용,여,54세,상해없음,승용,여,42세,경상
2021031900100453,2021년 3월 19일 18시,금요일,강원도 영월군 주천면,부상신고사고,0,0,0,1,차량단독 - 공작물충돌,안전운전불이행,건조,맑음,주차장 - 주차장,승용,남,84세,상해없음,,,,
2021031900100454,2021년 3월 19일 18시,금요일,강원도 동해시 효가동,경상사고,0,0,3,0,차대차 - 추돌,안전거리미확보,건조,맑음,단일로 - 기타,승용,남,22세,경상,승용,남,60세,경상
2021031900100498,2021년 3월 19일 19시,금요일,강원도 춘천시 석사동,경상사고,0,0,2,0,차대차 - 기타,안전운전불이행,건조,맑음,단일로 - 기타,승용,남,24세,상해없음,승용,남,54세,기타불명
2021031900100499,2021년 3월 19일 19시,금요일,강원도 강릉시 옥천동,경상사고,0,0,1,0,차대사람 - 기타,기타,건조,맑음,기타 - 기타,화물,남,74세,상해없음,보행자,남,52세,경상
2021031900100622,2021년 3월 19일 22시,금요일,강원도 춘천시 석사동,경상사고,0,0,1,0,차대차 - 기타,신호위반,건조,맑음,교차로 - 교차로안,기타불명,기타불명,미분류,기타불명,승용,남,47세,상해없음
2021032000100013,2021년 3월 20일 01시,토요일,강원도 고성군 현내면,중상사고,0,2,0,0,차량단독 - 기타,안전운전불이행,건조,맑음,단일로 - 교량,화물,남,35세,중상,,,,
2021032000100022,2021년 3월 20일 02시,토요일,강원도 춘천시 효자동,경상사고,0,0,1,0,차대사람 - 기타,안전운전불이행,건조,기타,단일로 - 기타,승용,남,28세,상해없음,보행자,남,22세,경상
2021032000100033,2021년 3월 20일 05시,토요일,강원도 삼척시 자원동,경상사고,0,0,1,0,차량단독 - 공작물충돌,안전운전불이행,건조,맑음,단일로 - 지하차도(도로)내,화물,남,33세,경상,,,,
2021032000100064,2021년 3월 20일 08시,토요일,강원도 강릉시 옥천동,경상사고,0,0,1,0,차대사람 - 차도통행중,안전운전불이행,건조,흐림,단일로 - 기타,승용,남,22세,상해없음,보행자,여,67세,경상
2021032000100081,2021년 3월 20일 09시,토요일,강원도 삼척시 남양동,경상사고,0,0,2,0,차대차 - 측면충돌,신호위반,건조,맑음,교차로 - 교차로안,승용,여,63세,경상,승합,남,56세,경상
2021032000100097,2021년 3월 20일 10시,토요일,강원도 강릉시 주문진읍,중상사고,0,1,0,0,차대사람 - 기타,보행자보호의무위반,젖음/습기,비,단일로 - 기타,승용,여,57세,상해없음,보행자,남,84세,중상
2021032000100159,2021년 3월 20일 12시,토요일,강원도 춘천시 퇴계동,경상사고,0,0,2,0,차대사람 - 기타,안전운전불이행,젖음/습기,비,단일로 - 기타,승용,남,56세,상해없음,보행자,남,21세,경상
2021032000100195,2021년 3월 20일 13시,토요일,강원도 원주시 평원동,경상사고,0,0,4,0,차대차 - 측면충돌,기타,젖음/습기,비,교차로 - 교차로안,화물,남,64세,상해없음,승용,남,23세,경상
2021032000100196,2021년 3월 20일 13시,토요일,강원도 원주시 단계동,경상사고,0,0,1,0,차대차 - 기타,안전운전불이행,건조,맑음,단일로 - 기타,승용,남,27세,상해없음,승용,남,38세,경상
2021032000100197,2021년 3월 20일 13시,토요일,강원도 춘천시 남면,경상사고,0,0,3,0,차대차 - 추돌,안전거리미확보,건조,맑음,단일로 - 기타,승용,여,28세,상해없음,승용,여,40세,경상
2021032000100325,2021년 3월 20일 17시,토요일,강원도 동해시 단봉동,경상사고,0,0,1,0,차량단독 - 공작물충돌,안전운전불이행,건조,맑음,단일로 - 기타,승용,남,22세,상해없음,,,,
2021032000100396,2021년 3월 20일 19시,토요일,강원도 원주시 무실동,부상신고사고,0,0,0,1,차대사람 - 기타,안전운전불이행,건조,맑음,단일로 - 기타,승용,남,37세,상해없음,보행자,남,42세,부상신고
2021032000100397,2021년 3월 20일 19시,토요일,강원도 동해시 평릉동,경상사고,0,0,1,0,차대사람 - 횡단중,안전운전불이행,건조,맑음,단일로 - 기타,승용,남,55세,상해없음,보행자,남,76세,경상
2021032000100431,2021년 3월 20일 20시,토요일,강원도 강릉시 포남동,중상사고,0,1,0,0,차대차 - 기타,신호위반,건조,맑음,교차로 - 교차로안,승용,남,57세,상해없음,원동기,남,22세,중상
2021032100100003,2021년 3월 21일 00시,일요일,강원도 동해시 평릉동,경상사고,0,0,2,0,차대차 - 기타,신호위반,건조,맑음,교차로 - 교차로안,승용,남,30세,기타불명,승용,남,59세,경상
2021032100100022,2021년 3월 21일 02시,일요일,강원도 원주시 호저면,중상사고,0,1,0,0,차량단독 - 공작물충돌,안전운전불이행,건조,맑음,교차로 - 교차로안,승용,남,35세,중상,,,,
2021032100100067,2021년 3월 21일 09시,일요일,강원도 속초시 교동,경상사고,0,0,1,0,차대사람 - 횡단중,보행자보호의무위반,건조,맑음,교차로 - 교차로횡단보도내,승용,남,28세,상해없음,보행자,남,48세,경상
2021032100100081,2021년 3월 21일 10시,일요일,강원도 원주시 학성동,사망사고,1,0,0,0,차대사람 - 차도통행중,안전운전불이행,건조,맑음,단일로 - 기타,승용,여,55세,상해없음,보행자,여,63세,사망
2021032100100096,2021년 3월 21일 11시,일요일,강원도 춘천시 근화동,중상사고,0,1,0,0,차대차 - 측면충돌,신호위반,건조,맑음,교차로 - 교차로안,승용,남,24세,상해없음,승용,여,58세,중상
2021032100100110,2021년 3월 21일 12시,일요일,강원도 강릉시 교동,경상사고,0,0,1,0,차대차 - 측면충돌,안전운전불이행,건조,맑음,교차로 - 교차로안,승용,남,77세,상해없음,화물,남,41세,경상
2021032100100139,2021년 3월 21일 13시,일요일,강원도 태백시 황지동,경상사고,0,0,1,0,차량단독 - 공작물충돌,안전운전불이행,건조,맑음,단일로 - 기타,승용,남,28세,상해없음,,,,
2021032100100163,2021년 3월 21일 14시,일요일,강원도 강릉시 주문진읍,경상사고,0,0,1,0,차대사람 - 차도통행중,안전운전불이행,건조,맑음,단일로 - 기타,승용,남,58세,상해없음,보행자,남,23세,경상
2021032100100209,2021년 3월 21일 15시,일요일,강원도 강릉시 포남동,경상사고,0,0,1,0,차대차 - 측면충돌,안전운전불이행,건조,맑음,교차로 - 교차로안,승용,남,33세,상해없음,승용,여,57세,경상
2021032100100246,2021년 3월 21일 16시,일요일,강원도 횡성군 갑천면,경상사고,0,0,2,0,차대차 - 측면충돌,기타,건조,맑음,단일로 - 기타,화물,남,30세,경상,승용,남,28세,경상
2021032100100372,2021년 3월 21일 20시,일요일,강원도 춘천시 우두동,경상사고,0,0,1,0,차대차 - 추돌,안전거리미확보,건조,맑음,교차로 - 교차로부근,화물,남,58세,상해없음,승용,여,37세,경상
2021032100100414,2021년 3월 21일 22시,일요일,강원도 화천군 하남면,경상사고,0,0,1,0,차량단독 - 전도전복 - 전복,안전운전불이행,건조,맑음,단일로 - 기타,승용,남,42세,경상,,,,
2021032200100043,2021년 3월 22일 07시,월요일,강원도 강릉시 강문동,경상사고,0,0,1,0,차대사람 - 보도통행중,안전운전불이행,건조,맑음,단일로 - 기타,승용,여,40세,상해없음,보행자,여,62세,경상
2021032200100088,2021년 3월 22일 08시,월요일,강원도 강릉시 교동,중상사고,0,1,1,0,차대차 - 측면충돌,신호위반,건조,맑음,교차로 - 교차로안,원동기,남,16세,중상,승용,남,40세,경상
2021032200100089,2021년 3월 22일 08시,월요일,강원도 원주시 우산동,중상사고,0,1,0,0,차대사람 - 횡단중,안전운전불이행,건조,맑음,단일로 - 기타,승용,여,49세,상해없음,보행자,여,79세,중상
2021032200100126,2021년 3월 22일 09시,월요일,강원도 정선군 남면,경상사고,0,0,1,0,차량단독 - 기타,안전운전불이행,건조,맑음,단일로 - 기타,승용,남,60세,경상,,,,
2021032200100127,2021년 3월 22일 09시,월요일,강원도 양구군 양구읍,경상사고,0,0,1,0,차대차 - 기타,중앙선침범,건조,맑음,단일로 - 기타,승용,여,46세,상해없음,화물,남,61세,경상
2021032200100159,2021년 3월 22일 10시,월요일,강원도 삼척시 가곡면,경상사고,0,0,1,0,차대차 - 측면충돌,기타,기타,맑음,교차로 - 교차로안,화물,남,56세,기타불명,승용,남,37세,경상
2021032200100160,2021년 3월 22일 10시,월요일,강원도 화천군 사내면,사망사고,1,0,0,0,차량단독 - 기타,안전운전불이행,건조,맑음,기타 - 기타,승용,여,61세,사망,,,,
2021032200100216,2021년 3월 22일 12시,월요일,강원도 원주시 평원동,경상사고,0,0,1,0,차대차 - 측면충돌,안전거리미확보,건조,맑음,교차로 - 교차로안,승용,남,83세,상해없음,승용,남,37세,경상
2021032200100246,2021년 3월 22일 13시,월요일,강원도 원주시 개운동,경상사고,0,0,1,0,차량단독 - 기타,기타,건조,맑음,단일로 - 기타,승용,남,69세,상해없음,,,,
2021032200100247,2021년 3월 22일 13시,월요일,강원도 정선군 사북읍,중상사고,0,1,0,0,차대차 - 측면충돌,안전거리미확보,건조,맑음,단일로 - 기타,승용,남,24세,중상,승용,남,21세,상해없음
2021032200100248,2021년 3월 22일 13시,월요일,강원도 고성군 토성면,중상사고,0,1,0,0,차대차 - 추돌,안전운전불이행,건조,맑음,단일로 - 기타,승용,남,63세,상해없음,이륜,남,68세,중상
2021032200100283,2021년 3월 22일 14시,월요일,강원도 동해시 송정동,경상사고,0,0,1,0,차대차 - 추돌,안전운전불이행,건조,맑음,단일로 - 기타,화물,남,59세,상해없음,승용,남,40세,경상
2021032200100357,2021년 3월 22일 16시,월요일,강원도 춘천시 동내면,경상사고,0,0,1,0,차대차 - 기타,신호위반,건조,맑음,교차로 - 교차로안,승용,여,63세,상해없음,승용,여,38세,경상
2021032200100401,2021년 3월 22일 17시,월요일,강원도 원주시 인동,경상사고,0,0,2,0,차대차 - 측면충돌,안전거리미확보,건조,맑음,단일로 - 기타,승용,여,47세,상해없음,승용,여,48세,경상
2021032200100476,2021년 3월 22일 19시,월요일,강원도 원주시 명륜동,경상사고,0,0,2,0,차대차 - 측면충돌,안전운전불이행,건조,맑음,단일로 - 기타,승용,남,70세,상해없음,승용,여,52세,경상
2021032200100510,2021년 3월 22일 20시,월요일,강원도 속초시 교동,경상사고,0,0,2,0,차대차 - 추돌,안전운전불이행,건조,맑음,교차로 - 교차로안,승용,남,90세,상해없음,승용,남,63세,경상
2021032300100002,2021년 3월 23일 00시,화요일,강원도 춘천시 석사동,경상사고,0,0,1,0,차대사람 - 기타,안전운전불이행,건조,맑음,단일로 - 기타,승용,남,31세,상해없음,보행자,남,34세,경상
2021032300100003,2021년 3월 23일 00시,화요일,강원도 원주시 단계동,경상사고,0,0,1,0,차대사람 - 기타,안전운전불이행,건조,맑음,교차로 - 교차로부근,승용,남,19세,상해없음,보행자,남,52세,경상
2021032300100047,2021년 3월 23일 07시,화요일,강원도 원주시 태장동,경상사고,0,0,3,0,차대차 - 추돌,안전거리미확보,건조,맑음,단일로 - 기타,승용,남,26세,상해없음,승용,남,30세,경상
2021032300100048,2021년 3월 23일 07시,화요일,강원도 인제군 상남면,경상사고,0,0,1,0,차대차 - 측면충돌,안전운전불이행,건조,맑음,단일로 - 기타,승용,남,70세,상해없음,화물,남,58세,경상
2021032300100080,2021년 3월 23일 08시,화요일,강원도 춘천시 운교동,경상사고,0,0,1,0,차대차 - 측면충돌,중앙선침범,건조,맑음,단일로 - 기타,승합,남,65세,상해없음,승용,남,61세,경상
2021032300100081,2021년 3월 23일 08시,화요일,강원도 정선군 임계면,경상사고,0,0,1,0,차량단독 - 전도전복 - 전도,안전운전불이행,건조,맑음,기타 - 기타,화물,남,53세,상해없음,,,,
2021032300100129,2021년 3월 23일 10시,화요일,강원도 강릉시 왕산면,사망사고,1,0,0,0,차량단독 - 도로외이탈 - 기타,안전운전불이행,건조,맑음,단일로 - 기타,화물,남,57세,사망,,,,
2021032300100158,2021년 3월 23일 11시,화요일,강원도 동해시 천곡동,경상사고,0,0,1,0,차대차 - 측면충돌,기타,건조,맑음,교차로 - 교차로안,승용,남,66세,상해없음,승용,여,45세,경상
2021032300100188,2021년 3월 23일 12시,화요일,강원도 원주시 개운동,경상사고,0,0,1,0,차대차 - 측면충돌,교차로운행방법위반,건조,맑음,교차로 - 교차로안,승용,여,44세,상해없음,이륜,남,56세,경상
2021032300100189,2021년 3월 23일 12시,화요일,강원도 속초시 교동,경상사고,0,0,1,0,차대차 - 측면충돌,안전운전불이행,건조,맑음,교차로 - 교차로안,이륜,남,19세,상해없음,승용,여,28세,경상
2021032300100190,2021년 3월 23일 12시,화요일,강원도 동해시 묵호진동,경상사고,0,0,1,0,차대차 - 추돌,교차로운행방법위반,건조,맑음,단일로 - 기타,화물,남,54세,상해없음,승용,남,73세,경상
2021032300100260,2021년 3월 23일 14시,화요일,강원도 춘천시 효자동,경상사고,0,0,1,0,차대차 - 추돌,안전운전불이행,건조,맑음,단일로 - 기타,화물,남,23세,상해없음,승용,남,25세,경상