사고번호,사고일시,요일,시군구,사고내용,사망자수,중상자수,경상자수,부상신고자수,사고유형,법규위반,노면상태,기상상태,도로형태,가해운전자 차종,가해운전자 성별,가해운전자 연령,가해운전자 상해정도,피해운전자 차종,피해운전자 성별,피해운전자 연령,피해운전자 상해정도
2021032300100341,2021년 3월 23일 16시,화요일,강원도 강릉시 교동,경상사고,0,0,1,0,차대차 - 측면충돌,기타,건조,맑음,단일로 - 기타,승용,여,61세,상해없음,자전거,남,80세,경상
2021032300100342,2021년 3월 23일 16시,화요일,강원도 원주시 봉산동,경상사고,0,0,1,0,차대차 - 측면충돌,안전운전불이행,건조,맑음,교차로 - 교차로안,화물,남,74세,상해없음,원동기,남,25세,경상
2021032300100343,2021년 3월 23일 16시,화요일,강원도 원주시 판부면,경상사고,0,0,1,0,차대사람 - 횡단중,보행자보호의무위반,건조,맑음,교차로 - 교차로안,승용,남,23세,상해없음,보행자,여,44세,경상
2021032300100381,2021년 3월 23일 17시,화요일,강원도 춘천시 석사동,경상사고,0,0,1,0,차대차 - 기타,안전운전불이행,건조,맑음,교차로 - 교차로안,승합,남,72세,상해없음,이륜,남,20세,경상
2021032300100469,2021년 3월 23일 19시,화요일,강원도 원주시 명륜동,중상사고,0,1,0,0,차대차 - 측면충돌,안전거리미확보,건조,맑음,단일로 - 기타,승용,여,48세,상해없음,이륜,남,28세,중상
2021032300100497,2021년 3월 23일 20시,화요일,강원도 춘천시 중앙로2가,경상사고,0,0,3,0,차대차 - 후진중충돌,안전운전불이행,건조,맑음,단일로 - 기타,화물,남,76세,상해없음,승용,남,30세,경상
2021032400100056,2021년 3월 24일 07시,수요일,강원도 춘천시 남산면,경상사고,0,0,2,0,차대차 - 추돌,기타,건조,맑음,단일로 - 기타,승용,남,29세,상해없음,화물,남,35세,경상
2021032400100057,2021년 3월 24일 07시,수요일,강원도 평창군 대화면,중상사고,0,2,1,0,차대차 - 정면충돌,교차로운행방법위반,건조,맑음,교차로 - 교차로안,화물,남,61세,상해없음,화물,남,72세,경상
2021032400100091,2021년 3월 24일 08시,수요일,강원도 춘천시 동산면,경상사고,0,0,1,0,차대차 - 측면충돌,차로위반,건조,맑음,단일로 - 기타,승용,남,52세,상해없음,승합,남,70세,경상
2021032400100129,2021년 3월 24일 09시,수요일,강원도 홍천군 홍천읍,경상사고,0,0,1,0,차대차 - 추돌,안전거리미확보,건조,맑음,단일로 - 지하차도(도로)내,화물,남,37세,상해없음,승용,여,55세,경상
2021032400100166,2021년 3월 24일 10시,수요일,강원도 강릉시 주문진읍,중상사고,0,2,0,0,차대차 - 추돌,안전운전불이행,건조,맑음,교차로 - 교차로부근,화물,남,70세,상해없음,승용,남,68세,중상
2021032400100168,2021년 3월 24일 10시,수요일,강원도 원주시 관설동,경상사고,0,0,2,0,차대차 - 기타,기타,건조,맑음,교차로 - 교차로안,승용,남,52세,경상,승용,여,23세,경상
2021032400100276,2021년 3월 24일 14시,수요일,강원도 춘천시 온의동,경상사고,0,0,1,0,차대차 - 측면충돌,신호위반,건조,맑음,교차로 - 교차로횡단보도내,승용,남,62세,상해없음,자전거,남,78세,경상
2021032400100304,2021년 3월 24일 15시,수요일,강원도 강릉시 연곡면,중상사고,0,1,0,0,차대차 - 정면충돌,중앙선침범,건조,맑음,단일로 - 기타,승용,남,78세,상해없음,원동기,남,15세,중상
2021032400100305,2021년 3월 24일 15시,수요일,강원도 원주시 관설동,경상사고,0,0,1,0,차대차 - 추돌,직진우회전진행방해,건조,맑음,교차로 - 교차로안,화물,남,64세,상해없음,승용,여,26세,경상
2021032400100306,2021년 3월 24일 15시,수요일,강원도 원주시 명륜동,경상사고,0,0,1,0,차대사람 - 횡단중,신호위반,건조,맑음,교차로 - 교차로횡단보도내,화물,남,61세,상해없음,보행자,여,82세,경상
2021032400100307,2021년 3월 24일 15시,수요일,강원도 태백시 문곡동,경상사고,0,0,1,0,차대차 - 추돌,안전운전불이행,건조,맑음,교차로 - 교차로부근,승용,여,57세,상해없음,승용,남,64세,경상
2021032400100308,2021년 3월 24일 15시,수요일,강원도 인제군 기린면,중상사고,0,1,0,0,차대차 - 측면충돌,중앙선침범,건조,맑음,단일로 - 교량,화물,남,63세,상해없음,승용,남,43세,중상
2021032400100339,2021년 3월 24일 16시,수요일,강원도 영월군 영월읍,경상사고,0,0,1,0,차대차 - 측면충돌,보행자보호의무위반,건조,맑음,교차로 - 교차로안,승용,남,29세,상해없음,자전거,남,7세,경상
2021032400100340,2021년 3월 24일 16시,수요일,강원도 정선군 화암면,경상사고,0,0,1,0,차대차 - 기타,안전운전불이행,건조,맑음,교차로 - 교차로부근,승용,여,32세,경상,승합,여,53세,상해없음
2021032400100381,2021년 3월 24일 17시,수요일,강원도 강릉시 강동면,경상사고,0,0,1,0,차대차 - 기타,신호위반,건조,맑음,교차로 - 교차로안,승용,남,52세,상해없음,승용,남,48세,경상
2021032400100423,2021년 3월 24일 18시,수요일,강원도 원주시 학성동,경상사고,0,0,2,0,차대차 - 기타,안전운전불이행,건조,맑음,교차로 - 교차로안,승용,남,24세,상해없음,승용,남,71세,상해없음
2021032400100465,2021년 3월 24일 19시,수요일,강원도 원주시 행구동,경상사고,0,0,1,0,차대차 - 측면충돌,교차로운행방법위반,건조,맑음,교차로 - 교차로안,승용,여,66세,상해없음,승용,여,38세,경상
2021032500100004,2021년 3월 25일 00시,목요일,강원도 원주시 단구동,경상사고,0,0,1,0,차대차 - 추돌,안전운전불이행,건조,맑음,교차로 - 교차로부근,화물,남,49세,상해없음,승용,남,30세,경상
2021032500100039,2021년 3월 25일 06시,목요일,강원도 삼척시 도계읍,중상사고,0,1,0,0,차대차 - 측면충돌,안전운전불이행,기타,맑음,교차로 - 교차로부근,승합,남,60세,상해없음,승용,남,68세,중상
2021032500100084,2021년 3월 25일 08시,목요일,강원도 원주시 지정면,경상사고,0,0,1,0,차대사람 - 횡단중,보행자보호의무위반,건조,맑음,단일로 - 기타,승용,여,39세,상해없음,보행자,남,13세,경상
2021032500100085,2021년 3월 25일 08시,목요일,강원도 태백시 황지동,중상사고,0,1,0,0,차대차 - 기타,교차로운행방법위반,건조,맑음,교차로 - 교차로안,승용,여,56세,상해없음,승용,여,30세,중상
2021032500100137,2021년 3월 25일 10시,목요일,강원도 춘천시 조양동,경상사고,0,0,1,0,차량단독 - 기타,안전운전불이행,건조,맑음,단일로 - 기타,승합,남,44세,상해없음,,,,
2021032500100138,2021년 3월 25일 10시,목요일,강원도 강릉시 포남동,경상사고,0,0,1,0,차대차 - 기타,안전운전불이행,건조,맑음,교차로 - 교차로부근,승용,남,64세,상해없음,승용,남,23세,경상
2021032500100172,2021년 3월 25일 11시,목요일,강원도 강릉시 주문진읍,경상사고,0,0,2,0,차대차 - 측면충돌,신호위반,건조,맑음,교차로 - 교차로안,승용,남,54세,상해없음,승용,여,52세,경상
2021032500100207,2021년 3월 25일 12시,목요일,강원도 원주시 반곡동,경상사고,0,0,1,0,차대차 - 기타,안전운전불이행,건조,맑음,단일로 - 기타,승용,여,63세,상해없음,승합,남,63세,상해없음
2021032500100237,2021년 3월 25일 13시,목요일,강원도 춘천시 근화동,경상사고,0,0,1,0,차대사람 - 횡단중,보행자보호의무위반,건조,맑음,단일로 - 기타,승용,여,60세,상해없음,보행자,남,72세,경상
2021032500100238,2021년 3월 25일 13시,목요일,강원도 횡성군 우천면,경상사고,0,0,1,0,차대차 - 측면충돌,중앙선침범,건조,맑음,단일로 - 기타,승용,남,59세,상해없음,승용,여,40세,경상
2021032500100283,2021년 3월 25일 14시,목요일,강원도 강릉시 입암동,중상사고,0,1,0,0,차대사람 - 횡단중,안전운전불이행,건조,맑음,단일로 - 기타,화물,남,74세,상해없음,보행자,여,89세,중상
2021032500100284,2021년 3월 25일 14시,목요일,강원도 횡성군 우천면,경상사고,0,0,1,0,차대차 - 측면충돌,신호위반,건조,맑음,교차로 - 교차로안,승용,여,24세,상해없음,승용,남,71세,상해없음
2021032500100330,2021년 3월 25일 15시,목요일,강원도 삼척시 도계읍,중상사고,0,1,0,0,차대사람 - 기타,안전운전불이행,건조,맑음,단일로 - 기타,화물,남,54세,상해없음,보행자,남,48세,중상
2021032500100364,2021년 3월 25일 16시,목요일,강원도 화천군 상서면,경상사고,0,0,1,0,차대차 - 측면충돌,중앙선침범,건조,맑음,단일로 - 기타,승용,여,50세,상해없음,화물,남,63세,경상
2021032500100446,2021년 3월 25일 18시,목요일,강원도 춘천시 옥천동,경상사고,0,0,1,0,차대차 - 기타,직진우회전진행방해,건조,맑음,교차로 - 교차로안,승용,여,50세,상해없음,자전거,남,28세,경상
2021032500100485,2021년 3월 25일 19시,목요일,강원도 동해시 이도동,경상사고,0,0,1,0,차대차 - 기타,신호위반,건조,맑음,교차로 - 교차로안,승합,남,38세,상해없음,승용,남,60세,경상
2021032500100555,2021년 3월 25일 21시,목요일,강원도 춘천시 석사동,경상사고,0,0,1,0,차대차 - 측면충돌,안전운전불이행,건조,맑음,단일로 - 교량,이륜,남,41세,경상,승용,남,49세,상해없음
2021032500100556,2021년 3월 25일 21시,목요일,강원도 강릉시 노암동,경상사고,0,0,1,0,차대차 - 측면충돌,안전운전불이행,건조,맑음,단일로 - 기타,승용,남,28세,상해없음,승용,남,43세,경상
2021032500100557,2021년 3월 25일 21시,목요일,강원도 강릉시 노암동,경상사고,0,0,1,0,차대차 - 측면충돌,안전운전불이행,건조,맑음,교차로 - 교차로부근,승용,여,54세,상해없음,승용,남,65세,경상
2021032500100558,2021년 3월 25일 21시,목요일,강원도 원주시 명륜동,경상사고,0,0,1,0,차대차 - 후진중충돌,안전운전불이행,건조,맑음,기타 - 기타,승용,여,45세,상해없음,승용,여,63세,경상
2021032500100587,2021년 3월 25일 22시,목요일,강원도 원주시 개운동,중상사고,0,1,0,0,차대차 - 기타,안전운전불이행,건조,맑음,교차로 - 교차로부근,승용,남,43세,상해없음,자전거,여,60세,중상
2021032600100005,2021년 3월 26일 00시,금요일,강원도 원주시 관설동,중상사고,0,1,0,0,차대차 - 기타,직진우회전진행방해,건조,맑음,교차로 - 교차로안,승용,남,23세,상해없음,승용,남,39세,중상
2021032600100037,2021년 3월 26일 06시,금요일,강원도 춘천시 동면,경상사고,0,0,2,0,차대차 - 측면충돌,신호위반,건조,맑음,교차로 - 교차로안,승용,남,24세,기타불명,승용,여,27세,경상
2021032600100038,2021년 3월 26일 06시,금요일,강원도 삼척시 사직동,중상사고,0,1,1,0,차대차 - 측면충돌,안전거리미확보,건조,맑음,단일로 - 교량,건설기계,남,55세,상해없음,승용,남,25세,중상
2021032600100082,2021년 3월 26일 08시,금요일,강원도 춘천시 동면,경상사고,0,0,1,0,차대사람 - 횡단중,신호위반,건조,맑음,교차로 - 교차로횡단보도내,화물,남,65세,상해없음,보행자,여,12세,경상
2021032600100083,2021년 3월 26일 08시,금요일,강원도 원주시 무실동,경상사고,0,0,1,0,차대차 - 측면충돌,안전운전불이행,건조,맑음,교차로 - 교차로부근,승용,남,64세,상해없음,승용,여,51세,경상
2021032600100130,2021년 3월 26일 09시,금요일,강원도 춘천시 효자동,중상사고,0,1,1,0,차대차 - 추돌,안전거리미확보,건조,맑음,교차로 - 교차로부근,승용,남,53세,상해없음,승용,남,57세,중상
2021032600100223,2021년 3월 26일 12시,금요일,강원도 속초시 교동,중상사고,0,1,0,0,차대차 - 측면충돌,안전거리미확보,건조,맑음,단일로 - 기타,승용,남,57세,상해없음,승용,여,56세,중상
2021032600100255,2021년 3월 26일 13시,금요일,강원도 강릉시 포남동,경상사고,0,0,2,0,차대차 - 측면충돌,안전운전불이행,건조,맑음,교차로 - 교차로안,승용,여,42세,상해없음,승용,남,32세,경상
2021032600100288,2021년 3월 26일 14시,금요일,강원도 춘천시 동면,경상사고,0,0,3,0,차대차 - 추돌,안전거리미확보,건조,맑음,단일로 - 기타,승합,남,53세,상해없음,승용,남,38세,경상
2021032600100289,2021년 3월 26일 14시,금요일,강원도 동해시 발한동,경상사고,0,0,1,0,차대차 - 기타,안전운전불이행,건조,맑음,단일로 - 기타,승용,남,72세,상해없음,자전거,남,71세,경상
2021032600100290,2021년 3월 26일 14시,금요일,강원도 인제군 상남면,경상사고,0,0,1,0,차대사람 - 기타,안전운전불이행,건조,맑음,주차장 - 주차장,승합,남,29세,상해없음,보행자,여,58세,경상
2021032600100326,2021년 3월 26일 15시,금요일,강원도 원주시 단구동,경상사고,0,0,1,0,차대차 - 추돌,안전거리미확보,건조,맑음,단일로 - 기타,승용,남,42세,상해없음,승용,여,50세,경상
2021032600100327,2021년 3월 26일 15시,금요일,강원도 태백시 화전동,중상사고,0,1,0,0,차대차 - 측면충돌,교차로운행방법위반,건조,맑음,교차로 - 교차로안,승용,남,61세,상해없음,승용,남,43세,중상
2021032600100367,2021년 3월 26일 16시,금요일,강원도 원주시 관설동,경상사고,0,0,3,0,차대차 - 측면충돌,신호위반,건조,맑음,교차로 - 교차로안,승용,남,58세,경상,화물,남,62세,경상
2021032600100415,2021년 3월 26일 17시,금요일,강원도 강릉시 옥천동,경상사고,0,0,1,0,차대차 - 후진중충돌,안전운전불이행,건조,맑음,교차로 - 교차로안,승용,여,59세,상해없음,승용,남,26세,경상
2021032600100464,2021년 3월 26일 18시,금요일,강원도 춘천시 신북읍,경상사고,0,0,1,0,차대차 - 기타,안전거리미확보,건조,맑음,교차로 - 교차로안,화물,남,34세,상해없음,승용,여,45세,경상
2021032600100554,2021년 3월 26일 20시,금요일,강원도 원주시 단구동,중상사고,0,1,1,0,차대차 - 추돌,안전운전불이행,건조,맑음,교차로 - 교차로부근,승용,남,41세,기타불명,이륜,남,39세,중상
2021032700100116,2021년 3월 27일 10시,토요일,강원도 춘천시 퇴계동,부상신고사고,0,0,0,1,차대차 - 측면충돌,신호위반,건조,맑음,교차로 - 교차로부근,이륜,남,20세,부상신고,승용,남,30세,상해없음
2021032700100117,2021년 3월 27일 10시,토요일,강원도 동해시 발한동,중상사고,0,1,0,0,차대사람 - 차도통행중,안전운전불이행,건조,맑음,교차로 - 교차로부근,승용,남,61세,상해없음,보행자,남,83세,중상
2021032700100259,2021년 3월 27일 14시,토요일,강원도 원주시 판부면,중상사고,0,1,0,0,차대차 - 후진중충돌,안전운전불이행,젖음/습기,비,교차로 - 교차로부근,승용,여,54세,상해없음,승용,남,45세,중상
2021032700100260,2021년 3월 27일 14시,토요일,강원도 원주시 흥업면,중상사고,0,1,0,0,차량단독 - 기타,기타,건조,맑음,단일로 - 기타,승합,남,53세,상해없음,,,,
2021032700100356,2021년 3월 27일 16시,토요일,강원도 원주시 학성동,경상사고,0,0,1,0,차대차 - 측면충돌,교차로운행방법위반,젖음/습기,비,교차로 - 교차로부근,화물,남,62세,상해없음,승용,여,63세,경상
2021032700100495,2021년 3월 27일 19시,토요일,강원도 강릉시 홍제동,중상사고,0,1,0,0,차대사람 - 횡단중,안전운전불이행,젖음/습기,비,교차로 - 교차로부근,승용,남,73세,상해없음,보행자,남,73세,중상
2021032700100625,2021년 3월 27일 22시,토요일,강원도 원주시 단계동,경상사고,0,0,1,0,차대사람 - 차도통행중,안전운전불이행,건조,맑음,단일로 - 기타,승용,남,29세,상해없음,보행자,남,39세,경상
2021032700100661,2021년 3월 27일 23시,토요일,강원도 속초시 청호동,경상사고,0,0,1,0,차대차 - 측면충돌,중앙선침범,젖음/습기,비,교차로 - 교차로안,승용,남,51세,상해없음,승용,남,49세,경상
2021032800100047,2021년 3월 28일 02시,일요일,강원도 원주시 단계동,경상사고,0,0,1,0,차대차 - 측면충돌,안전운전불이행,건조,맑음,단일로 - 기타,승용,남,28세,상해없음,승용,남,28세,경상
2021032800100080,2021년 3월 28일 07시,일요일,강원도 삼척시 사직동,경상사고,0,0,1,0,차대차 - 측면충돌,중앙선침범,젖음/습기,비,기타 - 기타,승합,남,73세,기타불명,승용,남,36세,경상
2021032800100135,2021년 3월 28일 11시,일요일,강원도 삼척시 가곡면,경상사고,0,0,1,0,차대차 - 측면충돌,중앙선침범,건조,맑음,단일로 - 지하차도(도로)내,승합,남,52세,상해없음,승용,남,57세,경상
2021032800100193,2021년 3월 28일 13시,일요일,강원도 춘천시 후평동,경상사고,0,0,1,0,차대차 - 기타,안전운전불이행,건조,맑음,단일로 - 기타,개인형이동수단(PM),남,15세,경상,승용,남,50세,상해없음
2021032800100194,2021년 3월 28일 13시,일요일,강원도 춘천시 조양동,경상사고,0,0,1,0,차대사람 - 기타,안전운전불이행,건조,맑음,단일로 - 기타,승용,남,24세,상해없음,보행자,남,58세,경상
2021032800100222,2021년 3월 28일 14시,일요일,강원도 춘천시 후평동,경상사고,0,0,1,0,차대차 - 측면충돌,안전운전불이행,건조,맑음,단일로 - 기타,승용,여,28세,상해없음,이륜,남,67세,경상
2021032800100253,2021년 3월 28일 15시,일요일,강원도 강릉시 포남동,경상사고,0,0,1,0,차대차 - 측면충돌,안전운전불이행,건조,맑음,교차로 - 교차로안,승용,여,73세,상해없음,승용,남,53세,경상
2021032800100254,2021년 3월 28일 15시,일요일,강원도 동해시 나안동,경상사고,0,0,5,0,차대차 - 추돌,안전거리미확보,건조,맑음,단일로 - 기타,화물,남,46세,경상,승용,남,49세,경상
2021032800100308,2021년 3월 28일 17시,일요일,강원도 춘천시 후평동,경상사고,0,0,2,0,차대차 - 추돌,직진우회전진행방해,건조,맑음,교차로 - 교차로안,승용,남,56세,상해없음,승용,남,24세,경상
2021032800100309,2021년 3월 28일 17시,일요일,강원도 원주시 단계동,경상사고,0,0,1,0,차대차 - 추돌,안전운전불이행,건조,맑음,단일로 - 기타,승용,남,19세,상해없음,승용,남,50세,경상
2021032800100310,2021년 3월 28일 17시,일요일,강원도 양양군 강현면,경상사고,0,0,2,0,차대차 - 측면충돌,안전운전불이행,건조,맑음,교차로 - 교차로안,승용,여,68세,상해없음,화물,남,69세,경상
2021032800100336,2021년 3월 28일 18시,일요일,강원도 영월군 남면,중상사고,0,1,0,0,차대차 - 추돌,기타,건조,맑음,단일로 - 기타,승용,남,67세,상해없음,화물,남,55세,중상
2021032800100358,2021년 3월 28일 19시,일요일,강원도 원주시 태장동,경상사고,0,0,1,0,차대차 - 측면충돌,안전운전불이행,건조,맑음,교차로 - 교차로안,승용,여,41세,상해없음,자전거,남,69세,경상
2021032900100021,2021년 3월 29일 03시,월요일,강원도 춘천시 효자동,경상사고,0,0,1,0,차대차 - 정면충돌,중앙선침범,건조,맑음,단일로 - 기타,승용,남,27세,상해없음,승용,남,66세,상해없음
2021032900100102,2021년 3월 29일 08시,월요일,강원도 평창군 용평면,중상사고,0,1,0,0,차대사람 - 횡단중,신호위반,건조,맑음,교차로 - 교차로부근,승용,여,61세,상해없음,보행자,여,34세,중상
2021032900100103,2021년 3월 29일 08시,월요일,강원도 화천군 하남면,경상사고,0,0,2,0,차대차 - 추돌,안전거리미확보,건조,맑음,교차로 - 교차로부근,승용,남,65세,상해없음,화물,남,56세,경상
2021032900100136,2021년 3월 29일 09시,월요일,강원도 강릉시 교동,경상사고,0,0,2,0,차대차 - 측면충돌,안전운전불이행,건조,맑음,교차로 - 교차로안,승용,여,69세,상해없음,승용,남,29세,경상
2021032900100137,2021년 3월 29일 09시,월요일,강원도 동해시 송정동,경상사고,0,0,1,0,차대차 - 기타,안전운전불이행,건조,맑음,교차로 - 교차로안,승용,여,46세,상해없음,승합,남,52세,상해없음
2021032900100218,2021년 3월 29일 11시,월요일,강원도 원주시 반곡동,경상사고,0,0,1,0,차대차 - 기타,신호위반,건조,맑음,교차로 - 교차로부근,승합,남,63세,상해없음,승용,남,35세,경상
2021032900100251,2021년 3월 29일 12시,월요일,강원도 강릉시 옥천동,경상사고,0,0,1,0,차대차 - 기타,신호위반,건조,맑음,교차로 - 교차로안,승용,남,38세,상해없음,승합,남,54세,상해없음
2021032900100252,2021년 3월 29일 12시,월요일,강원도 원주시 개운동,경상사고,0,0,1,0,차대차 - 추돌,신호위반,건조,맑음,교차로 - 교차로안,이륜,남,20세,상해없음,승용,여,46세,경상
2021032900100295,2021년 3월 29일 13시,월요일,강원도 원주시 단계동,경상사고,0,0,2,1,차대차 - 추돌,안전운전불이행,건조,맑음,교차로 - 교차로안,승용,여,50세,경상,승용,여,51세,경상
2021032900100296,2021년 3월 29일 13시,월요일,강원도 속초시 노학동,중상사고,0,1,0,0,차대사람 - 횡단중,보행자보호의무위반,건조,맑음,교차로 - 교차로부근,승용,남,41세,상해없음,보행자,여,50세,중상
2021032900100326,2021년 3월 29일 14시,월요일,강원도 춘천시 온의동,중상사고,0,1,0,0,차대사람 - 기타,안전운전불이행,건조,맑음,단일로 - 기타,승용,남,59세,상해없음,보행자,여,82세,중상
2021032900100327,2021년 3월 29일 14시,월요일,강원도 원주시 판부면,중상사고,0,1,0,0,차대차 - 기타,직진우회전진행방해,건조,맑음,교차로 - 교차로안,승용,여,51세,상해없음,승용,여,39세,중상
2021032900100328,2021년 3월 29일 14시,월요일,강원도 속초시 노학동,중상사고,0,3,4,0,차대차 - 측면충돌,차로위반,건조,맑음,단일로 - 기타,승용,남,48세,상해없음,승합,남,60세,경상
2021032900100329,2021년 3월 29일 14시,월요일,강원도 영월군 영월읍,중상사고,0,1,0,0,차대차 - 측면충돌,안전운전불이행,건조,맑음,기타 - 기타,승용,여,47세,상해없음,이륜,남,45세,중상
2021032900100354,2021년 3월 29일 15시,월요일,강원도 원주시 단구동,경상사고,0,0,1,0,차대차 - 측면충돌,안전운전불이행,건조,맑음,단일로 - 기타,승용,여,40세,상해없음,승합,여,62세,경상
2021032900100382,2021년 3월 29일 16시,월요일,강원도 강릉시 입암동,경상사고,0,0,1,0,차대차 - 기타,안전운전불이행,건조,맑음,단일로 - 기타,승용,남,64세,상해없음,자전거,남,11세,경상
2021032900100415,2021년 3월 29일 17시,월요일,강원도 정선군 북평면,경상사고,0,0,1,0,차대차 - 추돌,안전운전불이행,건조,맑음,단일로 - 기타,승용,남,21세,상해없음,승용,남,60세,경상
2021032900100463,2021년 3월 29일 18시,월요일,강원도 평창군 대관령면,중상사고,0,1,0,0,차대차 - 측면충돌,안전거리미확보,건조,맑음,교차로 - 교차로안,화물,남,70세,상해없음,승용,남,39세,중상
2021032900100503,2021년 3월 29일 19시,월요일,강원도 강릉시 포남동,경상사고,0,0,1,0,차대차 - 추돌,안전운전불이행,건조,맑음,단일로 - 기타,승용,여,38세,상해없음,자전거,남,67세,경상
2021032900100549,2021년 3월 29일 21시,월요일,강원도 정선군 화암면,경상사고,0,0,1,0,차대차 - 정면충돌,중앙선침범,건조,맑음,단일로 - 기타,승용,남,76세,상해없음,승용,여,53세,경상
2021032900100600,2021년 3월 29일 23시,월요일,강원도 원주시 단계동,경상사고,0,0,1,0,차대사람 - 기타,안전운전불이행,건조,맑음,단일로 - 기타,승용,남,28세,상해없음,보행자,남,35세,경상
2021033000100037,2021년 3월 30일 05시,화요일,강원도 춘천시 소양로3가,경상사고,0,0,2,0,차대차 - 측면충돌,교차로운행방법위반,건조,맑음,교차로 - 교차로안,승용,남,39세,경상,승용,남,70세,경상
2021033000100062,2021년 3월 30일 07시,화요일,강원도 횡성군 우천면,중상사고,0,1,1,0,차대차 - 측면충돌,교차로운행방법위반,건조,맑음,교차로 - 교차로안,승용,남,48세,기타불명,승용,남,58세,중상
2021033000100104,2021년 3월 30일 08시,화요일,강원도 삼척시 오분동,경상사고,0,0,6,0,차대차 - 추돌,안전거리미확보,건조,맑음,단일로 - 지하차도(도로)내,화물,남,37세,상해없음,승용,여,39세,경상
2021033000100172,2021년 3월 30일 10시,화요일,강원도 원주시 개운동,경상사고,0,0,1,0,차대사람 - 횡단중,보행자보호의무위반,건조,맑음,교차로 - 교차로횡단보도내,승용,남,59세,상해없음,보행자,여,65세,경상
2021033000100173,2021년 3월 30일 10시,화요일,강원도 원주시 봉산동,경상사고,0,0,1,0,차대사람 - 길가장자리구역통행중,안전운전불이행,건조,맑음,단일로 - 기타,승용,여,50세,상해없음,보행자,여,62세,경상
2021033000100174,2021년 3월 30일 10시,화요일,강원도 정선군 화암면,경상사고,0,0,1,0,차대차 - 정면충돌,중앙선침범,건조,맑음,단일로 - 기타,승용,남,68세,상해없음,승용,남,54세,경상
2021033000100206,2021년 3월 30일 11시,화요일,강원도 강릉시 교동,중상사고,0,1,0,0,차대차 - 측면충돌,안전운전불이행,건조,맑음,교차로 - 교차로안,승용,남,78세,상해없음,이륜,남,58세,중상
2021033000100207,2021년 3월 30일 11시,화요일,강원도 원주시 문막읍,경상사고,0,0,1,0,차대차 - 측면충돌,신호위반,건조,맑음,교차로 - 교차로안,승용,여,35세,상해없음,화물,남,48세,경상
2021033000100250,2021년 3월 30일 12시,화요일,강원도 홍천군 홍천읍,경상사고,0,0,2,0,차대차 - 측면충돌,직진우회전진행방해,건조,맑음,교차로 - 교차로안,승용,남,33세,상해없음,승용,남,49세,경상
2021033000100269,2021년 3월 30일 13시,화요일,강원도 강릉시 강동면,경상사고,0,0,1,0,차대차 - 측면충돌,신호위반,건조,맑음,교차로 - 교차로안,승용,여,56세,상해없음,건설기계,남,28세,경상
2021033000100270,2021년 3월 30일 13시,화요일,강원도 횡성군 횡성읍,경상사고,0,0,2,0,차대차 - 추돌,안전운전불이행,건조,맑음,교차로 - 교차로부근,승용,남,62세,상해없음,승합,남,77세,경상
2021033000100303,2021년 3월 30일 14시,화요일,강원도 강릉시 송정동,경상사고,0,0,2,0,차대차 - 정면충돌,중앙선침범,건조,맑음,단일로 - 기타,승용,남,70세,상해없음,승용,남,35세,경상
2021033000100342,2021년 3월 30일 15시,화요일,강원도 강릉시 죽헌동,경상사고,0,0,3,0,차대차 - 기타,안전운전불이행,건조,맑음,기타 - 기타,화물,남,52세,상해없음,승용,남,29세,상해없음
2021033000100343,2021년 3월 30일 15시,화요일,강원도 강릉시 교동,경상사고,0,0,2,0,차대차 - 측면충돌,안전운전불이행,건조,맑음,단일로 - 기타,승용,여,20세,상해없음,승용,여,54세,경상
2021033000100380,2021년 3월 30일 16시,화요일,강원도 원주시 단구동,경상사고,0,0,4,1,차대차 - 추돌,직진우회전진행방해,건조,맑음,교차로 - 교차로안,승용,여,51세,부상신고,승용,여,40세,경상
2021033000100418,2021년 3월 30일 17시,화요일,강원도 춘천시 후평동,중상사고,0,1,1,0,차대차 - 측면충돌,교차로운행방법위반,건조,맑음,교차로 - 교차로안,승용,여,39세,중상,승용,여,56세,경상
2021033000100419,2021년 3월 30일 17시,화요일,강원도 원주시 지정면,경상사고,0,0,1,0,차대차 - 추돌,안전운전불이행,건조,맑음,단일로 - 기타,승용,여,61세,상해없음,승용,남,43세,경상
2021033000100420,2021년 3월 30일 17시,화요일,강원도 삼척시 미로면,경상사고,0,0,5,0,차대차 - 추돌,기타,건조,맑음,단일로 - 터널,화물,남,55세,경상,건설기계,남,47세,경상
2021033000100471,2021년 3월 30일 18시,화요일,강원도 원주시 무실동,경상사고,0,0,2,0,차대차 - 기타,신호위반,건조,맑음,교차로 - 교차로안,승용,남,32세,상해없음,승용,남,48세,경상
2021033000100472,2021년 3월 30일 18시,화요일,강원도 원주시 명륜동,경상사고,0,0,1,0,차대차 - 추돌,안전거리미확보,건조,맑음,단일로 - 기타,승용,남,61세,상해없음,승용,남,56세,상해없음
2021033000100559,2021년 3월 30일 20시,화요일,강원도 원주시 호저면,경상사고,0,0,1,0,차대차 - 추돌,안전거리미확보,건조,맑음,교차로 - 교차로부근,승용,남,37세,상해없음,승용,남,26세,경상
2021033100100041,2021년 3월 31일 06시,수요일,강원도 강릉시 교동,경상사고,0,0,1,0,차대차 - 기타,안전운전불이행,건조,맑음,교차로 - 교차로안,화물,남,44세,상해없음,승용,남,42세,경상