사고번호,사고일시,요일,시군구,사고내용,사망자수,중상자수,경상자수,부상신고자수,사고유형,법규위반,노면상태,기상상태,도로형태,가해운전자 차종,가해운전자 성별,가해운전자 연령,가해운전자 상해정도,피해운전자 차종,피해운전자 성별,피해운전자 연령,피해운전자 상해정도
2021033100100091,2021년 3월 31일 08시,수요일,강원도 원주시 흥업면,중상사고,0,1,0,0,차대차 - 추돌,안전운전불이행,건조,맑음,단일로 - 기타,승용,남,22세,상해없음,승용,여,53세,중상
2021033100100092,2021년 3월 31일 08시,수요일,강원도 정선군 고한읍,경상사고,0,0,1,0,차대차 - 정면충돌,안전운전불이행,건조,맑음,기타 - 기타,승용,여,36세,기타불명,승용,남,60세,경상
2021033100100093,2021년 3월 31일 08시,수요일,강원도 횡성군 공근면,경상사고,0,0,1,0,차대차 - 측면충돌,교차로운행방법위반,건조,맑음,교차로 - 교차로안,승용,남,29세,상해없음,승용,여,28세,경상
2021033100100127,2021년 3월 31일 09시,수요일,강원도 춘천시 효자동,경상사고,0,0,2,0,차대차 - 측면충돌,교차로운행방법위반,건조,맑음,교차로 - 교차로안,승용,여,66세,경상,화물,남,35세,경상
2021033100100128,2021년 3월 31일 09시,수요일,강원도 원주시 소초면,경상사고,0,0,1,0,차대차 - 정면충돌,중앙선침범,건조,맑음,단일로 - 기타,승용,남,62세,상해없음,기타불명,남,44세,경상
2021033100100151,2021년 3월 31일 10시,수요일,강원도 춘천시 퇴계동,경상사고,0,0,1,0,차대차 - 추돌,안전운전불이행,건조,맑음,단일로 - 기타,승용,남,24세,상해없음,승용,여,58세,경상
2021033100100216,2021년 3월 31일 12시,수요일,강원도 춘천시 퇴계동,부상신고사고,0,0,0,1,차대차 - 기타,안전운전불이행,건조,맑음,교차로 - 교차로횡단보도내,화물,남,57세,상해없음,자전거,여,43세,부상신고
2021033100100247,2021년 3월 31일 13시,수요일,강원도 원주시 중앙동,경상사고,0,0,1,0,차대차 - 측면충돌,신호위반,건조,맑음,교차로 - 교차로안,승용,남,66세,상해없음,승용,여,33세,경상
2021033100100248,2021년 3월 31일 13시,수요일,강원도 동해시 삼화동,경상사고,0,0,2,0,차대차 - 기타,신호위반,건조,맑음,교차로 - 교차로안,건설기계,남,71세,상해없음,승용,남,80세,경상
2021033100100322,2021년 3월 31일 15시,수요일,강원도 홍천군 홍천읍,경상사고,0,0,1,0,차대차 - 측면충돌,교차로운행방법위반,건조,맑음,교차로 - 교차로안,승용,남,74세,상해없음,이륜,남,26세,경상
2021033100100323,2021년 3월 31일 15시,수요일,강원도 홍천군 화촌면,중상사고,0,1,0,0,차대차 - 측면충돌,안전거리미확보,건조,맑음,단일로 - 고가도로위,승합,남,69세,상해없음,승용,여,35세,중상
2021033100100324,2021년 3월 31일 15시,수요일,강원도 동해시 삼화동,경상사고,0,0,4,0,차대차 - 추돌,안전운전불이행,건조,맑음,단일로 - 기타,승용,남,82세,경상,승용,여,20세,상해없음
2021033100100404,2021년 3월 31일 17시,수요일,강원도 양양군 강현면,중상사고,0,1,0,0,차대차 - 측면충돌,중앙선침범,건조,맑음,단일로 - 기타,승용,여,62세,상해없음,이륜,남,82세,중상
2021033100100405,2021년 3월 31일 17시,수요일,강원도 동해시 용정동,경상사고,0,0,2,0,차대차 - 추돌,안전거리미확보,건조,맑음,단일로 - 기타,승용,여,60세,경상,승용,남,40세,경상
2021033100100453,2021년 3월 31일 18시,수요일,강원도 속초시 조양동,중상사고,0,1,0,0,차대차 - 정면충돌,교차로운행방법위반,건조,맑음,교차로 - 교차로안,승용,남,74세,상해없음,이륜,남,51세,중상
2021033100100454,2021년 3월 31일 18시,수요일,강원도 홍천군 홍천읍,경상사고,0,0,1,0,차대차 - 측면충돌,안전거리미확보,건조,맑음,단일로 - 지하차도(도로)내,화물,남,50세,상해없음,이륜,남,21세,경상
2021033100100505,2021년 3월 31일 19시,수요일,강원도 원주시 학성동,부상신고사고,0,0,0,1,차대사람 - 보도통행중,안전운전불이행,건조,맑음,기타 - 기타,기타불명,기타불명,미분류,기타불명,보행자,남,61세,부상신고
2021040100100022,2021년 4월 1일 02시,목요일,강원도 원주시 평원동,경상사고,0,0,1,0,차대차 - 추돌,안전운전불이행,건조,맑음,단일로 - 기타,개인형이동수단(PM),남,25세,상해없음,승용,여,26세,경상
2021040100100029,2021년 4월 1일 04시,목요일,강원도 원주시 태장동,중상사고,0,1,0,0,차대차 - 추돌,안전거리미확보,건조,맑음,단일로 - 기타,승용,남,23세,상해없음,화물,남,55세,중상
2021040100100044,2021년 4월 1일 06시,목요일,강원도 원주시 흥업면,경상사고,0,0,1,0,차대차 - 측면충돌,안전운전불이행,건조,맑음,교차로 - 교차로부근,승용,남,36세,상해없음,승용,남,45세,경상
2021040100100056,2021년 4월 1일 07시,목요일,강원도 원주시 지정면,경상사고,0,0,1,0,차대차 - 추돌,신호위반,건조,맑음,교차로 - 교차로안,승용,남,63세,상해없음,승용,여,44세,경상
2021040100100057,2021년 4월 1일 07시,목요일,강원도 속초시 교동,경상사고,0,0,1,0,차대차 - 측면충돌,안전운전불이행,건조,맑음,단일로 - 지하차도(도로)내,승용,여,48세,상해없음,승용,남,38세,경상
2021040100100090,2021년 4월 1일 08시,목요일,강원도 인제군 북면,중상사고,0,1,0,0,차대차 - 측면충돌,안전운전불이행,건조,맑음,교차로 - 교차로부근,화물,여,59세,상해없음,승용,여,38세,중상
2021040100100133,2021년 4월 1일 09시,목요일,강원도 양양군 서면,경상사고,0,0,1,0,차대차 - 측면충돌,중앙선침범,건조,맑음,단일로 - 기타,승용,여,35세,상해없음,승용,남,48세,경상
2021040100100134,2021년 4월 1일 09시,목요일,강원도 화천군 화천읍,경상사고,0,0,3,0,차대차 - 측면충돌,신호위반,건조,맑음,교차로 - 교차로안,이륜,남,75세,경상,승용,여,37세,경상
2021040100100230,2021년 4월 1일 12시,목요일,강원도 춘천시 온의동,경상사고,0,0,1,0,차대차 - 기타,안전운전불이행,건조,맑음,교차로 - 교차로부근,승용,여,55세,상해없음,승용,남,38세,경상
2021040100100231,2021년 4월 1일 12시,목요일,강원도 영월군 영월읍,경상사고,0,0,2,0,차대차 - 측면충돌,신호위반,건조,맑음,교차로 - 교차로안,승용,남,59세,상해없음,승용,남,62세,경상
2021040100100269,2021년 4월 1일 13시,목요일,강원도 춘천시 동내면,경상사고,0,0,1,0,차대차 - 기타,안전거리미확보,건조,맑음,교차로 - 교차로부근,화물,남,62세,상해없음,승용,남,68세,경상
2021040100100270,2021년 4월 1일 13시,목요일,강원도 철원군 갈말읍,경상사고,0,0,3,0,차대차 - 측면충돌,신호위반,건조,맑음,교차로 - 교차로안,승용,남,77세,경상,승용,남,20세,경상
2021040100100303,2021년 4월 1일 14시,목요일,강원도 원주시 태장동,중상사고,0,1,0,0,차대차 - 기타,기타,건조,맑음,단일로 - 기타,승용,남,59세,상해없음,이륜,남,50세,중상
2021040100100384,2021년 4월 1일 16시,목요일,강원도 횡성군 횡성읍,부상신고사고,0,0,0,1,차대차 - 측면충돌,안전운전불이행,건조,맑음,교차로 - 교차로안,이륜,남,85세,부상신고,승용,남,25세,상해없음
2021040100100385,2021년 4월 1일 16시,목요일,강원도 동해시 동회동,경상사고,0,0,1,0,차대차 - 측면충돌,직진우회전진행방해,건조,맑음,교차로 - 교차로안,승용,여,54세,상해없음,자전거,남,6세,경상
2021040100100424,2021년 4월 1일 17시,목요일,강원도 삼척시 사직동,경상사고,0,0,1,0,차대차 - 측면충돌,안전운전불이행,기타,맑음,교차로 - 교차로부근,승용,남,80세,상해없음,건설기계,남,61세,상해없음
2021040100100425,2021년 4월 1일 17시,목요일,강원도 영월군 영월읍,중상사고,0,2,0,0,차대차 - 측면충돌,기타,건조,맑음,단일로 - 기타,승용,남,54세,상해없음,승용,남,42세,중상
2021040100100426,2021년 4월 1일 17시,목요일,강원도 평창군 평창읍,중상사고,0,1,0,0,차대사람 - 횡단중,보행자보호의무위반,건조,맑음,교차로 - 교차로안,특수,남,49세,상해없음,보행자,남,10세,중상
2021040100100473,2021년 4월 1일 18시,목요일,강원도 원주시 호저면,중상사고,0,1,1,0,차대차 - 측면충돌,안전운전불이행,건조,맑음,교차로 - 교차로안,승용,남,29세,상해없음,승용,남,66세,중상
2021040100100474,2021년 4월 1일 18시,목요일,강원도 원주시 학성동,경상사고,0,0,3,0,차대차 - 후진중충돌,안전운전불이행,건조,맑음,주차장 - 주차장,승용,남,66세,상해없음,승용,남,26세,경상
2021040100100475,2021년 4월 1일 18시,목요일,강원도 영월군 산솔면,중상사고,0,1,1,0,차량단독 - 공작물충돌,안전운전불이행,건조,맑음,주차장 - 주차장,승용,여,52세,경상,,,,
2021040100100523,2021년 4월 1일 19시,목요일,강원도 춘천시 동면,경상사고,0,0,1,0,차대차 - 기타,중앙선침범,건조,맑음,단일로 - 기타,자전거,남,10세,상해없음,승용,남,31세,경상
2021040100100558,2021년 4월 1일 20시,목요일,강원도 원주시 지정면,경상사고,0,0,1,0,차대차 - 측면충돌,안전운전불이행,건조,맑음,교차로 - 교차로부근,승용,남,31세,상해없음,이륜,남,27세,경상
2021040100100588,2021년 4월 1일 21시,목요일,강원도 춘천시 요선동,중상사고,0,1,0,0,차대차 - 정면충돌,교차로운행방법위반,건조,맑음,교차로 - 교차로안,승용,여,55세,상해없음,이륜,남,41세,중상
2021040200100033,2021년 4월 2일 05시,금요일,강원도 원주시 무실동,경상사고,0,0,1,0,차대차 - 측면충돌,안전운전불이행,건조,기타,기타 - 기타,화물,남,60세,상해없음,이륜,남,56세,경상
2021040200100034,2021년 4월 2일 05시,금요일,강원도 원주시 신림면,사망사고,1,1,0,0,차량단독 - 공작물충돌,기타,건조,맑음,단일로 - 기타,화물,여,61세,중상,,,,
2021040200100055,2021년 4월 2일 07시,금요일,강원도 강릉시 교동,경상사고,0,0,1,0,차대사람 - 차도통행중,안전운전불이행,건조,흐림,교차로 - 교차로안,승용,여,55세,상해없음,보행자,여,63세,경상
2021040200100056,2021년 4월 2일 07시,금요일,강원도 홍천군 홍천읍,경상사고,0,0,1,0,차대차 - 측면충돌,안전운전불이행,건조,맑음,교차로 - 교차로부근,자전거,남,67세,경상,승용,남,57세,상해없음
2021040200100089,2021년 4월 2일 08시,금요일,강원도 원주시 학성동,중상사고,0,1,2,0,차대차 - 측면충돌,안전운전불이행,건조,맑음,단일로 - 기타,승용,남,69세,상해없음,승합,남,52세,경상
2021040200100090,2021년 4월 2일 08시,금요일,강원도 횡성군 횡성읍,경상사고,0,0,1,0,차대사람 - 기타,안전운전불이행,건조,맑음,기타 - 기타,승용,여,38세,기타불명,보행자,여,10세,경상
2021040200100126,2021년 4월 2일 09시,금요일,강원도 원주시 호저면,경상사고,0,0,1,0,차대차 - 측면충돌,안전거리미확보,건조,맑음,교차로 - 교차로부근,화물,여,54세,기타불명,승용,여,32세,경상
2021040200100154,2021년 4월 2일 10시,금요일,강원도 춘천시 석사동,중상사고,0,1,0,0,차대차 - 정면충돌,중앙선침범,건조,맑음,단일로 - 기타,승용,남,64세,상해없음,이륜,남,35세,중상
2021040200100184,2021년 4월 2일 11시,금요일,강원도 춘천시 효자동,경상사고,0,0,1,0,차대사람 - 보도통행중,보행자보호의무위반,건조,맑음,교차로 - 교차로안,승용,여,61세,상해없음,보행자,여,57세,경상
2021040200100185,2021년 4월 2일 11시,금요일,강원도 원주시 평원동,경상사고,0,0,1,0,차대차 - 측면충돌,안전운전불이행,건조,맑음,교차로 - 교차로안,승용,남,78세,상해없음,승용,남,60세,상해없음
2021040200100299,2021년 4월 2일 14시,금요일,강원도 원주시 흥업면,중상사고,0,1,2,0,차대차 - 추돌,안전거리미확보,건조,맑음,교차로 - 교차로부근,건설기계,남,49세,상해없음,화물,여,58세,경상
2021040200100331,2021년 4월 2일 15시,금요일,강원도 동해시 지흥동,경상사고,0,0,1,0,차대차 - 측면충돌,교차로운행방법위반,건조,맑음,교차로 - 교차로안,승용,남,82세,상해없음,화물,남,82세,경상
2021040200100363,2021년 4월 2일 16시,금요일,강원도 원주시 신림면,경상사고,0,0,2,0,차대차 - 추돌,안전운전불이행,건조,맑음,단일로 - 기타,승용,여,35세,상해없음,승용,남,59세,경상
2021040200100411,2021년 4월 2일 17시,금요일,강원도 강릉시 교동,경상사고,0,0,1,0,차대차 - 측면충돌,안전운전불이행,건조,맑음,교차로 - 교차로안,화물,남,37세,상해없음,승용,남,30세,경상
2021040200100462,2021년 4월 2일 18시,금요일,강원도 춘천시 동내면,중상사고,0,1,0,0,차대차 - 추돌,안전거리미확보,건조,맑음,단일로 - 기타,승용,남,30세,상해없음,승용,여,28세,중상
2021040200100505,2021년 4월 2일 19시,금요일,강원도 춘천시 동내면,경상사고,0,0,2,0,차대차 - 기타,중앙선침범,건조,맑음,단일로 - 기타,화물,남,30세,상해없음,승용,남,21세,경상
2021040200100551,2021년 4월 2일 20시,금요일,강원도 홍천군 홍천읍,경상사고,0,0,1,0,차대차 - 측면충돌,직진우회전진행방해,건조,맑음,교차로 - 교차로안,승용,남,54세,기타불명,화물,남,65세,경상
2021040200100585,2021년 4월 2일 21시,금요일,강원도 춘천시 효자동,경상사고,0,0,1,0,차대사람 - 기타,안전운전불이행,건조,맑음,단일로 - 기타,승용,남,52세,상해없음,보행자,여,18세,경상
2021040200100637,2021년 4월 2일 23시,금요일,강원도 강릉시 포남동,경상사고,0,0,2,0,차대차 - 추돌,안전운전불이행,건조,맑음,교차로 - 교차로부근,승용,남,50세,상해없음,승용,여,52세,경상
2021040300100046,2021년 4월 3일 04시,토요일,강원도 춘천시 효자동,경상사고,0,0,1,0,차대사람 - 기타,안전운전불이행,건조,기타,단일로 - 기타,승용,남,21세,상해없음,보행자,남,21세,경상
2021040300100048,2021년 4월 3일 05시,토요일,강원도 삼척시 당저동,경상사고,0,0,1,0,차대차 - 측면충돌,신호위반,건조,맑음,교차로 - 교차로안,승합,남,49세,상해없음,승용,남,21세,경상
2021040300100052,2021년 4월 3일 06시,토요일,강원도 영월군 북면,중상사고,0,1,2,0,차대차 - 정면충돌,중앙선침범,건조,맑음,단일로 - 기타,승용,남,21세,상해없음,승용,남,43세,중상
2021040300100093,2021년 4월 3일 09시,토요일,강원도 원주시 단구동,경상사고,0,0,1,0,차대차 - 기타,안전거리미확보,건조,맑음,교차로 - 교차로안,승용,여,72세,상해없음,승용,여,68세,경상
2021040300100176,2021년 4월 3일 12시,토요일,강원도 춘천시 근화동,경상사고,0,0,2,0,차대차 - 측면충돌,교차로운행방법위반,젖음/습기,비,교차로 - 교차로안,화물,남,64세,상해없음,승용,여,27세,경상
2021040300100177,2021년 4월 3일 12시,토요일,강원도 강릉시 성산면,경상사고,0,0,3,0,차대차 - 측면충돌,안전운전불이행,젖음/습기,비,단일로 - 기타,승용,남,65세,상해없음,승용,여,57세,경상
2021040300100178,2021년 4월 3일 12시,토요일,강원도 정선군 남면,경상사고,0,0,5,0,차대차 - 기타,직진우회전진행방해,젖음/습기,비,교차로 - 교차로안,화물,남,64세,경상,승용,여,66세,경상
2021040300100232,2021년 4월 3일 13시,토요일,강원도 양구군 양구읍,경상사고,0,0,3,0,차대차 - 정면충돌,안전운전불이행,젖음/습기,비,교차로 - 교차로안,화물,남,55세,경상,승합,여,59세,경상
2021040300100272,2021년 4월 3일 14시,토요일,강원도 강릉시 죽헌동,경상사고,0,0,1,0,차대차 - 기타,신호위반,젖음/습기,비,교차로 - 교차로안,승합,남,66세,상해없음,승용,남,33세,경상
2021040300100273,2021년 4월 3일 14시,토요일,강원도 원주시 학성동,경상사고,0,0,1,0,차대차 - 측면충돌,안전거리미확보,젖음/습기,비,교차로 - 교차로부근,승용,여,53세,상해없음,화물,남,50세,경상
2021040300100274,2021년 4월 3일 14시,토요일,강원도 홍천군 서면,중상사고,0,1,0,0,차대차 - 정면충돌,중앙선침범,젖음/습기,비,단일로 - 기타,승용,남,49세,상해없음,승용,여,55세,중상
2021040300100302,2021년 4월 3일 15시,토요일,강원도 강릉시 옥계면,중상사고,0,1,0,0,차대차 - 측면충돌,안전운전불이행,젖음/습기,비,단일로 - 기타,화물,남,68세,상해없음,자전거,여,81세,중상
2021040300100374,2021년 4월 3일 17시,토요일,강원도 삼척시 당저동,경상사고,0,0,4,0,차대차 - 측면충돌,직진우회전진행방해,젖음/습기,비,교차로 - 교차로안,승용,여,24세,상해없음,승용,여,38세,경상
2021040300100411,2021년 4월 3일 18시,토요일,강원도 원주시 일산동,경상사고,0,0,1,1,차대차 - 측면충돌,안전운전불이행,젖음/습기,비,단일로 - 기타,승용,남,33세,경상,승용,남,59세,상해없음
2021040300100412,2021년 4월 3일 18시,토요일,강원도 영월군 한반도면,경상사고,0,0,1,0,차대차 - 측면충돌,기타,젖음/습기,비,교차로 - 교차로안,승용,남,52세,상해없음,승용,남,58세,경상
2021040300100442,2021년 4월 3일 19시,토요일,강원도 강릉시 옥천동,중상사고,0,1,0,0,차대사람 - 횡단중,안전운전불이행,젖음/습기,비,교차로 - 교차로안,승용,여,26세,상해없음,보행자,여,83세,중상
2021040300100443,2021년 4월 3일 19시,토요일,강원도 고성군 토성면,경상사고,0,0,3,0,차대차 - 측면충돌,신호위반,젖음/습기,비,교차로 - 교차로안,승합,남,41세,상해없음,승용,남,58세,경상
2021040300100488,2021년 4월 3일 20시,토요일,강원도 동해시 천곡동,중상사고,0,1,0,0,차대사람 - 횡단중,보행자보호의무위반,젖음/습기,비,단일로 - 기타,승용,남,22세,상해없음,보행자,여,68세,중상
2021040300100582,2021년 4월 3일 22시,토요일,강원도 강릉시 교동,중상사고,0,1,0,0,차대사람 - 기타,신호위반,젖음/습기,비,교차로 - 교차로안,승용,여,50세,상해없음,보행자,여,21세,중상
2021040300100583,2021년 4월 3일 22시,토요일,강원도 정선군 고한읍,중상사고,0,1,1,0,차대차 - 추돌,안전운전불이행,젖음/습기,비,교차로 - 교차로부근,승합,남,55세,기타불명,승용,남,63세,상해없음
2021040300100617,2021년 4월 3일 23시,토요일,강원도 원주시 호저면,경상사고,0,0,2,0,차대차 - 기타,중앙선침범,젖음/습기,비,교차로 - 교차로부근,화물,남,41세,상해없음,승용,남,23세,경상
2021040300100618,2021년 4월 3일 23시,토요일,강원도 속초시 교동,중상사고,0,1,3,0,차대차 - 측면충돌,신호위반,젖음/습기,비,교차로 - 교차로안,승용,남,55세,상해없음,승용,남,41세,중상
2021040400100091,2021년 4월 4일 10시,일요일,강원도 원주시 단구동,경상사고,0,0,1,0,차대사람 - 횡단중,안전운전불이행,건조,맑음,단일로 - 기타,승용,남,63세,상해없음,보행자,여,3세,경상
2021040400100104,2021년 4월 4일 11시,일요일,강원도 속초시 동명동,경상사고,0,0,1,0,차대차 - 측면충돌,안전운전불이행,건조,맑음,교차로 - 교차로안,승용,남,63세,상해없음,이륜,남,40세,경상
2021040400100126,2021년 4월 4일 12시,일요일,강원도 원주시 호저면,경상사고,0,0,1,0,차대차 - 측면충돌,안전거리미확보,건조,맑음,단일로 - 기타,화물,남,55세,상해없음,승용,남,60세,경상
2021040400100127,2021년 4월 4일 12시,일요일,강원도 홍천군 홍천읍,경상사고,0,0,2,0,차대차 - 추돌,안전거리미확보,건조,맑음,단일로 - 지하차도(도로)내,승용,남,35세,상해없음,승용,여,44세,경상
2021040400100128,2021년 4월 4일 12시,일요일,강원도 양구군 양구읍,경상사고,0,0,2,0,차대차 - 추돌,안전거리미확보,건조,맑음,단일로 - 기타,승용,여,59세,경상,승용,남,40세,경상
2021040400100150,2021년 4월 4일 13시,일요일,강원도 춘천시 석사동,경상사고,0,0,2,0,차대차 - 측면충돌,교차로운행방법위반,건조,맑음,교차로 - 교차로안,승용,여,49세,상해없음,승용,남,26세,경상
2021040400100178,2021년 4월 4일 14시,일요일,강원도 원주시 개운동,경상사고,0,0,2,0,차대차 - 측면충돌,직진우회전진행방해,건조,맑음,교차로 - 교차로안,승용,여,56세,경상,승용,여,55세,경상
2021040400100179,2021년 4월 4일 14시,일요일,강원도 원주시 관설동,중상사고,0,1,0,0,차대사람 - 길가장자리구역통행중,안전운전불이행,건조,맑음,단일로 - 기타,승용,남,63세,상해없음,보행자,여,55세,중상
2021040400100180,2021년 4월 4일 14시,일요일,강원도 고성군 간성읍,중상사고,0,1,1,0,차대차 - 추돌,안전운전불이행,건조,맑음,기타 - 기타,승합,남,58세,상해없음,승용,여,41세,경상
2021040400100227,2021년 4월 4일 15시,일요일,강원도 춘천시 서면,중상사고,0,4,0,0,차대차 - 정면충돌,중앙선침범,건조,맑음,단일로 - 기타,승용,남,23세,상해없음,승용,남,82세,중상
2021040400100252,2021년 4월 4일 16시,일요일,강원도 춘천시 약사동,경상사고,0,0,1,0,차대차 - 측면충돌,직진우회전진행방해,건조,맑음,교차로 - 교차로안,승용,여,59세,상해없음,이륜,남,74세,경상
2021040400100253,2021년 4월 4일 16시,일요일,강원도 동해시 쇄운동,경상사고,0,0,2,0,차대차 - 기타,직진우회전진행방해,건조,맑음,교차로 - 교차로안,이륜,남,44세,경상,이륜,남,51세,경상
2021040400100254,2021년 4월 4일 16시,일요일,강원도 인제군 상남면,경상사고,0,0,1,0,차대차 - 기타,안전운전불이행,건조,맑음,단일로 - 터널,화물,남,56세,상해없음,승용,여,46세,경상
2021040400100306,2021년 4월 4일 18시,일요일,강원도 원주시 가현동,경상사고,0,0,2,0,차대차 - 측면충돌,안전거리미확보,건조,흐림,교차로 - 교차로부근,화물,여,56세,상해없음,승용,남,36세,경상
2021040400100360,2021년 4월 4일 20시,일요일,강원도 원주시 단구동,경상사고,0,0,3,0,차대차 - 측면충돌,안전운전불이행,건조,맑음,교차로 - 교차로안,승용,남,63세,상해없음,승용,남,32세,경상
2021040400100383,2021년 4월 4일 21시,일요일,강원도 원주시 단구동,경상사고,0,0,3,0,차대차 - 측면충돌,안전거리미확보,건조,맑음,교차로 - 교차로안,승용,남,21세,상해없음,승용,여,50세,경상
2021040400100384,2021년 4월 4일 21시,일요일,강원도 원주시 소초면,경상사고,0,0,1,0,차대차 - 측면충돌,중앙선침범,건조,맑음,단일로 - 기타,화물,남,73세,상해없음,승용,남,60세,경상
2021040500100029,2021년 4월 5일 05시,월요일,강원도 철원군 동송읍,중상사고,0,1,0,0,차대차 - 측면충돌,안전거리미확보,건조,맑음,단일로 - 기타,승용,여,54세,상해없음,이륜,남,27세,중상
2021040500100048,2021년 4월 5일 06시,월요일,강원도 원주시 문막읍,경상사고,0,0,5,0,차대차 - 추돌,안전운전불이행,건조,맑음,단일로 - 기타,승용,남,39세,경상,승용,남,26세,경상
2021040500100049,2021년 4월 5일 06시,월요일,강원도 태백시 황지동,중상사고,0,1,0,0,차대사람 - 길가장자리구역통행중,안전운전불이행,건조,맑음,단일로 - 기타,승용,남,60세,상해없음,보행자,여,26세,중상
2021040500100050,2021년 4월 5일 06시,월요일,강원도 철원군 동송읍,경상사고,0,0,2,0,차대차 - 측면충돌,중앙선침범,건조,맑음,기타 - 기타,이륜,여,72세,경상,승용,남,31세,경상
2021040500100102,2021년 4월 5일 08시,월요일,강원도 원주시 무실동,경상사고,0,0,1,0,차대차 - 기타,안전운전불이행,건조,맑음,교차로 - 교차로안,화물,남,65세,상해없음,승용,여,52세,경상
2021040500100103,2021년 4월 5일 08시,월요일,강원도 양구군 양구읍,경상사고,0,0,1,0,차대차 - 추돌,안전운전불이행,건조,맑음,단일로 - 기타,승용,남,47세,상해없음,화물,남,28세,상해없음
2021040500100104,2021년 4월 5일 08시,월요일,강원도 동해시 평릉동,경상사고,0,0,1,0,차대사람 - 횡단중,안전운전불이행,건조,맑음,단일로 - 기타,승용,남,56세,상해없음,보행자,남,74세,경상
2021040500100146,2021년 4월 5일 09시,월요일,강원도 강릉시 남문동,경상사고,0,0,1,0,차대사람 - 횡단중,안전운전불이행,건조,맑음,단일로 - 기타,승용,남,33세,상해없음,보행자,여,58세,경상
2021040500100147,2021년 4월 5일 09시,월요일,강원도 양양군 강현면,경상사고,0,0,1,0,차대차 - 측면충돌,안전운전불이행,건조,맑음,교차로 - 교차로안,화물,남,71세,상해없음,승용,여,58세,경상
2021040500100187,2021년 4월 5일 10시,월요일,강원도 원주시 원동,부상신고사고,0,0,0,1,차대차 - 추돌,안전운전불이행,건조,맑음,단일로 - 기타,승용,남,64세,상해없음,승용,여,67세,부상신고
2021040500100188,2021년 4월 5일 10시,월요일,강원도 원주시 관설동,경상사고,0,0,2,0,차대차 - 후진중충돌,안전운전불이행,건조,맑음,단일로 - 기타,승용,여,45세,상해없음,승용,여,48세,경상
2021040500100215,2021년 4월 5일 11시,월요일,강원도 원주시 태장동,중상사고,0,3,0,0,차대차 - 추돌,안전거리미확보,건조,맑음,단일로 - 기타,승용,여,53세,상해없음,화물,남,54세,중상
2021040500100247,2021년 4월 5일 12시,월요일,강원도 춘천시 효자동,경상사고,0,0,1,0,차대사람 - 기타,보행자보호의무위반,건조,맑음,단일로 - 기타,이륜,남,48세,상해없음,보행자,여,62세,경상
2021040500100280,2021년 4월 5일 13시,월요일,강원도 태백시 황지동,중상사고,0,1,0,0,차대사람 - 횡단중,보행자보호의무위반,건조,맑음,교차로 - 교차로횡단보도내,승합,남,39세,상해없음,보행자,남,51세,중상
2021040500100316,2021년 4월 5일 14시,월요일,강원도 원주시 무실동,경상사고,0,0,2,0,차대차 - 추돌,신호위반,건조,맑음,교차로 - 교차로안,이륜,남,80세,기타불명,승용,남,62세,경상
2021040500100459,2021년 4월 5일 17시,월요일,강원도 춘천시 퇴계동,경상사고,0,0,1,0,차대차 - 측면충돌,교차로운행방법위반,건조,맑음,교차로 - 교차로부근,이륜,남,56세,상해없음,승용,여,39세,경상
2021040500100508,2021년 4월 5일 18시,월요일,강원도 춘천시 동내면,중상사고,0,1,0,0,차대차 - 측면충돌,신호위반,건조,맑음,교차로 - 교차로안,승용,남,64세,상해없음,이륜,남,75세,중상
2021040500100509,2021년 4월 5일 18시,월요일,강원도 원주시 단구동,경상사고,0,0,2,0,차대차 - 기타,교차로운행방법위반,건조,맑음,교차로 - 교차로안,승용,남,68세,상해없음,화물,남,58세,경상
2021040500100510,2021년 4월 5일 18시,월요일,강원도 홍천군 홍천읍,경상사고,0,0,2,0,차대차 - 추돌,안전운전불이행,건조,맑음,단일로 - 지하차도(도로)내,화물,남,64세,상해없음,승합,남,59세,경상
2021040500100557,2021년 4월 5일 19시,월요일,강원도 양구군 양구읍,경상사고,0,0,3,0,차대차 - 추돌,안전운전불이행,건조,맑음,교차로 - 교차로안,화물,여,63세,경상,승용,남,49세,경상
2021040500100594,2021년 4월 5일 20시,월요일,강원도 강릉시 송정동,중상사고,0,1,0,0,차대사람 - 횡단중,보행자보호의무위반,건조,맑음,교차로 - 교차로횡단보도내,승합,남,44세,상해없음,보행자,남,67세,중상
2021040600100029,2021년 4월 6일 06시,화요일,강원도 원주시 단계동,경상사고,0,0,1,0,차대차 - 기타,안전거리미확보,건조,맑음,기타 - 기타,화물,남,45세,상해없음,승용,남,39세,경상
2021040600100048,2021년 4월 6일 07시,화요일,강원도 원주시 지정면,경상사고,0,0,1,0,차대차 - 기타,교차로운행방법위반,건조,맑음,교차로 - 교차로안,승합,남,59세,상해없음,이륜,남,37세,경상
2021040600100049,2021년 4월 6일 07시,화요일,강원도 횡성군 횡성읍,경상사고,0,0,1,0,차대차 - 후진중충돌,안전운전불이행,건조,맑음,기타 - 기타,건설기계,남,60세,상해없음,건설기계,남,55세,경상
2021040600100086,2021년 4월 6일 08시,화요일,강원도 원주시 우산동,중상사고,0,1,1,0,차대차 - 기타,안전운전불이행,건조,맑음,교차로 - 교차로부근,승용,남,71세,상해없음,승합,남,56세,중상
2021040600100142,2021년 4월 6일 10시,화요일,강원도 춘천시 소양로3가,경상사고,0,0,1,0,차대차 - 측면충돌,직진우회전진행방해,건조,맑음,교차로 - 교차로안,승용,여,65세,상해없음,승용,여,57세,경상