사고번호,사고일시,요일,시군구,사고내용,사망자수,중상자수,경상자수,부상신고자수,사고유형,법규위반,노면상태,기상상태,도로형태,가해운전자 차종,가해운전자 성별,가해운전자 연령,가해운전자 상해정도,피해운전자 차종,피해운전자 성별,피해운전자 연령,피해운전자 상해정도
2021040600100143,2021년 4월 6일 10시,화요일,강원도 속초시 금호동,경상사고,0,0,1,0,차대차 - 기타,중앙선침범,건조,맑음,단일로 - 기타,승용,남,77세,상해없음,승용,남,68세,상해없음
2021040600100145,2021년 4월 6일 10시,화요일,강원도 양구군 양구읍,중상사고,0,1,0,0,차대사람 - 기타,안전운전불이행,젖음/습기,맑음,교차로 - 교차로안,승용,남,69세,상해없음,보행자,여,77세,중상
2021040600100171,2021년 4월 6일 11시,화요일,강원도 태백시 황지동,경상사고,0,0,1,0,차대차 - 측면충돌,안전운전불이행,건조,맑음,단일로 - 기타,승용,남,49세,상해없음,승용,남,52세,경상
2021040600100172,2021년 4월 6일 11시,화요일,강원도 강릉시 강동면,중상사고,0,1,1,0,차대차 - 측면충돌,신호위반,건조,맑음,단일로 - 터널,승용,남,52세,중상,승용,여,45세,경상
2021040600100233,2021년 4월 6일 13시,화요일,강원도 원주시 흥업면,경상사고,0,0,2,0,차대차 - 측면충돌,신호위반,건조,맑음,교차로 - 교차로안,승용,여,51세,경상,건설기계,남,50세,경상
2021040600100234,2021년 4월 6일 13시,화요일,강원도 철원군 동송읍,경상사고,0,0,1,0,차대차 - 측면충돌,안전운전불이행,건조,맑음,단일로 - 기타,화물,남,40세,상해없음,승용,남,56세,경상
2021040600100260,2021년 4월 6일 14시,화요일,강원도 원주시 소초면,경상사고,0,0,1,0,차대차 - 추돌,안전운전불이행,건조,맑음,교차로 - 교차로부근,화물,남,56세,상해없음,승용,여,58세,경상
2021040600100301,2021년 4월 6일 15시,화요일,강원도 강릉시 노암동,중상사고,0,1,0,0,차대차 - 측면충돌,안전운전불이행,건조,맑음,단일로 - 기타,승용,여,57세,상해없음,승용,남,37세,기타불명
2021040600100302,2021년 4월 6일 15시,화요일,강원도 동해시 천곡동,중상사고,0,1,1,0,차대차 - 측면충돌,교차로운행방법위반,건조,맑음,교차로 - 교차로안,승용,여,62세,경상,승용,남,57세,중상
2021040600100418,2021년 4월 6일 18시,화요일,강원도 강릉시 홍제동,중상사고,0,1,0,0,차대사람 - 횡단중,신호위반,건조,맑음,단일로 - 기타,승용,여,58세,상해없음,보행자,여,56세,중상
2021040600100471,2021년 4월 6일 19시,화요일,강원도 강릉시 주문진읍,경상사고,0,0,1,0,차대차 - 측면충돌,신호위반,기타,맑음,교차로 - 교차로안,승용,여,29세,상해없음,승용,남,54세,경상
2021040600100505,2021년 4월 6일 20시,화요일,강원도 원주시 무실동,중상사고,0,1,1,0,차대차 - 기타,신호위반,건조,맑음,교차로 - 교차로부근,원동기,남,61세,중상,승용,여,38세,경상
2021040600100559,2021년 4월 6일 22시,화요일,강원도 원주시 단계동,경상사고,0,0,3,0,차대차 - 추돌,안전운전불이행,건조,맑음,단일로 - 기타,승용,남,47세,상해없음,승용,남,55세,경상
2021040700100021,2021년 4월 7일 04시,수요일,강원도 속초시 교동,중상사고,0,1,0,0,차대차 - 추돌,안전운전불이행,건조,맑음,단일로 - 기타,승용,남,69세,상해없음,승용,남,48세,중상
2021040700100082,2021년 4월 7일 08시,수요일,강원도 원주시 문막읍,경상사고,0,0,1,0,차대차 - 후진중충돌,불법유턴,건조,맑음,단일로 - 기타,승용,남,69세,상해없음,승용,여,30세,경상
2021040700100124,2021년 4월 7일 09시,수요일,강원도 태백시 황지동,경상사고,0,0,1,0,차대차 - 측면충돌,안전운전불이행,건조,맑음,단일로 - 기타,승용,남,63세,상해없음,승용,남,41세,경상
2021040700100156,2021년 4월 7일 10시,수요일,강원도 춘천시 교동,중상사고,0,1,0,0,차대사람 - 횡단중,보행자보호의무위반,건조,맑음,단일로 - 기타,자전거,남,24세,상해없음,보행자,여,49세,중상
2021040700100157,2021년 4월 7일 10시,수요일,강원도 원주시 호저면,경상사고,0,0,2,0,차대차 - 후진중충돌,안전운전불이행,건조,맑음,교차로 - 교차로부근,승용,남,80세,상해없음,승용,남,60세,경상
2021040700100249,2021년 4월 7일 13시,수요일,강원도 강릉시 안현동,경상사고,0,0,4,0,차대차 - 기타,안전운전불이행,건조,맑음,교차로 - 교차로부근,화물,남,63세,상해없음,승용,여,64세,경상
2021040700100281,2021년 4월 7일 14시,수요일,강원도 평창군 대화면,중상사고,0,1,0,0,차대사람 - 보도통행중,안전운전불이행,건조,맑음,단일로 - 지하차도(도로)내,화물,남,73세,상해없음,보행자,남,81세,중상
2021040700100282,2021년 4월 7일 14시,수요일,강원도 정선군 고한읍,중상사고,0,1,1,0,차대차 - 정면충돌,신호위반,건조,맑음,단일로 - 기타,승용,남,81세,경상,승용,남,29세,중상
2021040700100322,2021년 4월 7일 15시,수요일,강원도 태백시 황지동,경상사고,0,0,1,0,차대차 - 측면충돌,안전운전불이행,건조,맑음,주차장 - 주차장,승용,여,43세,상해없음,승용,남,46세,경상
2021040700100466,2021년 4월 7일 18시,수요일,강원도 속초시 교동,경상사고,0,0,2,0,차대차 - 기타,불법유턴,건조,맑음,교차로 - 교차로안,승용,남,55세,상해없음,승용,남,30세,상해없음
2021040700100525,2021년 4월 7일 19시,수요일,강원도 원주시 태장동,중상사고,0,1,0,0,차대사람 - 차도통행중,안전운전불이행,건조,맑음,교차로 - 교차로부근,승용,남,66세,상해없음,보행자,남,65세,중상
2021040700100526,2021년 4월 7일 19시,수요일,강원도 홍천군 홍천읍,중상사고,0,1,0,0,차대사람 - 횡단중,보행자보호의무위반,건조,흐림,단일로 - 교량,승용,남,57세,상해없음,보행자,남,33세,중상
2021040700100527,2021년 4월 7일 19시,수요일,강원도 철원군 김화읍,경상사고,0,0,1,0,차대차 - 측면충돌,신호위반,건조,맑음,교차로 - 교차로안,승용,남,24세,상해없음,승용,여,41세,경상
2021040700100528,2021년 4월 7일 19시,수요일,강원도 철원군 동송읍,경상사고,0,0,2,0,차대차 - 추돌,기타,건조,맑음,단일로 - 기타,승용,남,60세,상해없음,농기계,남,51세,경상
2021040800100005,2021년 4월 8일 00시,목요일,강원도 춘천시 온의동,경상사고,0,0,1,0,차대차 - 추돌,안전운전불이행,건조,맑음,교차로 - 교차로부근,승용,남,27세,상해없음,승용,남,63세,경상
2021040800100028,2021년 4월 8일 04시,목요일,강원도 원주시 무실동,경상사고,0,0,1,0,차대차 - 기타,신호위반,건조,맑음,교차로 - 교차로안,승용,여,45세,상해없음,승용,남,40세,경상
2021040800100064,2021년 4월 8일 07시,목요일,강원도 원주시 단구동,경상사고,0,0,1,0,차대차 - 측면충돌,교차로운행방법위반,건조,맑음,교차로 - 교차로안,승용,여,30세,상해없음,승합,남,58세,상해없음
2021040800100100,2021년 4월 8일 08시,목요일,강원도 춘천시 퇴계동,경상사고,0,0,1,0,차대사람 - 기타,안전운전불이행,건조,맑음,단일로 - 기타,승용,남,37세,상해없음,보행자,여,25세,경상
2021040800100101,2021년 4월 8일 08시,목요일,강원도 원주시 단계동,경상사고,0,0,1,0,차대차 - 추돌,안전운전불이행,건조,맑음,단일로 - 기타,승용,남,25세,상해없음,승용,남,52세,경상
2021040800100211,2021년 4월 8일 11시,목요일,강원도 속초시 노학동,중상사고,0,1,0,0,차대사람 - 기타,안전운전불이행,건조,맑음,단일로 - 기타,화물,남,54세,상해없음,보행자,남,66세,중상
2021040800100212,2021년 4월 8일 11시,목요일,강원도 홍천군 화촌면,경상사고,0,0,2,0,차대차 - 측면충돌,교차로운행방법위반,건조,맑음,교차로 - 교차로안,화물,여,49세,기타불명,승용,남,65세,경상
2021040800100238,2021년 4월 8일 12시,목요일,강원도 인제군 기린면,경상사고,0,0,2,0,차대차 - 측면충돌,안전운전불이행,건조,맑음,교차로 - 교차로안,승용,여,56세,상해없음,화물,남,61세,경상
2021040800100239,2021년 4월 8일 12시,목요일,강원도 철원군 동송읍,경상사고,0,0,1,0,차대차 - 측면충돌,직진우회전진행방해,건조,맑음,교차로 - 교차로안,승용,남,68세,상해없음,승용,여,46세,경상
2021040800100311,2021년 4월 8일 14시,목요일,강원도 평창군 진부면,경상사고,0,0,1,0,차대차 - 측면충돌,기타,건조,맑음,단일로 - 기타,승합,남,74세,상해없음,승용,여,40세,경상
2021040800100341,2021년 4월 8일 15시,목요일,강원도 춘천시 온의동,경상사고,0,0,1,0,차대차 - 측면충돌,안전거리미확보,건조,맑음,기타 - 기타,건설기계,남,53세,상해없음,승합,남,33세,경상
2021040800100342,2021년 4월 8일 15시,목요일,강원도 횡성군 둔내면,중상사고,0,1,0,0,차대차 - 추돌,안전운전불이행,건조,맑음,단일로 - 기타,승용,여,46세,상해없음,기타불명,여,80세,중상
2021040800100431,2021년 4월 8일 17시,목요일,강원도 춘천시 동내면,부상신고사고,0,0,0,1,차대차 - 추돌,안전거리미확보,건조,맑음,교차로 - 교차로부근,화물,남,40세,상해없음,화물,남,56세,부상신고
2021040800100432,2021년 4월 8일 17시,목요일,강원도 삼척시 정상동,경상사고,0,0,1,0,차대차 - 측면충돌,중앙선침범,건조,맑음,단일로 - 지하차도(도로)내,자전거,남,55세,경상,승용,남,56세,상해없음
2021040800100563,2021년 4월 8일 20시,목요일,강원도 철원군 동송읍,중상사고,0,1,0,0,차량단독 - 공작물충돌,안전운전불이행,건조,맑음,교차로 - 교차로부근,승용,남,50세,중상,,,,
2021040900100005,2021년 4월 9일 00시,금요일,강원도 원주시 무실동,중상사고,0,2,0,0,차대사람 - 보도통행중,보행자보호의무위반,건조,맑음,교차로 - 교차로횡단보도내,승용,남,68세,상해없음,보행자,남,37세,중상
2021040900100006,2021년 4월 9일 00시,금요일,강원도 원주시 단계동,중상사고,0,1,0,0,차대차 - 측면충돌,안전운전불이행,건조,맑음,교차로 - 교차로안,승용,남,42세,상해없음,승용,남,53세,중상
2021040900100052,2021년 4월 9일 07시,금요일,강원도 속초시 교동,경상사고,0,0,1,0,차대차 - 측면충돌,안전운전불이행,건조,맑음,교차로 - 교차로안,승용,남,19세,상해없음,승용,남,75세,경상
2021040900100088,2021년 4월 9일 08시,금요일,강원도 춘천시 효자동,경상사고,0,0,1,0,차대차 - 추돌,안전운전불이행,건조,맑음,단일로 - 기타,승용,남,23세,상해없음,승용,여,66세,경상
2021040900100089,2021년 4월 9일 08시,금요일,강원도 춘천시 동내면,경상사고,0,0,1,0,차대차 - 측면충돌,안전운전불이행,건조,맑음,단일로 - 기타,승용,여,39세,상해없음,승용,여,36세,경상
2021040900100090,2021년 4월 9일 08시,금요일,강원도 원주시 단구동,경상사고,0,0,1,0,차대차 - 측면충돌,교차로운행방법위반,건조,맑음,교차로 - 교차로안,승합,여,48세,상해없음,승용,여,49세,경상
2021040900100091,2021년 4월 9일 08시,금요일,강원도 동해시 송정동,경상사고,0,0,1,0,차대차 - 측면충돌,안전운전불이행,건조,맑음,단일로 - 기타,승용,남,79세,상해없음,화물,남,52세,경상
2021040900100120,2021년 4월 9일 09시,금요일,강원도 원주시 봉산동,경상사고,0,0,2,0,차대차 - 추돌,안전운전불이행,건조,맑음,교차로 - 교차로안,승용,여,54세,상해없음,승용,남,59세,경상
2021040900100158,2021년 4월 9일 10시,금요일,강원도 원주시 단계동,경상사고,0,0,1,0,차대차 - 추돌,직진우회전진행방해,건조,맑음,교차로 - 교차로안,승용,남,32세,상해없음,화물,남,39세,경상
2021040900100191,2021년 4월 9일 11시,금요일,강원도 강릉시 주문진읍,경상사고,0,0,2,0,차대차 - 기타,안전운전불이행,건조,맑음,단일로 - 기타,이륜,남,38세,상해없음,승용,남,42세,경상
2021040900100192,2021년 4월 9일 11시,금요일,강원도 원주시 단계동,경상사고,0,0,1,0,차대차 - 추돌,안전운전불이행,건조,맑음,교차로 - 교차로부근,화물,남,28세,상해없음,승용,여,38세,경상
2021040900100193,2021년 4월 9일 11시,금요일,강원도 양양군 양양읍,경상사고,0,0,1,0,차대차 - 측면충돌,안전거리미확보,건조,맑음,단일로 - 기타,화물,남,76세,상해없음,승용,여,42세,경상
2021040900100331,2021년 4월 9일 15시,금요일,강원도 춘천시 석사동,경상사고,0,0,1,0,차대차 - 기타,안전운전불이행,건조,맑음,교차로 - 교차로안,승용,남,54세,상해없음,승용,여,41세,경상
2021040900100439,2021년 4월 9일 17시,금요일,강원도 춘천시 퇴계동,경상사고,0,0,1,0,차대차 - 후진중충돌,안전거리미확보,건조,맑음,단일로 - 기타,승용,여,22세,상해없음,승용,남,43세,경상
2021040900100488,2021년 4월 9일 18시,금요일,강원도 춘천시 석사동,경상사고,0,0,1,0,차대사람 - 횡단중,보행자보호의무위반,건조,맑음,교차로 - 교차로횡단보도내,승용,여,43세,상해없음,보행자,여,14세,경상
2021040900100520,2021년 4월 9일 19시,금요일,강원도 속초시 교동,중상사고,0,1,0,0,차대차 - 측면충돌,직진우회전진행방해,건조,맑음,교차로 - 교차로부근,승용,여,55세,기타불명,승용,남,50세,중상
2021040900100623,2021년 4월 9일 22시,금요일,강원도 춘천시 효자동,경상사고,0,0,4,0,차대차 - 기타,교차로운행방법위반,건조,맑음,교차로 - 교차로안,승용,남,57세,상해없음,승용,여,46세,경상
2021040900100649,2021년 4월 9일 23시,금요일,강원도 화천군 하남면,경상사고,0,0,1,0,차대차 - 정면충돌,중앙선침범,건조,맑음,교차로 - 교차로안,승용,여,23세,상해없음,승용,남,24세,경상
2021041000100036,2021년 4월 10일 06시,토요일,강원도 고성군 거진읍,중상사고,0,1,0,0,차대차 - 측면충돌,신호위반,건조,맑음,교차로 - 교차로안,화물,남,53세,상해없음,원동기,남,79세,중상
2021041000100065,2021년 4월 10일 08시,토요일,강원도 횡성군 공근면,중상사고,0,1,0,0,차대사람 - 기타,안전운전불이행,건조,맑음,단일로 - 기타,승용,남,52세,상해없음,보행자,남,54세,중상
2021041000100091,2021년 4월 10일 09시,토요일,강원도 속초시 금호동,중상사고,0,1,0,0,차대차 - 측면충돌,중앙선침범,건조,맑음,교차로 - 교차로부근,승용,남,60세,상해없음,승용,여,59세,중상
2021041000100092,2021년 4월 10일 09시,토요일,강원도 철원군 동송읍,중상사고,0,1,1,0,차대차 - 측면충돌,안전운전불이행,건조,맑음,교차로 - 교차로안,화물,남,79세,경상,화물,남,47세,중상
2021041000100093,2021년 4월 10일 09시,토요일,강원도 동해시 천곡동,경상사고,0,0,1,0,차대차 - 측면충돌,안전운전불이행,건조,맑음,단일로 - 기타,건설기계,남,69세,상해없음,승용,여,58세,경상
2021041000100122,2021년 4월 10일 10시,토요일,강원도 춘천시 신북읍,경상사고,0,0,1,0,차대차 - 측면충돌,안전거리미확보,건조,맑음,단일로 - 기타,승용,여,57세,상해없음,승용,여,30세,경상
2021041000100164,2021년 4월 10일 11시,토요일,강원도 강릉시 강동면,중상사고,0,5,0,0,차대차 - 측면충돌,안전운전불이행,건조,맑음,교차로 - 교차로부근,건설기계,남,68세,상해없음,승용,남,74세,중상
2021041000100165,2021년 4월 10일 11시,토요일,강원도 원주시 무실동,경상사고,0,0,3,0,차대차 - 기타,안전운전불이행,건조,맑음,단일로 - 기타,승용,여,72세,경상,승용,남,21세,경상
2021041000100166,2021년 4월 10일 11시,토요일,강원도 태백시 문곡동,사망사고,1,0,0,0,차량단독 - 공작물충돌,안전운전불이행,건조,맑음,단일로 - 기타,승용,남,82세,사망,,,,
2021041000100206,2021년 4월 10일 12시,토요일,강원도 춘천시 동내면,부상신고사고,0,0,0,1,차대차 - 기타,안전거리미확보,건조,맑음,단일로 - 기타,화물,남,33세,상해없음,화물,남,47세,부상신고
2021041000100207,2021년 4월 10일 12시,토요일,강원도 홍천군 홍천읍,경상사고,0,0,3,0,차대차 - 추돌,안전운전불이행,건조,맑음,단일로 - 기타,화물,남,75세,상해없음,승용,여,30세,경상
2021041000100292,2021년 4월 10일 14시,토요일,강원도 삼척시 사직동,경상사고,0,0,3,0,차대차 - 추돌,안전거리미확보,건조,맑음,단일로 - 교량,승용,여,24세,상해없음,승용,남,39세,경상
2021041000100332,2021년 4월 10일 15시,토요일,강원도 춘천시 석사동,경상사고,0,0,1,0,차대차 - 측면충돌,교차로운행방법위반,건조,맑음,교차로 - 교차로안,승용,여,46세,상해없음,승용,남,45세,경상
2021041000100333,2021년 4월 10일 15시,토요일,강원도 춘천시 신북읍,중상사고,0,1,1,2,차대차 - 추돌,안전거리미확보,건조,맑음,단일로 - 터널,승용,남,32세,상해없음,승합,남,54세,경상
2021041000100334,2021년 4월 10일 15시,토요일,강원도 강릉시 홍제동,중상사고,0,1,1,0,차대차 - 기타,중앙선침범,젖음/습기,맑음,단일로 - 기타,승용,여,33세,상해없음,승용,여,33세,경상
2021041000100335,2021년 4월 10일 15시,토요일,강원도 평창군 대관령면,경상사고,0,0,1,0,차대차 - 측면충돌,안전운전불이행,건조,맑음,단일로 - 기타,승용,남,22세,상해없음,승용,남,62세,경상
2021041000100383,2021년 4월 10일 16시,토요일,강원도 춘천시 동내면,경상사고,0,0,1,0,차대차 - 추돌,교차로운행방법위반,건조,맑음,교차로 - 교차로안,승용,여,42세,상해없음,이륜,남,59세,경상
2021041000100384,2021년 4월 10일 16시,토요일,강원도 원주시 단계동,경상사고,0,0,1,0,차대차 - 추돌,신호위반,건조,맑음,교차로 - 교차로안,사륜오토바이(ATV),여,58세,상해없음,화물,남,62세,상해없음
2021041000100385,2021년 4월 10일 16시,토요일,강원도 평창군 방림면,경상사고,0,0,1,0,차대차 - 기타,안전운전불이행,건조,맑음,단일로 - 기타,승용,남,44세,상해없음,승용,남,42세,경상
2021041000100386,2021년 4월 10일 16시,토요일,강원도 양구군 양구읍,중상사고,0,1,4,0,차대차 - 기타,안전운전불이행,건조,맑음,교차로 - 교차로안,승용,남,25세,중상,승용,남,63세,경상
2021041000100423,2021년 4월 10일 17시,토요일,강원도 속초시 도문동,경상사고,0,0,4,0,차대차 - 측면충돌,중앙선침범,건조,맑음,교차로 - 교차로부근,화물,남,72세,상해없음,승용,남,21세,경상
2021041000100461,2021년 4월 10일 18시,토요일,강원도 춘천시 동면,경상사고,0,0,3,0,차대차 - 측면충돌,안전운전불이행,건조,맑음,교차로 - 교차로안,승용,여,58세,경상,승용,남,23세,경상
2021041000100462,2021년 4월 10일 18시,토요일,강원도 태백시 황지동,경상사고,0,0,1,0,차대차 - 후진중충돌,안전운전불이행,건조,맑음,단일로 - 기타,화물,남,29세,상해없음,자전거,남,21세,경상
2021041000100463,2021년 4월 10일 18시,토요일,강원도 고성군 현내면,중상사고,0,1,0,0,차대차 - 측면충돌,안전운전불이행,건조,맑음,교차로 - 교차로안,승용,남,25세,상해없음,이륜,남,75세,중상
2021041000100554,2021년 4월 10일 21시,토요일,강원도 원주시 단계동,중상사고,0,2,0,0,차대차 - 측면충돌,신호위반,건조,맑음,교차로 - 교차로안,승용,남,58세,상해없음,승용,남,39세,중상
2021041100100003,2021년 4월 11일 00시,일요일,강원도 춘천시 석사동,경상사고,0,0,1,0,차대사람 - 기타,안전운전불이행,건조,기타,기타 - 기타,승용,남,37세,상해없음,보행자,여,23세,경상
2021041100100045,2021년 4월 11일 06시,일요일,강원도 속초시 조양동,중상사고,0,1,0,0,차대차 - 측면충돌,신호위반,건조,맑음,교차로 - 교차로안,화물,남,26세,상해없음,화물,남,46세,중상
2021041100100074,2021년 4월 11일 09시,일요일,강원도 원주시 단계동,경상사고,0,0,1,0,차대차 - 추돌,안전운전불이행,건조,맑음,교차로 - 교차로안,승용,남,61세,상해없음,승용,남,36세,경상
2021041100100124,2021년 4월 11일 11시,일요일,강원도 춘천시 동면,경상사고,0,0,1,0,차대차 - 측면충돌,신호위반,건조,맑음,교차로 - 교차로안,승용,여,28세,상해없음,승용,남,40세,경상
2021041100100125,2021년 4월 11일 11시,일요일,강원도 원주시 단구동,경상사고,0,0,2,0,차대차 - 측면충돌,안전운전불이행,건조,맑음,교차로 - 교차로안,승합,남,59세,상해없음,승용,남,29세,경상
2021041100100126,2021년 4월 11일 11시,일요일,강원도 동해시 천곡동,경상사고,0,0,3,0,차대차 - 추돌,안전운전불이행,건조,맑음,단일로 - 기타,이륜,남,31세,경상,승용,남,29세,경상
2021041100100184,2021년 4월 11일 13시,일요일,강원도 춘천시 동면,경상사고,0,0,1,0,차대사람 - 횡단중,보행자보호의무위반,건조,맑음,교차로 - 교차로횡단보도내,승용,남,66세,상해없음,보행자,여,77세,경상
2021041100100221,2021년 4월 11일 14시,일요일,강원도 춘천시 근화동,경상사고,0,0,1,0,차대차 - 정면충돌,안전운전불이행,건조,맑음,단일로 - 기타,자전거,남,13세,상해없음,자전거,남,74세,경상
2021041100100222,2021년 4월 11일 14시,일요일,강원도 춘천시 남산면,부상신고사고,0,0,0,1,차량단독 - 공작물충돌,안전운전불이행,건조,맑음,단일로 - 기타,사륜오토바이(ATV),남,17세,상해없음,,,,
2021041100100223,2021년 4월 11일 14시,일요일,강원도 평창군 진부면,사망사고,1,0,3,0,차대차 - 정면충돌,기타,건조,맑음,기타 - 기타,이륜,남,45세,사망,승용,남,39세,경상
2021041100100224,2021년 4월 11일 14시,일요일,강원도 횡성군 횡성읍,경상사고,0,0,4,0,차대차 - 기타,중앙선침범,건조,맑음,단일로 - 기타,승용,남,42세,상해없음,승용,남,37세,상해없음
2021041100100225,2021년 4월 11일 14시,일요일,강원도 철원군 갈말읍,중상사고,0,4,0,0,차대차 - 측면충돌,신호위반,건조,맑음,교차로 - 교차로안,승용,여,59세,중상,승용,여,51세,중상
2021041100100258,2021년 4월 11일 15시,일요일,강원도 춘천시 동내면,사망사고,1,2,3,0,차대차 - 정면충돌,중앙선침범,건조,맑음,단일로 - 기타,화물,남,66세,사망,승용,여,45세,중상
2021041100100301,2021년 4월 11일 16시,일요일,강원도 원주시 소초면,사망사고,1,0,0,0,차량단독 - 도로외이탈 - 추락,안전운전불이행,건조,맑음,단일로 - 기타,자전거,남,64세,사망,,,,
2021041100100302,2021년 4월 11일 16시,일요일,강원도 평창군 용평면,경상사고,0,0,2,0,차대차 - 측면충돌,교차로운행방법위반,건조,맑음,교차로 - 교차로안,화물,남,52세,상해없음,승용,여,75세,경상
2021041100100331,2021년 4월 11일 17시,일요일,강원도 춘천시 온의동,경상사고,0,0,1,0,차대차 - 기타,안전운전불이행,건조,맑음,단일로 - 기타,개인형이동수단(PM),남,15세,상해없음,이륜,남,64세,경상
2021041100100332,2021년 4월 11일 17시,일요일,강원도 춘천시 퇴계동,경상사고,0,0,1,0,차대차 - 측면충돌,교차로운행방법위반,건조,맑음,교차로 - 교차로안,승용,남,54세,상해없음,승용,여,53세,경상
2021041100100371,2021년 4월 11일 18시,일요일,강원도 원주시 개운동,경상사고,0,0,2,0,차대차 - 측면충돌,중앙선침범,건조,맑음,단일로 - 기타,승용,여,50세,경상,승용,남,71세,상해없음
2021041100100399,2021년 4월 11일 19시,일요일,강원도 춘천시 사농동,경상사고,0,0,2,0,차대차 - 추돌,안전운전불이행,건조,맑음,단일로 - 기타,화물,남,36세,상해없음,승용,남,58세,경상
2021041100100485,2021년 4월 11일 22시,일요일,강원도 춘천시 효자동,경상사고,0,0,1,0,차대차 - 기타,직진우회전진행방해,건조,맑음,교차로 - 교차로안,승용,남,23세,기타불명,승용,남,56세,경상
2021041100100504,2021년 4월 11일 23시,일요일,강원도 강릉시 입암동,중상사고,0,1,0,0,차대차 - 기타,안전운전불이행,건조,맑음,단일로 - 기타,승용,남,37세,상해없음,이륜,남,31세,중상
2021041200100053,2021년 4월 12일 07시,월요일,강원도 원주시 무실동,경상사고,0,0,4,0,차대차 - 측면충돌,안전거리미확보,건조,흐림,교차로 - 교차로부근,승용,남,62세,상해없음,승용,남,24세,경상
2021041200100078,2021년 4월 12일 08시,월요일,강원도 춘천시 동내면,경상사고,0,0,5,0,차대차 - 추돌,안전운전불이행,건조,흐림,단일로 - 기타,승용,남,31세,상해없음,승합,남,68세,경상
2021041200100079,2021년 4월 12일 08시,월요일,강원도 강릉시 임당동,경상사고,0,0,1,0,차대차 - 기타,신호위반,건조,맑음,교차로 - 교차로안,승용,여,30세,상해없음,승용,남,44세,경상
2021041200100170,2021년 4월 12일 11시,월요일,강원도 강릉시 안현동,경상사고,0,0,2,0,차대차 - 정면충돌,안전운전불이행,건조,맑음,단일로 - 기타,승용,여,63세,상해없음,승용,남,31세,경상
2021041200100263,2021년 4월 12일 14시,월요일,강원도 속초시 교동,경상사고,0,0,2,0,차대차 - 추돌,안전운전불이행,젖음/습기,비,교차로 - 교차로부근,승용,여,43세,상해없음,승용,남,34세,경상
2021041200100302,2021년 4월 12일 15시,월요일,강원도 철원군 갈말읍,경상사고,0,0,2,0,차대차 - 추돌,안전거리미확보,젖음/습기,비,기타 - 기타,화물,남,65세,상해없음,승용,남,41세,경상
2021041200100423,2021년 4월 12일 18시,월요일,강원도 속초시 중앙동,경상사고,0,0,1,0,차대사람 - 보도통행중,안전운전불이행,젖음/습기,비,단일로 - 고가도로위,화물,남,36세,상해없음,보행자,남,38세,경상
2021041200100470,2021년 4월 12일 19시,월요일,강원도 동해시 천곡동,경상사고,0,0,2,0,차대차 - 측면충돌,교차로운행방법위반,젖음/습기,비,교차로 - 교차로안,승용,남,46세,상해없음,승용,남,28세,경상
2021041200100521,2021년 4월 12일 20시,월요일,강원도 정선군 정선읍,경상사고,0,0,1,0,차대차 - 기타,기타,젖음/습기,비,단일로 - 기타,승용,남,65세,상해없음,승용,여,19세,경상
2021041200100562,2021년 4월 12일 21시,월요일,강원도 정선군 남면,중상사고,0,1,0,0,차량단독 - 공작물충돌,안전운전불이행,젖음/습기,비,단일로 - 터널,승용,남,52세,중상,,,,
2021041200100605,2021년 4월 12일 22시,월요일,강원도 원주시 신림면,경상사고,0,0,2,0,차대차 - 추돌,안전운전불이행,젖음/습기,비,단일로 - 기타,화물,남,58세,상해없음,승용,여,49세,경상
2021041300100027,2021년 4월 13일 03시,화요일,강원도 철원군 동송읍,경상사고,0,0,2,0,차대차 - 정면충돌,중앙선침범,젖음/습기,비,기타 - 기타,승용,여,57세,경상,승용,남,58세,기타불명
2021041300100097,2021년 4월 13일 08시,화요일,강원도 춘천시 후평동,경상사고,0,0,1,0,차대차 - 기타,신호위반,건조,맑음,교차로 - 교차로안,승합,남,69세,상해없음,승용,여,49세,경상
2021041300100157,2021년 4월 13일 10시,화요일,강원도 태백시 장성동,중상사고,0,1,0,0,차대사람 - 횡단중,중앙선침범,건조,맑음,단일로 - 기타,승용,남,64세,상해없음,보행자,남,74세,중상
2021041300100158,2021년 4월 13일 10시,화요일,강원도 태백시 황지동,경상사고,0,0,1,0,차대사람 - 기타,안전운전불이행,건조,맑음,단일로 - 기타,승용,남,69세,상해없음,보행자,남,52세,경상
2021041300100213,2021년 4월 13일 12시,화요일,강원도 춘천시 석사동,경상사고,0,0,2,0,차대차 - 측면충돌,안전운전불이행,건조,맑음,단일로 - 기타,승용,여,32세,경상,승용,남,23세,경상
2021041300100248,2021년 4월 13일 13시,화요일,강원도 강릉시 성남동,경상사고,0,0,1,0,차대사람 - 기타,안전운전불이행,건조,맑음,교차로 - 교차로부근,승용,남,47세,상해없음,보행자,여,73세,경상
2021041300100276,2021년 4월 13일 14시,화요일,강원도 원주시 우산동,경상사고,0,0,1,0,차대차 - 후진중충돌,안전운전불이행,건조,맑음,주차장 - 주차장,화물,남,57세,상해없음,승용,여,59세,경상
2021041300100277,2021년 4월 13일 14시,화요일,강원도 속초시 금호동,경상사고,0,0,1,0,차대차 - 기타,기타,건조,맑음,교차로 - 교차로부근,승용,남,70세,상해없음,원동기,남,31세,경상