사고번호,사고일시,요일,시군구,사고내용,사망자수,중상자수,경상자수,부상신고자수,사고유형,법규위반,노면상태,기상상태,도로형태,가해운전자 차종,가해운전자 성별,가해운전자 연령,가해운전자 상해정도,피해운전자 차종,피해운전자 성별,피해운전자 연령,피해운전자 상해정도
2021041300100314,2021년 4월 13일 15시,화요일,강원도 춘천시 옥천동,중상사고,0,1,2,1,차대차 - 추돌,안전거리미확보,건조,맑음,교차로 - 교차로부근,승합,남,57세,상해없음,승용,남,39세,경상
2021041300100315,2021년 4월 13일 15시,화요일,강원도 태백시 통동,경상사고,0,0,1,0,차대차 - 측면충돌,교차로운행방법위반,건조,맑음,교차로 - 교차로안,승용,남,70세,기타불명,승용,남,58세,경상
2021041300100416,2021년 4월 13일 17시,화요일,강원도 양양군 양양읍,중상사고,0,1,0,0,차대차 - 추돌,안전운전불이행,건조,맑음,교차로 - 교차로부근,승용,남,30세,상해없음,승용,남,61세,중상
2021041300100455,2021년 4월 13일 18시,화요일,강원도 원주시 반곡동,경상사고,0,0,1,0,차대차 - 정면충돌,안전운전불이행,건조,맑음,교차로 - 교차로안,승용,여,39세,상해없음,자전거,남,11세,경상
2021041300100456,2021년 4월 13일 18시,화요일,강원도 원주시 문막읍,경상사고,0,0,1,0,차대차 - 측면충돌,신호위반,건조,맑음,교차로 - 교차로안,승용,남,62세,상해없음,승용,남,20세,경상
2021041300100457,2021년 4월 13일 18시,화요일,강원도 인제군 기린면,경상사고,0,0,1,0,차대차 - 측면충돌,안전운전불이행,건조,맑음,교차로 - 교차로안,승용,여,51세,상해없음,승용,남,45세,경상
2021041300100541,2021년 4월 13일 20시,화요일,강원도 횡성군 횡성읍,중상사고,0,1,0,0,차대차 - 정면충돌,교차로운행방법위반,건조,기타,교차로 - 교차로안,화물,남,64세,상해없음,승용,남,31세,중상
2021041400100044,2021년 4월 14일 07시,수요일,강원도 춘천시 근화동,경상사고,0,0,3,0,차대차 - 측면충돌,교차로운행방법위반,건조,맑음,교차로 - 교차로안,승용,남,46세,경상,화물,남,63세,경상
2021041400100045,2021년 4월 14일 07시,수요일,강원도 춘천시 후평동,경상사고,0,0,1,0,차대차 - 측면충돌,안전운전불이행,건조,맑음,교차로 - 교차로안,승용,여,61세,상해없음,승용,여,53세,경상
2021041400100072,2021년 4월 14일 08시,수요일,강원도 동해시 효가동,경상사고,0,0,1,0,차대차 - 추돌,안전운전불이행,건조,맑음,교차로 - 교차로부근,승용,여,26세,상해없음,승용,여,24세,경상
2021041400100100,2021년 4월 14일 09시,수요일,강원도 강릉시 홍제동,경상사고,0,0,1,0,차대차 - 기타,안전운전불이행,건조,맑음,교차로 - 교차로안,승용,여,52세,상해없음,승용,여,29세,경상
2021041400100102,2021년 4월 14일 09시,수요일,강원도 인제군 기린면,경상사고,0,0,1,0,차대차 - 추돌,중앙선침범,건조,맑음,단일로 - 기타,승용,남,41세,상해없음,승용,남,31세,상해없음
2021041400100153,2021년 4월 14일 11시,수요일,강원도 원주시 평원동,중상사고,0,1,0,0,차대차 - 기타,안전운전불이행,건조,맑음,교차로 - 교차로안,화물,남,72세,상해없음,자전거,남,76세,중상
2021041400100225,2021년 4월 14일 13시,수요일,강원도 속초시 교동,경상사고,0,0,2,0,차대차 - 측면충돌,안전운전불이행,건조,맑음,단일로 - 기타,이륜,남,21세,상해없음,승용,여,39세,경상
2021041400100226,2021년 4월 14일 13시,수요일,강원도 태백시 황지동,경상사고,0,0,1,0,차대사람 - 보도통행중,기타,건조,맑음,기타 - 기타,승용,여,42세,상해없음,보행자,여,45세,경상
2021041400100227,2021년 4월 14일 13시,수요일,강원도 동해시 발한동,경상사고,0,0,1,0,차대차 - 측면충돌,안전운전불이행,건조,맑음,단일로 - 기타,승합,남,64세,상해없음,이륜,남,64세,경상
2021041400100259,2021년 4월 14일 14시,수요일,강원도 춘천시 효자동,중상사고,0,1,0,0,차대사람 - 횡단중,안전운전불이행,건조,맑음,단일로 - 기타,승용,남,76세,상해없음,보행자,여,26세,중상
2021041400100260,2021년 4월 14일 14시,수요일,강원도 횡성군 횡성읍,부상신고사고,0,0,0,1,차대차 - 측면충돌,직진우회전진행방해,건조,맑음,교차로 - 교차로안,화물,남,40세,상해없음,이륜,남,22세,부상신고
2021041400100297,2021년 4월 14일 15시,수요일,강원도 고성군 죽왕면,경상사고,0,0,2,0,차대차 - 기타,안전운전불이행,건조,맑음,단일로 - 기타,승용,여,53세,상해없음,화물,남,71세,경상
2021041400100366,2021년 4월 14일 17시,수요일,강원도 강릉시 홍제동,중상사고,0,1,2,0,차대차 - 측면충돌,신호위반,건조,맑음,교차로 - 교차로안,승용,남,48세,상해없음,승용,남,54세,경상
2021041400100367,2021년 4월 14일 17시,수요일,강원도 원주시 반곡동,중상사고,0,1,0,0,차대차 - 측면충돌,안전운전불이행,건조,맑음,교차로 - 교차로안,승합,남,62세,상해없음,원동기,남,28세,중상
2021041400100368,2021년 4월 14일 17시,수요일,강원도 원주시 단계동,중상사고,0,1,0,0,차대사람 - 기타,안전운전불이행,건조,맑음,단일로 - 기타,승용,남,36세,상해없음,보행자,여,7세,중상
2021041400100417,2021년 4월 14일 18시,수요일,강원도 강릉시 옥천동,경상사고,0,0,1,0,차대차 - 기타,중앙선침범,건조,맑음,교차로 - 교차로부근,승용,남,66세,상해없음,원동기,남,21세,경상
2021041400100460,2021년 4월 14일 19시,수요일,강원도 원주시 봉산동,경상사고,0,0,2,0,차대차 - 기타,교차로운행방법위반,건조,맑음,교차로 - 교차로안,승용,여,56세,상해없음,승용,여,45세,경상
2021041400100514,2021년 4월 14일 21시,수요일,강원도 춘천시 석사동,중상사고,0,1,0,0,차대사람 - 횡단중,안전운전불이행,건조,맑음,단일로 - 기타,이륜,남,38세,상해없음,보행자,남,80세,중상
2021041400100515,2021년 4월 14일 21시,수요일,강원도 원주시 지정면,경상사고,0,0,3,0,차대차 - 측면충돌,신호위반,건조,맑음,교차로 - 교차로안,승용,여,38세,상해없음,승용,남,38세,경상
2021041400100546,2021년 4월 14일 22시,수요일,강원도 속초시 교동,경상사고,0,0,2,0,차대차 - 추돌,안전거리미확보,건조,맑음,교차로 - 교차로부근,승합,남,70세,상해없음,승용,남,60세,경상
2021041500100019,2021년 4월 15일 03시,목요일,강원도 강릉시 옥천동,경상사고,0,0,1,0,차대차 - 추돌,안전운전불이행,건조,맑음,교차로 - 교차로부근,승용,남,35세,상해없음,승용,여,56세,경상
2021041500100031,2021년 4월 15일 06시,목요일,강원도 동해시 구미동,중상사고,0,1,0,0,차대차 - 측면충돌,신호위반,건조,맑음,교차로 - 교차로안,화물,남,56세,상해없음,자전거,여,64세,중상
2021041500100049,2021년 4월 15일 07시,목요일,강원도 홍천군 홍천읍,경상사고,0,0,1,0,차대차 - 추돌,기타,건조,맑음,교차로 - 교차로안,승용,남,22세,기타불명,승용,남,47세,경상
2021041500100080,2021년 4월 15일 08시,목요일,강원도 춘천시 신동면,경상사고,0,0,1,0,차대차 - 측면충돌,차로위반,건조,맑음,교차로 - 교차로부근,승용,남,67세,상해없음,건설기계,남,56세,상해없음
2021041500100081,2021년 4월 15일 08시,목요일,강원도 춘천시 남산면,경상사고,0,0,1,0,차대차 - 측면충돌,안전운전불이행,건조,맑음,교차로 - 교차로안,승합,남,68세,상해없음,승용,여,49세,경상
2021041500100082,2021년 4월 15일 08시,목요일,강원도 속초시 영랑동,경상사고,0,0,2,0,차대차 - 정면충돌,신호위반,건조,맑음,교차로 - 교차로안,화물,남,66세,상해없음,승용,여,28세,경상
2021041500100083,2021년 4월 15일 08시,목요일,강원도 고성군 간성읍,경상사고,0,0,1,0,차대차 - 기타,안전운전불이행,건조,맑음,교차로 - 교차로부근,승용,남,39세,상해없음,승용,여,56세,상해없음
2021041500100207,2021년 4월 15일 12시,목요일,강원도 인제군 상남면,중상사고,0,1,0,0,차대차 - 정면충돌,안전운전불이행,건조,맑음,교차로 - 교차로부근,승용,남,54세,상해없음,화물,남,71세,중상
2021041500100244,2021년 4월 15일 13시,목요일,강원도 강릉시 송정동,중상사고,0,1,0,0,차대차 - 기타,신호위반,건조,맑음,교차로 - 교차로안,승용,여,54세,상해없음,이륜,남,61세,중상
2021041500100245,2021년 4월 15일 13시,목요일,강원도 원주시 평원동,경상사고,0,0,1,0,차대차 - 후진중충돌,안전운전불이행,건조,맑음,단일로 - 기타,승용,남,66세,상해없음,승용,여,40세,경상
2021041500100309,2021년 4월 15일 15시,목요일,강원도 고성군 간성읍,중상사고,0,2,0,0,차대차 - 측면충돌,중앙선침범,건조,맑음,기타 - 기타,승용,여,53세,상해없음,승용,남,52세,중상
2021041500100388,2021년 4월 15일 17시,목요일,강원도 강릉시 포남동,경상사고,0,0,1,0,차대사람 - 보도통행중,보행자보호의무위반,건조,맑음,단일로 - 기타,화물,남,44세,상해없음,보행자,여,41세,경상
2021041500100389,2021년 4월 15일 17시,목요일,강원도 속초시 교동,중상사고,0,1,0,0,차대차 - 측면충돌,불법유턴,건조,맑음,교차로 - 교차로안,자전거,남,66세,중상,승용,남,69세,상해없음
2021041500100447,2021년 4월 15일 18시,목요일,강원도 속초시 조양동,경상사고,0,0,1,0,차대차 - 측면충돌,직진우회전진행방해,건조,맑음,교차로 - 교차로안,승용,남,33세,상해없음,승용,여,33세,경상
2021041500100490,2021년 4월 15일 19시,목요일,강원도 춘천시 효자동,경상사고,0,0,1,0,차대차 - 기타,차로위반,건조,맑음,단일로 - 기타,승용,남,22세,상해없음,이륜,남,40세,경상
2021041500100534,2021년 4월 15일 20시,목요일,강원도 춘천시 동내면,중상사고,0,1,0,0,차대사람 - 기타,안전운전불이행,건조,맑음,교차로 - 교차로횡단보도내,승용,여,63세,상해없음,보행자,남,49세,중상
2021041500100535,2021년 4월 15일 20시,목요일,강원도 원주시 행구동,경상사고,0,0,2,0,차대차 - 측면충돌,기타,건조,맑음,단일로 - 기타,화물,남,49세,상해없음,화물,남,47세,경상
2021041600100022,2021년 4월 16일 03시,금요일,강원도 삼척시 도계읍,중상사고,0,1,1,0,차대차 - 측면충돌,안전운전불이행,건조,맑음,단일로 - 기타,승용,남,58세,중상,건설기계,남,61세,경상
2021041600100026,2021년 4월 16일 04시,금요일,강원도 춘천시 석사동,경상사고,0,0,1,1,차대차 - 측면충돌,안전운전불이행,건조,맑음,교차로 - 교차로안,승용,남,65세,부상신고,승용,남,22세,경상
2021041600100043,2021년 4월 16일 06시,금요일,강원도 양구군 양구읍,경상사고,0,0,1,0,차대차 - 측면충돌,안전운전불이행,건조,맑음,단일로 - 기타,승용,남,30세,상해없음,승합,남,42세,경상
2021041600100088,2021년 4월 16일 08시,금요일,강원도 춘천시 우두동,중상사고,0,1,1,0,차대차 - 측면충돌,신호위반,건조,맑음,교차로 - 교차로안,승용,여,59세,상해없음,승합,남,45세,중상
2021041600100089,2021년 4월 16일 08시,금요일,강원도 원주시 개운동,경상사고,0,0,1,0,차대사람 - 기타,안전운전불이행,건조,맑음,교차로 - 교차로안,승용,여,44세,상해없음,보행자,여,13세,경상
2021041600100090,2021년 4월 16일 08시,금요일,강원도 삼척시 남양동,경상사고,0,0,1,0,차대차 - 측면충돌,기타,건조,맑음,교차로 - 교차로안,승합,남,68세,상해없음,승용,여,45세,경상
2021041600100091,2021년 4월 16일 08시,금요일,강원도 양구군 동면,경상사고,0,0,1,1,차대차 - 추돌,불법유턴,건조,맑음,단일로 - 기타,농기계,남,72세,부상신고,특수,남,58세,경상
2021041600100121,2021년 4월 16일 09시,금요일,강원도 춘천시 석사동,경상사고,0,0,1,0,차대차 - 측면충돌,안전거리미확보,건조,맑음,교차로 - 교차로부근,승용,여,35세,상해없음,화물,여,45세,경상
2021041600100146,2021년 4월 16일 10시,금요일,강원도 원주시 우산동,경상사고,0,0,2,0,차대차 - 기타,안전운전불이행,건조,맑음,교차로 - 교차로안,화물,남,31세,상해없음,승용,여,40세,경상
2021041600100172,2021년 4월 16일 11시,금요일,강원도 속초시 조양동,경상사고,0,0,1,0,차대차 - 측면충돌,안전운전불이행,건조,맑음,교차로 - 교차로부근,승용,남,75세,상해없음,자전거,남,78세,경상
2021041600100173,2021년 4월 16일 11시,금요일,강원도 태백시 황지동,중상사고,0,1,0,0,차대차 - 측면충돌,교차로운행방법위반,건조,맑음,교차로 - 교차로안,승용,남,51세,상해없음,승용,여,49세,중상
2021041600100199,2021년 4월 16일 12시,금요일,강원도 횡성군 우천면,중상사고,0,1,0,0,차대차 - 기타,안전운전불이행,건조,맑음,단일로 - 기타,화물,여,75세,상해없음,승용,여,41세,중상
2021041600100231,2021년 4월 16일 13시,금요일,강원도 춘천시 우두동,경상사고,0,0,1,0,차대차 - 측면충돌,신호위반,건조,맑음,단일로 - 교량,승용,남,46세,상해없음,이륜,남,52세,경상
2021041600100232,2021년 4월 16일 13시,금요일,강원도 홍천군 홍천읍,중상사고,0,1,4,0,차대차 - 측면충돌,직진우회전진행방해,건조,맑음,교차로 - 교차로안,승용,여,53세,경상,승용,여,25세,경상
2021041600100233,2021년 4월 16일 13시,금요일,강원도 횡성군 횡성읍,중상사고,0,1,0,0,차대사람 - 보도통행중,기타,건조,흐림,기타 - 기타,화물,남,58세,상해없음,보행자,여,61세,중상
2021041600100285,2021년 4월 16일 15시,금요일,강원도 춘천시 퇴계동,부상신고사고,0,0,0,1,차대차 - 정면충돌,안전운전불이행,건조,맑음,단일로 - 기타,개인형이동수단(PM),여,21세,부상신고,승용,여,54세,상해없음
2021041600100286,2021년 4월 16일 15시,금요일,강원도 횡성군 횡성읍,경상사고,0,0,1,0,차대차 - 측면충돌,신호위반,건조,맑음,교차로 - 교차로안,원동기,남,19세,상해없음,승용,남,52세,경상
2021041600100325,2021년 4월 16일 16시,금요일,강원도 춘천시 퇴계동,경상사고,0,0,1,0,차대사람 - 보도통행중,기타,건조,맑음,기타 - 기타,자전거,남,90세,상해없음,보행자,여,52세,경상
2021041600100326,2021년 4월 16일 16시,금요일,강원도 홍천군 홍천읍,사망사고,1,0,1,0,차량단독 - 공작물충돌,안전운전불이행,건조,맑음,교차로 - 교차로안,화물,남,83세,경상,,,,
2021041600100361,2021년 4월 16일 17시,금요일,강원도 횡성군 횡성읍,중상사고,0,1,0,0,차대사람 - 횡단중,보행자보호의무위반,건조,맑음,교차로 - 교차로안,승용,남,49세,상해없음,보행자,여,24세,중상
2021041600100362,2021년 4월 16일 17시,금요일,강원도 고성군 현내면,중상사고,0,1,0,0,차대사람 - 기타,안전운전불이행,건조,맑음,단일로 - 기타,승용,여,45세,상해없음,보행자,남,32세,중상
2021041600100363,2021년 4월 16일 17시,금요일,강원도 동해시 효가동,경상사고,0,0,1,0,차대차 - 측면충돌,안전운전불이행,건조,맑음,단일로 - 기타,화물,남,47세,상해없음,화물,남,45세,경상
2021041600100409,2021년 4월 16일 18시,금요일,강원도 고성군 토성면,중상사고,0,1,0,0,차대차 - 측면충돌,신호위반,건조,맑음,교차로 - 교차로안,승용,여,64세,상해없음,승용,여,62세,중상
2021041600100484,2021년 4월 16일 20시,금요일,강원도 원주시 우산동,경상사고,0,0,1,0,차대차 - 추돌,안전운전불이행,건조,맑음,단일로 - 기타,승용,남,34세,상해없음,승용,남,56세,경상
2021041700100005,2021년 4월 17일 00시,토요일,강원도 인제군 서화면,부상신고사고,0,0,0,3,차대차 - 정면충돌,중앙선침범,건조,맑음,단일로 - 교량,승용,남,30세,상해없음,승용,남,45세,부상신고
2021041700100017,2021년 4월 17일 01시,토요일,강원도 강릉시 강동면,사망사고,1,0,0,0,차량단독 - 공작물충돌,중앙선침범,건조,맑음,단일로 - 기타,승용,남,26세,사망,,,,
2021041700100065,2021년 4월 17일 07시,토요일,강원도 춘천시 온의동,경상사고,0,0,1,0,차대차 - 기타,교차로운행방법위반,건조,맑음,교차로 - 교차로안,승용,남,55세,상해없음,이륜,남,45세,경상
2021041700100133,2021년 4월 17일 10시,토요일,강원도 원주시 우산동,중상사고,0,1,2,0,차대차 - 측면충돌,안전운전불이행,건조,맑음,단일로 - 기타,승용,남,29세,경상,승용,남,34세,중상
2021041700100168,2021년 4월 17일 11시,토요일,강원도 춘천시 퇴계동,중상사고,0,1,0,1,차대차 - 측면충돌,안전운전불이행,건조,맑음,교차로 - 교차로안,승용,남,25세,부상신고,이륜,남,42세,중상
2021041700100206,2021년 4월 17일 12시,토요일,강원도 강릉시 남문동,경상사고,0,0,1,0,차대차 - 측면충돌,신호위반,건조,맑음,교차로 - 교차로안,승용,남,40세,기타불명,승용,남,30세,경상
2021041700100207,2021년 4월 17일 12시,토요일,강원도 동해시 어달동,경상사고,0,0,1,0,차대사람 - 기타,안전운전불이행,건조,맑음,기타 - 기타,승합,남,67세,상해없음,보행자,남,17세,경상
2021041700100240,2021년 4월 17일 13시,토요일,강원도 춘천시 근화동,경상사고,0,0,3,0,차대차 - 추돌,안전운전불이행,건조,맑음,교차로 - 교차로부근,승용,남,83세,상해없음,승용,여,33세,경상
2021041700100241,2021년 4월 17일 13시,토요일,강원도 원주시 평원동,경상사고,0,0,1,0,차대사람 - 기타,안전운전불이행,건조,맑음,단일로 - 기타,승용,여,53세,상해없음,보행자,여,68세,경상
2021041700100242,2021년 4월 17일 13시,토요일,강원도 고성군 토성면,중상사고,0,1,0,0,차대차 - 추돌,안전운전불이행,건조,맑음,교차로 - 교차로부근,승용,여,71세,상해없음,화물,남,50세,중상
2021041700100290,2021년 4월 17일 14시,토요일,강원도 강릉시 포남동,경상사고,0,0,1,0,차대차 - 측면충돌,직진우회전진행방해,젖음/습기,비,교차로 - 교차로안,승용,남,39세,상해없음,승용,여,45세,경상
2021041700100334,2021년 4월 17일 15시,토요일,강원도 동해시 초구동,경상사고,0,0,1,0,차대차 - 측면충돌,교차로운행방법위반,젖음/습기,흐림,교차로 - 교차로안,승용,여,52세,상해없음,승용,남,48세,경상
2021041700100378,2021년 4월 17일 16시,토요일,강원도 원주시 지정면,경상사고,0,0,1,0,차대차 - 측면충돌,신호위반,젖음/습기,맑음,교차로 - 교차로부근,이륜,남,27세,기타불명,승용,여,61세,경상
2021041700100379,2021년 4월 17일 16시,토요일,강원도 고성군 토성면,중상사고,0,1,0,0,차대차 - 추돌,안전운전불이행,건조,맑음,단일로 - 기타,승용,남,51세,상해없음,승용,남,63세,중상
2021041700100422,2021년 4월 17일 17시,토요일,강원도 횡성군 우천면,경상사고,0,0,2,0,차대차 - 추돌,안전운전불이행,건조,맑음,단일로 - 기타,승용,남,32세,상해없음,승용,남,35세,경상
2021041700100454,2021년 4월 17일 18시,토요일,강원도 춘천시 신동면,경상사고,0,0,2,0,차대차 - 측면충돌,직진우회전진행방해,건조,맑음,교차로 - 교차로부근,승용,여,62세,상해없음,승용,남,58세,경상
2021041700100455,2021년 4월 17일 18시,토요일,강원도 강릉시 포남동,경상사고,0,0,1,0,차대사람 - 기타,안전운전불이행,건조,맑음,단일로 - 기타,화물,남,41세,상해없음,보행자,남,49세,경상
2021041700100456,2021년 4월 17일 18시,토요일,강원도 원주시 단계동,경상사고,0,0,3,0,차대차 - 추돌,신호위반,건조,맑음,교차로 - 교차로안,승용,남,37세,상해없음,승용,남,47세,경상
2021041700100457,2021년 4월 17일 18시,토요일,강원도 양양군 양양읍,중상사고,0,1,0,0,차대차 - 측면충돌,신호위반,건조,흐림,교차로 - 교차로안,승용,남,38세,상해없음,승용,여,53세,중상
2021041700100458,2021년 4월 17일 18시,토요일,강원도 횡성군 횡성읍,중상사고,0,2,0,0,차대차 - 기타,중앙선침범,건조,맑음,단일로 - 기타,승용,남,51세,상해없음,승용,남,60세,상해없음
2021041700100489,2021년 4월 17일 19시,토요일,강원도 태백시 황지동,경상사고,0,0,2,0,차대차 - 측면충돌,교차로운행방법위반,건조,맑음,교차로 - 교차로안,승용,여,28세,상해없음,승용,여,64세,경상
2021041800100027,2021년 4월 18일 03시,일요일,강원도 원주시 지정면,중상사고,0,1,0,0,차대차 - 측면충돌,기타,건조,맑음,교차로 - 교차로안,승용,남,25세,상해없음,승용,여,54세,중상
2021041800100037,2021년 4월 18일 05시,일요일,강원도 원주시 단계동,경상사고,0,0,1,0,차대차 - 추돌,교차로운행방법위반,건조,맑음,교차로 - 교차로안,승용,남,24세,상해없음,승용,여,43세,경상
2021041800100058,2021년 4월 18일 09시,일요일,강원도 강릉시 교동,경상사고,0,0,1,0,차대차 - 측면충돌,신호위반,건조,맑음,교차로 - 교차로안,화물,남,75세,상해없음,승용,남,46세,경상
2021041800100059,2021년 4월 18일 09시,일요일,강원도 횡성군 둔내면,경상사고,0,0,1,0,차대차 - 측면충돌,안전운전불이행,건조,흐림,기타 - 기타,화물,남,68세,상해없음,승용,남,59세,경상
2021041800100112,2021년 4월 18일 12시,일요일,강원도 춘천시 사농동,경상사고,0,0,2,0,차대차 - 측면충돌,신호위반,건조,맑음,교차로 - 교차로부근,승용,남,73세,상해없음,승용,여,61세,경상
2021041800100113,2021년 4월 18일 12시,일요일,강원도 강릉시 병산동,경상사고,0,0,1,0,차대차 - 후진중충돌,안전운전불이행,건조,맑음,기타 - 기타,승용,여,28세,상해없음,자전거,남,31세,경상
2021041800100153,2021년 4월 18일 13시,일요일,강원도 원주시 일산동,경상사고,0,0,1,0,차대차 - 기타,안전운전불이행,건조,맑음,교차로 - 교차로부근,승용,여,51세,상해없음,승합,남,63세,상해없음
2021041800100154,2021년 4월 18일 13시,일요일,강원도 삼척시 원덕읍,경상사고,0,0,2,0,차대차 - 기타,중앙선침범,건조,맑음,단일로 - 지하차도(도로)내,승용,남,82세,상해없음,승용,남,44세,상해없음
2021041800100179,2021년 4월 18일 14시,일요일,강원도 강릉시 내곡동,중상사고,0,1,0,0,차대사람 - 길가장자리구역통행중,안전운전불이행,건조,맑음,교차로 - 교차로부근,특수,남,44세,상해없음,보행자,여,76세,중상
2021041800100180,2021년 4월 18일 14시,일요일,강원도 속초시 노학동,중상사고,0,2,0,0,차대차 - 측면충돌,신호위반,건조,맑음,교차로 - 교차로안,승용,여,45세,상해없음,이륜,남,50세,중상
2021041800100269,2021년 4월 18일 17시,일요일,강원도 태백시 황지동,중상사고,0,1,0,0,차대차 - 측면충돌,중앙선침범,건조,맑음,단일로 - 기타,승용,여,44세,상해없음,원동기,남,30세,중상
2021041800100383,2021년 4월 18일 21시,일요일,강원도 평창군 진부면,경상사고,0,0,2,0,차대차 - 측면충돌,직진우회전진행방해,건조,맑음,교차로 - 교차로안,승용,남,33세,경상,승용,여,46세,경상
2021041900100088,2021년 4월 19일 08시,월요일,강원도 원주시 관설동,경상사고,0,0,2,0,차대차 - 측면충돌,안전운전불이행,건조,맑음,교차로 - 교차로안,승용,남,54세,상해없음,승용,여,30세,경상
2021041900100135,2021년 4월 19일 09시,월요일,강원도 원주시 단계동,경상사고,0,0,1,0,차대차 - 후진중충돌,안전운전불이행,건조,맑음,단일로 - 기타,승용,여,39세,상해없음,이륜,남,28세,경상
2021041900100171,2021년 4월 19일 10시,월요일,강원도 강릉시 주문진읍,경상사고,0,0,2,0,차대차 - 후진중충돌,안전운전불이행,건조,맑음,주차장 - 주차장,승용,남,51세,상해없음,승용,남,40세,경상
2021041900100172,2021년 4월 19일 10시,월요일,강원도 원주시 단계동,경상사고,0,0,1,0,차대차 - 측면충돌,안전운전불이행,건조,맑음,교차로 - 교차로안,승용,여,68세,상해없음,화물,남,57세,경상
2021041900100205,2021년 4월 19일 11시,월요일,강원도 춘천시 후평동,경상사고,0,0,2,0,차대차 - 추돌,안전운전불이행,건조,맑음,교차로 - 교차로안,승용,여,66세,경상,승용,남,63세,경상
2021041900100206,2021년 4월 19일 11시,월요일,강원도 강릉시 포남동,중상사고,0,1,0,0,차대차 - 기타,안전운전불이행,건조,맑음,교차로 - 교차로안,승용,남,74세,상해없음,이륜,남,53세,중상
2021041900100230,2021년 4월 19일 12시,월요일,강원도 삼척시 갈천동,경상사고,0,0,1,0,차대사람 - 기타,안전운전불이행,건조,맑음,주차장 - 주차장,승용,남,35세,상해없음,보행자,여,31세,경상
2021041900100286,2021년 4월 19일 14시,월요일,강원도 양양군 양양읍,중상사고,0,1,0,0,차대사람 - 횡단중,보행자보호의무위반,건조,맑음,교차로 - 교차로부근,승용,여,26세,상해없음,보행자,남,8세,중상
2021041900100325,2021년 4월 19일 15시,월요일,강원도 강릉시 강동면,경상사고,0,0,2,0,차대차 - 정면충돌,중앙선침범,건조,맑음,기타 - 기타,승용,여,43세,상해없음,승용,여,35세,경상
2021041900100366,2021년 4월 19일 16시,월요일,강원도 원주시 일산동,경상사고,0,0,2,0,차대차 - 측면충돌,신호위반,건조,맑음,단일로 - 기타,자전거,남,25세,상해없음,승용,남,65세,경상
2021041900100367,2021년 4월 19일 16시,월요일,강원도 정선군 남면,경상사고,0,0,1,0,차량단독 - 기타,안전운전불이행,건조,맑음,단일로 - 기타,원동기,남,64세,경상,,,,
2021041900100405,2021년 4월 19일 17시,월요일,강원도 강릉시 교동,경상사고,0,0,1,0,차대차 - 기타,신호위반,건조,맑음,교차로 - 교차로안,승용,남,27세,상해없음,화물,남,48세,경상
2021042000100020,2021년 4월 20일 04시,화요일,강원도 춘천시 소양로1가,경상사고,0,0,1,0,차대차 - 기타,교차로운행방법위반,건조,맑음,교차로 - 교차로안,승용,남,70세,상해없음,승용,남,67세,경상
2021042000100027,2021년 4월 20일 05시,화요일,강원도 원주시 명륜동,경상사고,0,0,1,0,차대차 - 측면충돌,안전운전불이행,건조,맑음,교차로 - 교차로안,승용,남,52세,상해없음,승용,남,31세,경상
2021042000100028,2021년 4월 20일 05시,화요일,강원도 홍천군 홍천읍,경상사고,0,0,1,0,차대차 - 측면충돌,교차로운행방법위반,건조,맑음,교차로 - 교차로안,화물,남,57세,상해없음,승용,남,65세,경상
2021042000100050,2021년 4월 20일 07시,화요일,강원도 춘천시 신북읍,경상사고,0,0,3,0,차대차 - 추돌,안전거리미확보,건조,맑음,단일로 - 기타,승용,여,49세,상해없음,승용,여,29세,경상
2021042000100051,2021년 4월 20일 07시,화요일,강원도 원주시 흥업면,중상사고,0,1,0,0,차대차 - 추돌,중앙선침범,건조,맑음,단일로 - 기타,승용,남,59세,중상,화물,남,46세,상해없음
2021042000100052,2021년 4월 20일 07시,화요일,강원도 고성군 죽왕면,중상사고,0,1,1,0,차대차 - 후진중충돌,안전운전불이행,건조,맑음,단일로 - 기타,화물,남,61세,상해없음,이륜,남,73세,중상
2021042000100081,2021년 4월 20일 08시,화요일,강원도 영월군 상동읍,중상사고,0,1,1,0,차량단독 - 공작물충돌,안전운전불이행,건조,맑음,단일로 - 기타,화물,남,81세,경상,,,,
2021042000100132,2021년 4월 20일 09시,화요일,강원도 동해시 발한동,경상사고,0,0,1,0,차대차 - 측면충돌,교차로운행방법위반,건조,맑음,교차로 - 교차로안,승용,남,26세,상해없음,승용,여,70세,경상
2021042000100199,2021년 4월 20일 11시,화요일,강원도 홍천군 화촌면,중상사고,0,2,2,0,차대차 - 기타,안전운전불이행,건조,맑음,단일로 - 기타,기타불명,기타불명,미분류,기타불명,승용,여,50세,경상
2021042000100234,2021년 4월 20일 12시,화요일,강원도 원주시 무실동,경상사고,0,0,1,0,차대차 - 추돌,안전운전불이행,건조,맑음,단일로 - 기타,승용,여,58세,상해없음,승용,여,33세,경상
2021042000100235,2021년 4월 20일 12시,화요일,강원도 속초시 교동,경상사고,0,0,1,0,차대차 - 기타,신호위반,건조,맑음,교차로 - 교차로안,승용,남,57세,상해없음,이륜,남,19세,경상
2021042000100274,2021년 4월 20일 13시,화요일,강원도 원주시 단구동,경상사고,0,0,1,0,차대사람 - 횡단중,안전운전불이행,건조,맑음,교차로 - 교차로안,승용,남,44세,상해없음,보행자,남,60세,경상
2021042000100275,2021년 4월 20일 13시,화요일,강원도 속초시 청학동,중상사고,0,1,0,0,차대차 - 측면충돌,안전운전불이행,건조,맑음,교차로 - 교차로부근,승합,남,26세,상해없음,이륜,남,21세,중상