사고번호,사고일시,요일,시군구,사고내용,사망자수,중상자수,경상자수,부상신고자수,사고유형,법규위반,노면상태,기상상태,도로형태,가해운전자 차종,가해운전자 성별,가해운전자 연령,가해운전자 상해정도,피해운전자 차종,피해운전자 성별,피해운전자 연령,피해운전자 상해정도
2021042000100312,2021년 4월 20일 14시,화요일,강원도 춘천시 온의동,경상사고,0,0,1,0,차대차 - 측면충돌,안전운전불이행,건조,맑음,단일로 - 기타,자전거,남,13세,상해없음,승용,여,42세,상해없음
2021042000100348,2021년 4월 20일 15시,화요일,강원도 원주시 문막읍,경상사고,0,0,2,0,차대차 - 추돌,안전운전불이행,건조,맑음,교차로 - 교차로부근,화물,남,56세,상해없음,승용,남,30세,경상
2021042000100349,2021년 4월 20일 15시,화요일,강원도 영월군 영월읍,중상사고,0,1,0,0,차대차 - 측면충돌,안전운전불이행,건조,맑음,단일로 - 기타,화물,남,25세,상해없음,이륜,남,85세,중상
2021042000100388,2021년 4월 20일 16시,화요일,강원도 원주시 학성동,중상사고,0,1,0,0,차대차 - 측면충돌,기타,건조,맑음,교차로 - 교차로안,승용,남,64세,상해없음,승용,여,43세,중상
2021042000100389,2021년 4월 20일 16시,화요일,강원도 삼척시 당저동,경상사고,0,0,1,0,차대차 - 측면충돌,안전운전불이행,건조,맑음,교차로 - 교차로안,화물,남,63세,상해없음,이륜,남,77세,경상
2021042000100471,2021년 4월 20일 18시,화요일,강원도 춘천시 퇴계동,경상사고,0,0,1,0,차대사람 - 횡단중,보행자보호의무위반,건조,맑음,교차로 - 교차로횡단보도내,승용,남,63세,상해없음,보행자,남,7세,경상
2021042000100515,2021년 4월 20일 19시,화요일,강원도 원주시 문막읍,경상사고,0,0,1,0,차대차 - 측면충돌,안전운전불이행,건조,맑음,단일로 - 기타,승용,남,63세,상해없음,승용,여,52세,경상
2021042000100542,2021년 4월 20일 20시,화요일,강원도 속초시 청학동,경상사고,0,0,1,0,차대차 - 측면충돌,신호위반,건조,맑음,교차로 - 교차로안,승용,여,55세,상해없음,승용,여,53세,경상
2021042000100574,2021년 4월 20일 21시,화요일,강원도 강릉시 주문진읍,사망사고,1,0,0,0,차대차 - 추돌,안전운전불이행,건조,맑음,기타 - 기타,승용,남,29세,사망,건설기계,남,60세,상해없음
2021042000100609,2021년 4월 20일 23시,화요일,강원도 태백시 황지동,중상사고,0,1,0,0,차대사람 - 차도통행중,중앙선침범,건조,맑음,단일로 - 기타,승용,남,65세,상해없음,보행자,남,46세,중상
2021042100100090,2021년 4월 21일 08시,수요일,강원도 강릉시 회산동,경상사고,0,0,1,0,차대차 - 측면충돌,안전운전불이행,건조,맑음,교차로 - 교차로안,승용,남,82세,상해없음,화물,남,30세,경상
2021042100100091,2021년 4월 21일 08시,수요일,강원도 삼척시 노곡면,중상사고,0,1,0,0,차량단독 - 기타,안전운전불이행,기타,맑음,단일로 - 기타,농기계,남,58세,중상,,,,
2021042100100092,2021년 4월 21일 08시,수요일,강원도 동해시 효가동,경상사고,0,0,1,0,차대차 - 기타,안전운전불이행,건조,맑음,교차로 - 교차로안,화물,남,63세,상해없음,자전거,남,14세,경상
2021042100100132,2021년 4월 21일 09시,수요일,강원도 원주시 소초면,경상사고,0,0,1,0,차대차 - 추돌,안전운전불이행,건조,맑음,단일로 - 기타,화물,남,53세,상해없음,승용,남,56세,경상
2021042100100133,2021년 4월 21일 09시,수요일,강원도 원주시 단구동,경상사고,0,0,1,0,차대차 - 기타,안전운전불이행,건조,맑음,단일로 - 기타,승용,여,56세,상해없음,이륜,남,85세,상해없음
2021042100100187,2021년 4월 21일 11시,수요일,강원도 홍천군 홍천읍,중상사고,0,2,0,0,차대차 - 측면충돌,신호위반,건조,맑음,교차로 - 교차로안,승용,여,25세,상해없음,승용,남,68세,중상
2021042100100224,2021년 4월 21일 12시,수요일,강원도 원주시 단구동,경상사고,0,0,1,0,차대차 - 기타,교차로운행방법위반,건조,맑음,교차로 - 교차로안,승용,남,59세,상해없음,승용,남,57세,경상
2021042100100250,2021년 4월 21일 13시,수요일,강원도 철원군 갈말읍,경상사고,0,0,3,0,차대차 - 정면충돌,중앙선침범,건조,맑음,기타 - 기타,승용,남,79세,경상,화물,남,54세,경상
2021042100100294,2021년 4월 21일 14시,수요일,강원도 춘천시 후평동,중상사고,0,1,0,0,차대사람 - 횡단중,보행자보호의무위반,건조,맑음,단일로 - 기타,승용,남,77세,상해없음,보행자,여,52세,중상
2021042100100295,2021년 4월 21일 14시,수요일,강원도 고성군 거진읍,중상사고,0,1,0,0,차대사람 - 횡단중,안전운전불이행,건조,맑음,단일로 - 기타,승용,여,53세,상해없음,보행자,남,79세,중상
2021042100100427,2021년 4월 21일 17시,수요일,강원도 평창군 봉평면,경상사고,0,0,3,0,차량단독 - 공작물충돌,안전운전불이행,건조,맑음,단일로 - 기타,승용,남,19세,상해없음,,,,
2021042100100470,2021년 4월 21일 18시,수요일,강원도 원주시 단구동,경상사고,0,0,1,0,차대차 - 측면충돌,안전거리미확보,건조,맑음,단일로 - 기타,승용,여,55세,상해없음,승용,남,20세,경상
2021042100100518,2021년 4월 21일 19시,수요일,강원도 평창군 평창읍,경상사고,0,0,1,0,차대사람 - 기타,안전운전불이행,건조,맑음,주차장 - 주차장,승합,남,55세,상해없음,보행자,여,57세,경상
2021042100100620,2021년 4월 21일 23시,수요일,강원도 춘천시 효자동,중상사고,0,1,0,0,차대사람 - 보도통행중,기타,건조,맑음,단일로 - 기타,승용,남,32세,상해없음,보행자,여,55세,중상
2021042200100081,2021년 4월 22일 08시,목요일,강원도 춘천시 후평동,경상사고,0,0,3,0,차대차 - 측면충돌,신호위반,건조,맑음,교차로 - 교차로안,승용,여,49세,상해없음,승용,남,36세,경상
2021042200100082,2021년 4월 22일 08시,목요일,강원도 원주시 흥업면,경상사고,0,0,1,0,차대차 - 기타,안전운전불이행,건조,맑음,단일로 - 교량,승용,여,34세,상해없음,승용,남,29세,경상
2021042200100083,2021년 4월 22일 08시,목요일,강원도 철원군 철원읍,경상사고,0,0,3,0,차대차 - 측면충돌,안전운전불이행,건조,맑음,교차로 - 교차로안,화물,남,49세,경상,화물,남,64세,경상
2021042200100122,2021년 4월 22일 09시,목요일,강원도 원주시 일산동,경상사고,0,0,2,0,차대차 - 추돌,안전운전불이행,건조,맑음,교차로 - 교차로부근,승용,여,45세,상해없음,승용,남,70세,경상
2021042200100157,2021년 4월 22일 10시,목요일,강원도 춘천시 신북읍,경상사고,0,0,1,0,차대차 - 기타,교차로운행방법위반,건조,맑음,교차로 - 교차로안,화물,남,47세,상해없음,이륜,남,83세,경상
2021042200100192,2021년 4월 22일 11시,목요일,강원도 춘천시 석사동,경상사고,0,0,2,0,차대차 - 후진중충돌,안전운전불이행,건조,맑음,단일로 - 기타,승용,남,56세,상해없음,승용,여,44세,경상
2021042200100193,2021년 4월 22일 11시,목요일,강원도 원주시 문막읍,경상사고,0,0,1,0,차대차 - 기타,신호위반,건조,맑음,교차로 - 교차로안,승용,남,51세,상해없음,승용,여,42세,경상
2021042200100291,2021년 4월 22일 14시,목요일,강원도 춘천시 후평동,경상사고,0,0,1,0,차대차 - 기타,신호위반,건조,맑음,교차로 - 교차로안,화물,남,50세,상해없음,승합,남,62세,상해없음
2021042200100292,2021년 4월 22일 14시,목요일,강원도 원주시 문막읍,중상사고,0,1,0,0,차대차 - 추돌,안전거리미확보,건조,맑음,교차로 - 교차로부근,승용,남,22세,상해없음,이륜,남,24세,중상
2021042200100319,2021년 4월 22일 15시,목요일,강원도 춘천시 후평동,경상사고,0,0,1,0,차대차 - 측면충돌,안전거리미확보,건조,맑음,단일로 - 기타,화물,남,51세,상해없음,승용,남,57세,경상
2021042200100391,2021년 4월 22일 17시,목요일,강원도 춘천시 석사동,경상사고,0,0,1,0,차대차 - 측면충돌,안전운전불이행,건조,맑음,교차로 - 교차로횡단보도내,자전거,남,21세,경상,화물,남,59세,상해없음
2021042200100437,2021년 4월 22일 18시,목요일,강원도 원주시 우산동,경상사고,0,0,1,0,차대사람 - 기타,안전운전불이행,건조,맑음,교차로 - 교차로안,승용,남,75세,상해없음,보행자,여,9세,경상
2021042200100514,2021년 4월 22일 20시,목요일,강원도 속초시 교동,중상사고,0,1,1,0,차대차 - 측면충돌,신호위반,건조,맑음,교차로 - 교차로안,승용,여,53세,경상,승용,남,55세,중상
2021042200100515,2021년 4월 22일 20시,목요일,강원도 동해시 송정동,경상사고,0,0,1,0,차대차 - 추돌,안전운전불이행,건조,맑음,단일로 - 기타,승용,남,41세,상해없음,승용,남,54세,상해없음
2021042200100536,2021년 4월 22일 21시,목요일,강원도 원주시 태장동,경상사고,0,0,1,0,차대차 - 기타,안전거리미확보,건조,맑음,단일로 - 기타,승용,여,50세,상해없음,승용,남,22세,경상
2021042200100573,2021년 4월 22일 22시,목요일,강원도 강릉시 초당동,경상사고,0,0,2,0,차대차 - 측면충돌,신호위반,건조,맑음,교차로 - 교차로안,승용,남,40세,상해없음,승용,남,51세,경상
2021042300100013,2021년 4월 23일 01시,금요일,강원도 원주시 단계동,경상사고,0,0,1,0,차대차 - 측면충돌,안전운전불이행,건조,맑음,단일로 - 기타,화물,남,52세,상해없음,승용,남,22세,경상
2021042300100041,2021년 4월 23일 06시,금요일,강원도 횡성군 횡성읍,경상사고,0,0,1,0,차대차 - 측면충돌,안전운전불이행,건조,맑음,교차로 - 교차로부근,화물,남,67세,상해없음,승용,남,46세,경상
2021042300100084,2021년 4월 23일 08시,금요일,강원도 원주시 행구동,경상사고,0,0,4,0,차대차 - 기타,안전운전불이행,건조,맑음,단일로 - 기타,승용,남,47세,상해없음,승합,남,54세,경상
2021042300100085,2021년 4월 23일 08시,금요일,강원도 원주시 우산동,경상사고,0,0,1,0,차대차 - 측면충돌,신호위반,건조,맑음,교차로 - 교차로부근,승용,여,50세,상해없음,승용,여,34세,경상
2021042300100086,2021년 4월 23일 08시,금요일,강원도 양양군 양양읍,경상사고,0,0,3,0,차대차 - 측면충돌,안전운전불이행,건조,맑음,교차로 - 교차로안,승용,남,75세,상해없음,승용,남,36세,경상
2021042300100186,2021년 4월 23일 11시,금요일,강원도 춘천시 소양로4가,경상사고,0,0,1,0,차대차 - 측면충돌,직진우회전진행방해,건조,맑음,교차로 - 교차로안,승용,남,78세,상해없음,승용,남,30세,경상
2021042300100187,2021년 4월 23일 11시,금요일,강원도 강릉시 금학동,경상사고,0,0,1,0,차대차 - 기타,안전운전불이행,건조,맑음,단일로 - 기타,승용,남,60세,상해없음,승용,남,50세,경상
2021042300100188,2021년 4월 23일 11시,금요일,강원도 원주시 중앙동,경상사고,0,0,1,0,차대사람 - 기타,안전운전불이행,건조,맑음,단일로 - 기타,승용,남,37세,상해없음,보행자,남,67세,경상
2021042300100189,2021년 4월 23일 11시,금요일,강원도 동해시 발한동,경상사고,0,0,2,0,차대차 - 추돌,안전거리미확보,건조,맑음,단일로 - 기타,승용,남,59세,상해없음,승용,남,61세,경상
2021042300100237,2021년 4월 23일 12시,금요일,강원도 춘천시 석사동,중상사고,0,1,0,0,차대차 - 측면충돌,중앙선침범,건조,맑음,교차로 - 교차로부근,승용,남,63세,상해없음,이륜,남,41세,중상
2021042300100238,2021년 4월 23일 12시,금요일,강원도 원주시 우산동,경상사고,0,0,1,0,차대차 - 측면충돌,안전운전불이행,건조,맑음,교차로 - 교차로안,승용,여,48세,상해없음,이륜,남,74세,경상
2021042300100352,2021년 4월 23일 15시,금요일,강원도 철원군 동송읍,경상사고,0,0,1,0,차대차 - 측면충돌,안전운전불이행,건조,맑음,교차로 - 교차로안,화물,남,50세,상해없음,승용,남,30세,경상
2021042300100394,2021년 4월 23일 16시,금요일,강원도 원주시 우산동,경상사고,0,0,1,0,차대차 - 측면충돌,신호위반,건조,맑음,교차로 - 교차로안,승용,남,28세,상해없음,이륜,남,24세,경상
2021042300100529,2021년 4월 23일 19시,금요일,강원도 원주시 문막읍,경상사고,0,0,1,0,차대차 - 측면충돌,안전운전불이행,건조,맑음,교차로 - 교차로부근,승용,여,51세,상해없음,승용,남,56세,경상
2021042300100563,2021년 4월 23일 20시,금요일,강원도 속초시 교동,경상사고,0,0,2,0,차대차 - 정면충돌,신호위반,건조,맑음,교차로 - 교차로안,이륜,남,24세,경상,승용,남,46세,상해없음
2021042400100006,2021년 4월 24일 00시,토요일,강원도 원주시 문막읍,중상사고,0,1,0,0,차대사람 - 횡단중,보행자보호의무위반,건조,맑음,교차로 - 교차로안,화물,남,41세,상해없음,보행자,남,59세,중상
2021042400100026,2021년 4월 24일 01시,토요일,강원도 원주시 단계동,중상사고,0,1,1,0,차대차 - 측면충돌,신호위반,건조,맑음,교차로 - 교차로안,승용,남,26세,상해없음,승용,남,65세,경상
2021042400100059,2021년 4월 24일 06시,토요일,강원도 홍천군 내촌면,중상사고,0,1,3,0,차대차 - 기타,안전운전불이행,건조,맑음,단일로 - 지하차도(도로)내,화물,남,63세,상해없음,화물,남,60세,상해없음
2021042400100060,2021년 4월 24일 06시,토요일,강원도 고성군 토성면,경상사고,0,0,1,0,차대사람 - 기타,안전운전불이행,건조,맑음,기타 - 기타,승용,남,67세,상해없음,보행자,남,55세,경상
2021042400100121,2021년 4월 24일 10시,토요일,강원도 춘천시 석사동,경상사고,0,0,1,0,차대차 - 기타,차로위반,건조,맑음,단일로 - 기타,승용,여,24세,상해없음,이륜,남,37세,경상
2021042400100122,2021년 4월 24일 10시,토요일,강원도 원주시 학성동,중상사고,0,1,0,0,차대차 - 측면충돌,안전운전불이행,건조,맑음,단일로 - 기타,승용,남,64세,상해없음,이륜,남,43세,중상
2021042400100123,2021년 4월 24일 10시,토요일,강원도 속초시 조양동,중상사고,0,1,0,0,차대차 - 측면충돌,안전운전불이행,건조,맑음,교차로 - 교차로부근,승용,여,44세,상해없음,이륜,남,74세,중상
2021042400100174,2021년 4월 24일 11시,토요일,강원도 태백시 황지동,경상사고,0,0,2,0,차대차 - 측면충돌,교차로운행방법위반,건조,맑음,교차로 - 교차로안,승용,남,70세,상해없음,승용,여,65세,경상
2021042400100175,2021년 4월 24일 11시,토요일,강원도 고성군 현내면,경상사고,0,0,2,0,차대차 - 측면충돌,안전운전불이행,건조,맑음,교차로 - 교차로안,승용,남,70세,상해없음,승용,남,62세,경상
2021042400100176,2021년 4월 24일 11시,토요일,강원도 동해시 발한동,경상사고,0,0,1,0,차대차 - 후진중충돌,안전운전불이행,건조,맑음,단일로 - 기타,승용,여,68세,상해없음,승용,남,54세,상해없음
2021042400100201,2021년 4월 24일 12시,토요일,강원도 삼척시 도계읍,중상사고,0,1,0,0,차대사람 - 길가장자리구역통행중,안전운전불이행,건조,맑음,단일로 - 교량,승용,남,57세,상해없음,보행자,여,41세,중상
2021042400100283,2021년 4월 24일 14시,토요일,강원도 원주시 행구동,경상사고,0,0,1,0,차대차 - 추돌,안전운전불이행,건조,맑음,교차로 - 교차로안,승용,남,28세,상해없음,승용,남,35세,경상
2021042400100358,2021년 4월 24일 16시,토요일,강원도 원주시 학성동,경상사고,0,0,2,0,차대차 - 정면충돌,안전운전불이행,건조,맑음,교차로 - 교차로안,승용,여,35세,상해없음,이륜,남,15세,경상
2021042400100448,2021년 4월 24일 18시,토요일,강원도 원주시 단구동,경상사고,0,0,1,0,차대차 - 측면충돌,교차로운행방법위반,건조,맑음,교차로 - 교차로안,승용,남,61세,상해없음,이륜,남,51세,경상
2021042400100524,2021년 4월 24일 20시,토요일,강원도 태백시 황지동,경상사고,0,0,1,0,차대사람 - 기타,안전운전불이행,건조,맑음,주차장 - 주차장,승용,남,49세,상해없음,보행자,여,63세,경상
2021042400100565,2021년 4월 24일 21시,토요일,강원도 원주시 단구동,경상사고,0,0,1,0,차대사람 - 횡단중,보행자보호의무위반,건조,맑음,교차로 - 교차로횡단보도내,승용,여,43세,상해없음,보행자,여,14세,경상
2021042400100605,2021년 4월 24일 23시,토요일,강원도 강릉시 홍제동,중상사고,0,3,0,0,차대차 - 정면충돌,중앙선침범,건조,맑음,기타 - 기타,승용,남,24세,중상,승용,남,30세,중상
2021042500100014,2021년 4월 25일 01시,일요일,강원도 원주시 단계동,경상사고,0,0,1,0,차대차 - 측면충돌,안전거리미확보,건조,맑음,단일로 - 지하차도(도로)내,승용,여,38세,상해없음,승용,남,60세,경상
2021042500100038,2021년 4월 25일 06시,일요일,강원도 강릉시 성산면,경상사고,0,0,1,0,차대차 - 기타,안전운전불이행,건조,맑음,교차로 - 교차로안,화물,남,56세,상해없음,화물,남,63세,경상
2021042500100039,2021년 4월 25일 06시,일요일,강원도 원주시 명륜동,중상사고,0,2,0,0,차대차 - 측면충돌,신호위반,건조,맑음,교차로 - 교차로안,승용,남,72세,상해없음,승용,남,67세,중상
2021042500100047,2021년 4월 25일 07시,일요일,강원도 화천군 화천읍,중상사고,0,2,0,0,차량단독 - 공작물충돌,안전운전불이행,건조,맑음,단일로 - 기타,승용,남,82세,중상,,,,
2021042500100048,2021년 4월 25일 07시,일요일,강원도 춘천시 남면,중상사고,0,1,0,0,차대차 - 추돌,안전운전불이행,건조,맑음,단일로 - 기타,승용,남,74세,상해없음,승용,남,56세,상해없음
2021042500100083,2021년 4월 25일 10시,일요일,강원도 원주시 부론면,경상사고,0,0,3,0,차대차 - 정면충돌,중앙선침범,건조,맑음,기타 - 기타,이륜,남,50세,기타불명,승용,남,45세,경상
2021042500100084,2021년 4월 25일 10시,일요일,강원도 동해시 천곡동,경상사고,0,0,1,0,차대차 - 측면충돌,직진우회전진행방해,건조,맑음,교차로 - 교차로안,승용,여,54세,상해없음,이륜,남,28세,경상
2021042500100113,2021년 4월 25일 11시,일요일,강원도 홍천군 서석면,중상사고,0,1,0,0,차대차 - 측면충돌,직진우회전진행방해,건조,맑음,교차로 - 교차로안,이륜,남,45세,상해없음,자전거,남,55세,중상
2021042500100114,2021년 4월 25일 11시,일요일,강원도 평창군 진부면,중상사고,0,1,0,1,차대차 - 측면충돌,교차로운행방법위반,건조,맑음,교차로 - 교차로안,승용,여,29세,상해없음,이륜,남,44세,중상
2021042500100115,2021년 4월 25일 11시,일요일,강원도 화천군 간동면,부상신고사고,0,0,0,2,차대차 - 기타,안전운전불이행,건조,맑음,단일로 - 터널,승용,여,48세,상해없음,승용,남,54세,부상신고
2021042500100116,2021년 4월 25일 11시,일요일,강원도 횡성군 우천면,중상사고,0,2,0,0,차대차 - 측면충돌,중앙선침범,건조,맑음,단일로 - 기타,승용,남,44세,상해없음,승용,남,24세,중상
2021042500100149,2021년 4월 25일 12시,일요일,강원도 홍천군 홍천읍,경상사고,0,0,1,0,차대차 - 추돌,안전운전불이행,건조,맑음,교차로 - 교차로부근,화물,남,67세,상해없음,이륜,남,58세,경상
2021042500100311,2021년 4월 25일 16시,일요일,강원도 인제군 상남면,중상사고,0,1,0,0,차량단독 - 공작물충돌,안전운전불이행,건조,맑음,단일로 - 기타,승용,남,72세,상해없음,,,,
2021042500100441,2021년 4월 25일 20시,일요일,강원도 강릉시 입암동,중상사고,0,1,0,0,차대차 - 측면충돌,신호위반,건조,맑음,교차로 - 교차로안,승용,남,72세,상해없음,원동기,남,24세,중상
2021042500100491,2021년 4월 25일 23시,일요일,강원도 강릉시 홍제동,경상사고,0,0,3,0,차대차 - 기타,안전운전불이행,건조,맑음,교차로 - 교차로부근,승용,남,40세,상해없음,화물,남,43세,경상
2021042600100020,2021년 4월 26일 05시,월요일,강원도 양구군 양구읍,중상사고,0,1,0,0,차량단독 - 기타,안전운전불이행,건조,맑음,교차로 - 교차로부근,이륜,남,15세,상해없음,,,,
2021042600100029,2021년 4월 26일 06시,월요일,강원도 춘천시 동면,경상사고,0,0,1,0,차대차 - 측면충돌,직진우회전진행방해,건조,맑음,교차로 - 교차로안,화물,남,59세,상해없음,승용,남,64세,경상
2021042600100048,2021년 4월 26일 07시,월요일,강원도 원주시 태장동,경상사고,0,0,1,0,차대차 - 측면충돌,교차로운행방법위반,건조,맑음,교차로 - 교차로안,승용,여,53세,상해없음,개인형이동수단(PM),남,25세,경상
2021042600100049,2021년 4월 26일 07시,월요일,강원도 동해시 망상동,중상사고,0,1,0,0,차대차 - 정면충돌,신호위반,건조,맑음,교차로 - 교차로안,승용,남,75세,상해없음,승용,남,43세,중상
2021042600100092,2021년 4월 26일 08시,월요일,강원도 원주시 우산동,경상사고,0,0,2,0,차대차 - 측면충돌,안전운전불이행,건조,맑음,교차로 - 교차로안,승용,여,53세,상해없음,승용,남,71세,경상
2021042600100141,2021년 4월 26일 09시,월요일,강원도 원주시 문막읍,경상사고,0,0,2,0,차대차 - 추돌,안전운전불이행,건조,맑음,교차로 - 교차로부근,화물,남,50세,상해없음,이륜,남,74세,경상
2021042600100172,2021년 4월 26일 10시,월요일,강원도 원주시 소초면,중상사고,0,1,0,0,차대차 - 기타,안전거리미확보,건조,맑음,교차로 - 교차로부근,승용,남,32세,상해없음,이륜,남,54세,중상
2021042600100230,2021년 4월 26일 12시,월요일,강원도 원주시 문막읍,중상사고,0,1,1,0,차대차 - 측면충돌,직진우회전진행방해,건조,맑음,교차로 - 교차로안,승용,여,34세,경상,화물,남,63세,중상
2021042600100264,2021년 4월 26일 13시,월요일,강원도 춘천시 동면,중상사고,0,1,0,0,차대차 - 측면충돌,중앙선침범,건조,맑음,단일로 - 기타,승용,여,58세,상해없음,이륜,남,26세,중상
2021042600100265,2021년 4월 26일 13시,월요일,강원도 원주시 개운동,중상사고,0,1,0,0,차대차 - 추돌,안전운전불이행,건조,맑음,교차로 - 교차로부근,기타불명,기타불명,미분류,기타불명,승용,여,59세,중상
2021042600100266,2021년 4월 26일 13시,월요일,강원도 원주시 단계동,경상사고,0,0,2,0,차대차 - 기타,직진우회전진행방해,건조,맑음,교차로 - 교차로안,승용,여,60세,상해없음,승용,남,29세,경상
2021042600100267,2021년 4월 26일 13시,월요일,강원도 삼척시 원덕읍,경상사고,0,0,2,0,차대차 - 추돌,안전운전불이행,기타,맑음,기타 - 기타,건설기계,남,35세,기타불명,화물,남,38세,경상
2021042600100268,2021년 4월 26일 13시,월요일,강원도 홍천군 홍천읍,경상사고,0,0,2,0,차대차 - 측면충돌,교차로운행방법위반,건조,맑음,교차로 - 교차로부근,승용,여,63세,기타불명,승용,남,28세,경상
2021042600100269,2021년 4월 26일 13시,월요일,강원도 철원군 근남면,중상사고,0,1,0,0,차대차 - 정면충돌,안전운전불이행,건조,맑음,단일로 - 기타,화물,남,53세,상해없음,자전거,남,89세,중상
2021042600100308,2021년 4월 26일 14시,월요일,강원도 삼척시 원당동,중상사고,0,1,0,0,차대차 - 측면충돌,중앙선침범,건조,맑음,단일로 - 지하차도(도로)내,승용,여,43세,상해없음,자전거,여,45세,중상
2021042600100309,2021년 4월 26일 14시,월요일,강원도 동해시 망상동,경상사고,0,0,1,0,차대차 - 기타,신호위반,건조,맑음,교차로 - 교차로안,승용,남,75세,상해없음,승용,여,49세,경상
2021042600100345,2021년 4월 26일 15시,월요일,강원도 춘천시 석사동,경상사고,0,0,1,0,차대사람 - 횡단중,신호위반,건조,맑음,교차로 - 교차로횡단보도내,승용,여,62세,상해없음,보행자,여,72세,경상
2021042600100382,2021년 4월 26일 16시,월요일,강원도 춘천시 석사동,경상사고,0,0,3,0,차대차 - 측면충돌,안전운전불이행,건조,맑음,단일로 - 기타,승합,남,64세,상해없음,화물,남,55세,경상
2021042600100383,2021년 4월 26일 16시,월요일,강원도 속초시 조양동,경상사고,0,0,2,0,차대차 - 측면충돌,차로위반,젖음/습기,맑음,단일로 - 고가도로위,승용,남,47세,상해없음,승용,여,55세,경상
2021042600100438,2021년 4월 26일 17시,월요일,강원도 강릉시 노암동,경상사고,0,0,3,0,차대차 - 기타,안전운전불이행,건조,맑음,기타 - 기타,승용,남,64세,상해없음,승용,남,64세,경상
2021042600100554,2021년 4월 26일 20시,월요일,강원도 원주시 지정면,중상사고,0,1,0,0,차대차 - 기타,안전거리미확보,건조,맑음,단일로 - 기타,승용,남,38세,상해없음,이륜,남,35세,중상
2021042700100004,2021년 4월 27일 00시,화요일,강원도 원주시 가현동,중상사고,0,1,0,0,차대사람 - 차도통행중,안전운전불이행,건조,맑음,단일로 - 기타,승용,남,63세,상해없음,보행자,남,61세,중상
2021042700100030,2021년 4월 27일 05시,화요일,강원도 강릉시 포남동,경상사고,0,0,1,0,차대차 - 측면충돌,신호위반,건조,맑음,교차로 - 교차로안,승용,여,72세,상해없음,승용,남,34세,경상
2021042700100070,2021년 4월 27일 08시,화요일,강원도 춘천시 동내면,경상사고,0,0,1,0,차대차 - 기타,차로위반,건조,맑음,단일로 - 기타,건설기계,남,55세,상해없음,승용,남,34세,경상
2021042700100071,2021년 4월 27일 08시,화요일,강원도 원주시 무실동,경상사고,0,0,1,0,차대사람 - 횡단중,보행자보호의무위반,건조,맑음,교차로 - 교차로횡단보도내,승용,남,48세,상해없음,보행자,여,36세,경상
2021042700100204,2021년 4월 27일 12시,화요일,강원도 춘천시 신동면,경상사고,0,0,1,0,차대차 - 측면충돌,안전운전불이행,건조,맑음,교차로 - 교차로안,승용,남,63세,상해없음,화물,남,69세,경상
2021042700100240,2021년 4월 27일 13시,화요일,강원도 원주시 단계동,경상사고,0,0,1,0,차대차 - 측면충돌,교차로운행방법위반,건조,맑음,교차로 - 교차로안,승용,여,37세,상해없음,이륜,남,25세,경상
2021042700100241,2021년 4월 27일 13시,화요일,강원도 속초시 장사동,경상사고,0,0,1,0,차대사람 - 차도통행중,안전운전불이행,건조,맑음,단일로 - 지하차도(도로)내,승용,남,62세,상해없음,보행자,여,46세,경상
2021042700100268,2021년 4월 27일 14시,화요일,강원도 춘천시 석사동,경상사고,0,0,1,0,차대사람 - 기타,안전운전불이행,건조,맑음,교차로 - 교차로안,승용,여,58세,상해없음,보행자,여,22세,경상
2021042700100331,2021년 4월 27일 16시,화요일,강원도 원주시 흥업면,경상사고,0,0,1,0,차대차 - 측면충돌,안전운전불이행,건조,맑음,교차로 - 교차로안,승용,남,69세,상해없음,승용,여,47세,경상
2021042700100381,2021년 4월 27일 17시,화요일,강원도 원주시 판부면,경상사고,0,0,1,0,차대차 - 추돌,안전운전불이행,건조,맑음,교차로 - 교차로부근,승용,남,65세,상해없음,승용,남,75세,경상
2021042700100382,2021년 4월 27일 17시,화요일,강원도 태백시 백산동,경상사고,0,0,4,0,차대차 - 측면충돌,안전운전불이행,건조,맑음,단일로 - 기타,승용,남,47세,상해없음,화물,남,27세,경상
2021042700100500,2021년 4월 27일 20시,화요일,강원도 태백시 황지동,경상사고,0,0,4,0,차대차 - 측면충돌,교차로운행방법위반,건조,맑음,교차로 - 교차로안,승용,여,36세,상해없음,승용,여,26세,경상
2021042800100007,2021년 4월 28일 00시,수요일,강원도 원주시 문막읍,경상사고,0,0,1,0,차대차 - 기타,안전거리미확보,건조,맑음,교차로 - 교차로부근,승용,남,51세,상해없음,승용,남,22세,상해없음
2021042800100048,2021년 4월 28일 06시,수요일,강원도 춘천시 동내면,경상사고,0,0,1,0,차대차 - 측면충돌,신호위반,건조,맑음,교차로 - 교차로안,승용,여,50세,상해없음,승용,남,26세,경상
2021042800100059,2021년 4월 28일 07시,수요일,강원도 홍천군 화촌면,경상사고,0,0,3,0,차대차 - 정면충돌,교차로운행방법위반,건조,맑음,교차로 - 교차로안,승용,여,31세,기타불명,승용,여,52세,경상
2021042800100159,2021년 4월 28일 10시,수요일,강원도 정선군 여량면,중상사고,0,1,0,0,차대차 - 정면충돌,중앙선침범,건조,맑음,단일로 - 기타,승용,여,65세,기타불명,승용,여,62세,중상