사고번호,사고일시,요일,시군구,사고내용,사망자수,중상자수,경상자수,부상신고자수,사고유형,법규위반,노면상태,기상상태,도로형태,가해운전자 차종,가해운전자 성별,가해운전자 연령,가해운전자 상해정도,피해운전자 차종,피해운전자 성별,피해운전자 연령,피해운전자 상해정도
2021051900100243,2021년 5월 19일 13시,수요일,강원도 강릉시 노암동,경상사고,0,0,1,0,차대차 - 기타,안전운전불이행,건조,맑음,단일로 - 기타,승용,남,62세,상해없음,승용,남,34세,경상
2021051900100244,2021년 5월 19일 13시,수요일,강원도 강릉시 죽헌동,경상사고,0,0,1,0,차대차 - 추돌,안전운전불이행,건조,맑음,교차로 - 교차로부근,승용,여,59세,상해없음,승용,여,53세,경상
2021051900100276,2021년 5월 19일 14시,수요일,강원도 강릉시 옥계면,경상사고,0,0,1,0,차대차 - 기타,기타,건조,맑음,교차로 - 교차로안,승합,남,71세,상해없음,자전거,여,76세,경상
2021051900100314,2021년 5월 19일 15시,수요일,강원도 춘천시 동내면,경상사고,0,0,1,1,차대차 - 추돌,안전거리미확보,건조,맑음,교차로 - 교차로부근,승용,여,53세,상해없음,승용,여,47세,경상
2021051900100385,2021년 5월 19일 17시,수요일,강원도 횡성군 둔내면,중상사고,0,1,0,0,차대차 - 기타,중앙선침범,건조,맑음,단일로 - 기타,화물,남,62세,상해없음,이륜,남,40세,중상
2021051900100424,2021년 5월 19일 18시,수요일,강원도 춘천시 퇴계동,경상사고,0,0,1,0,차대차 - 기타,교차로운행방법위반,건조,맑음,교차로 - 교차로안,승용,여,19세,상해없음,이륜,남,35세,경상
2021051900100425,2021년 5월 19일 18시,수요일,강원도 원주시 명륜동,경상사고,0,0,1,0,차대차 - 기타,안전운전불이행,건조,맑음,단일로 - 기타,승용,남,62세,상해없음,이륜,남,57세,경상
2021051900100426,2021년 5월 19일 18시,수요일,강원도 삼척시 정상동,경상사고,0,0,1,0,차대차 - 측면충돌,신호위반,건조,맑음,교차로 - 교차로안,승용,여,66세,상해없음,승용,여,50세,경상
2021051900100427,2021년 5월 19일 18시,수요일,강원도 홍천군 내촌면,사망사고,1,0,0,0,차량단독 - 전도전복 - 전도,안전운전불이행,건조,맑음,단일로 - 기타,이륜,남,44세,사망,,,,
2021051900100482,2021년 5월 19일 20시,수요일,강원도 강릉시 포남동,중상사고,0,1,0,0,차대사람 - 횡단중,보행자보호의무위반,건조,맑음,단일로 - 기타,화물,남,71세,상해없음,보행자,여,45세,중상
2021052000100009,2021년 5월 20일 01시,목요일,강원도 삼척시 도계읍,경상사고,0,0,2,0,차대차 - 측면충돌,안전운전불이행,건조,맑음,교차로 - 교차로안,승용,남,42세,경상,승용,남,25세,경상
2021052000100010,2021년 5월 20일 01시,목요일,강원도 홍천군 영귀미면,경상사고,0,0,1,0,차량단독 - 도로외이탈 - 추락,안전운전불이행,건조,흐림,단일로 - 기타,승용,남,31세,상해없음,,,,
2021052000100049,2021년 5월 20일 07시,목요일,강원도 춘천시 서면,경상사고,0,0,1,0,차대차 - 추돌,안전운전불이행,건조,맑음,단일로 - 기타,승용,여,47세,상해없음,건설기계,남,65세,경상
2021052000100099,2021년 5월 20일 09시,목요일,강원도 평창군 평창읍,경상사고,0,0,1,0,차대차 - 측면충돌,교차로운행방법위반,건조,맑음,교차로 - 교차로안,승용,여,47세,상해없음,자전거,여,72세,경상
2021052000100148,2021년 5월 20일 11시,목요일,강원도 원주시 학성동,경상사고,0,0,1,0,차대차 - 기타,안전거리미확보,건조,맑음,단일로 - 기타,승용,여,49세,상해없음,승용,남,24세,경상
2021052000100244,2021년 5월 20일 14시,목요일,강원도 삼척시 원덕읍,경상사고,0,0,1,0,차대차 - 측면충돌,직진우회전진행방해,젖음/습기,비,교차로 - 교차로안,승용,남,58세,상해없음,화물,남,24세,경상
2021052000100245,2021년 5월 20일 14시,목요일,강원도 영월군 주천면,중상사고,0,1,0,0,차대사람 - 횡단중,보행자보호의무위반,젖음/습기,흐림,교차로 - 교차로안,화물,남,41세,상해없음,보행자,여,83세,중상
2021052000100298,2021년 5월 20일 16시,목요일,강원도 춘천시 온의동,경상사고,0,0,3,0,차대차 - 측면충돌,신호위반,건조,맑음,교차로 - 교차로안,승용,여,41세,상해없음,승용,남,71세,경상
2021052000100299,2021년 5월 20일 16시,목요일,강원도 양구군 동면,중상사고,0,1,0,0,차대사람 - 횡단중,직진우회전진행방해,건조,맑음,교차로 - 교차로안,승용,남,43세,상해없음,보행자,남,73세,중상
2021052000100347,2021년 5월 20일 17시,목요일,강원도 춘천시 후평동,경상사고,0,0,1,0,차대차 - 측면충돌,안전운전불이행,건조,맑음,단일로 - 기타,승용,남,49세,상해없음,승용,남,56세,경상
2021052000100348,2021년 5월 20일 17시,목요일,강원도 삼척시 교동,경상사고,0,0,3,0,차대차 - 측면충돌,안전운전불이행,젖음/습기,흐림,교차로 - 교차로안,이륜,남,22세,경상,승용,남,50세,경상
2021052000100349,2021년 5월 20일 17시,목요일,강원도 인제군 기린면,중상사고,0,1,0,0,차대차 - 정면충돌,안전운전불이행,건조,맑음,교차로 - 교차로안,자전거,남,9세,중상,화물,남,42세,상해없음
2021052000100462,2021년 5월 20일 20시,목요일,강원도 속초시 교동,중상사고,0,1,1,0,차대차 - 측면충돌,중앙선침범,건조,맑음,교차로 - 교차로부근,승용,여,40세,상해없음,승용,남,69세,중상
2021052000100543,2021년 5월 20일 22시,목요일,강원도 원주시 단구동,중상사고,0,1,0,0,차대사람 - 횡단중,안전운전불이행,젖음/습기,비,단일로 - 기타,승용,남,59세,상해없음,보행자,남,72세,중상
2021052100100007,2021년 5월 21일 00시,금요일,강원도 강릉시 교동,경상사고,0,0,3,0,차대차 - 측면충돌,신호위반,젖음/습기,비,교차로 - 교차로안,화물,남,58세,기타불명,승합,남,59세,경상
2021052100100014,2021년 5월 21일 01시,금요일,강원도 속초시 교동,경상사고,0,0,1,0,차량단독 - 기타,교차로운행방법위반,젖음/습기,비,교차로 - 교차로안,승용,남,48세,상해없음,,,,
2021052100100078,2021년 5월 21일 08시,금요일,강원도 춘천시 동면,경상사고,0,0,1,0,차대차 - 추돌,안전거리미확보,건조,맑음,단일로 - 기타,승용,여,39세,상해없음,승용,남,28세,경상
2021052100100114,2021년 5월 21일 09시,금요일,강원도 원주시 문막읍,경상사고,0,0,1,0,차대차 - 정면충돌,신호위반,젖음/습기,비,교차로 - 교차로안,승용,남,59세,상해없음,승합,여,40세,경상
2021052100100140,2021년 5월 21일 10시,금요일,강원도 원주시 지정면,중상사고,0,2,0,0,차대차 - 측면충돌,신호위반,건조,맑음,교차로 - 교차로안,승용,여,44세,상해없음,승용,여,48세,중상
2021052100100141,2021년 5월 21일 10시,금요일,강원도 고성군 토성면,중상사고,0,1,0,0,차대사람 - 기타,기타,건조,맑음,기타 - 기타,승합,남,49세,상해없음,보행자,여,74세,중상
2021052100100191,2021년 5월 21일 12시,금요일,강원도 춘천시 근화동,경상사고,0,0,1,0,차대차 - 추돌,안전거리미확보,건조,맑음,단일로 - 기타,화물,남,54세,상해없음,승용,남,66세,경상
2021052100100192,2021년 5월 21일 12시,금요일,강원도 홍천군 남면,경상사고,0,0,1,0,차대차 - 측면충돌,안전운전불이행,건조,맑음,교차로 - 교차로안,승용,여,54세,상해없음,승용,남,65세,경상
2021052100100308,2021년 5월 21일 15시,금요일,강원도 정선군 신동읍,경상사고,0,0,1,0,차대차 - 기타,기타,젖음/습기,비,단일로 - 기타,화물,남,64세,상해없음,승용,남,52세,상해없음
2021052100100309,2021년 5월 21일 15시,금요일,강원도 동해시 평릉동,경상사고,0,0,1,0,차대차 - 기타,안전운전불이행,젖음/습기,비,교차로 - 교차로부근,승용,여,50세,상해없음,승합,남,56세,상해없음
2021052100100351,2021년 5월 21일 16시,금요일,강원도 원주시 단구동,경상사고,0,0,1,0,차대차 - 기타,직진우회전진행방해,건조,맑음,교차로 - 교차로안,승용,여,41세,상해없음,승용,여,47세,경상
2021052100100352,2021년 5월 21일 16시,금요일,강원도 원주시 판부면,경상사고,0,0,2,0,차대차 - 추돌,안전운전불이행,건조,맑음,단일로 - 기타,승용,남,57세,상해없음,승용,남,46세,경상
2021052100100353,2021년 5월 21일 16시,금요일,강원도 원주시 반곡동,경상사고,0,0,1,0,차대차 - 후진중충돌,안전운전불이행,건조,맑음,단일로 - 기타,승용,여,23세,상해없음,승용,여,38세,경상
2021052100100385,2021년 5월 21일 17시,금요일,강원도 원주시 명륜동,경상사고,0,0,2,0,차대차 - 기타,안전운전불이행,건조,맑음,교차로 - 교차로안,승용,남,75세,상해없음,승용,남,46세,경상
2021052100100386,2021년 5월 21일 17시,금요일,강원도 속초시 교동,경상사고,0,0,1,0,차대차 - 추돌,안전운전불이행,건조,맑음,교차로 - 교차로안,화물,남,53세,상해없음,이륜,남,27세,경상
2021052100100437,2021년 5월 21일 18시,금요일,강원도 삼척시 정상동,경상사고,0,0,2,0,차대차 - 추돌,안전거리미확보,건조,맑음,교차로 - 교차로안,승용,남,25세,상해없음,승용,남,41세,경상
2021052100100438,2021년 5월 21일 18시,금요일,강원도 홍천군 홍천읍,경상사고,0,0,1,0,차대차 - 측면충돌,안전운전불이행,건조,맑음,교차로 - 교차로안,승용,여,45세,상해없음,승용,남,35세,경상
2021052100100483,2021년 5월 21일 19시,금요일,강원도 춘천시 후평동,경상사고,0,0,1,0,차대차 - 측면충돌,직진우회전진행방해,건조,맑음,교차로 - 교차로안,승용,남,63세,상해없음,승용,남,66세,경상
2021052100100513,2021년 5월 21일 20시,금요일,강원도 동해시 쇄운동,경상사고,0,0,1,0,차대차 - 후진중충돌,안전운전불이행,건조,맑음,단일로 - 기타,승용,남,67세,상해없음,개인형이동수단(PM),남,18세,경상
2021052100100539,2021년 5월 21일 21시,금요일,강원도 원주시 우산동,경상사고,0,0,1,0,차대차 - 측면충돌,안전운전불이행,건조,맑음,단일로 - 기타,이륜,남,17세,상해없음,승용,여,54세,경상
2021052100100540,2021년 5월 21일 21시,금요일,강원도 양구군 방산면,사망사고,1,0,0,0,차대사람 - 횡단중,안전운전불이행,건조,맑음,단일로 - 기타,승용,남,68세,상해없음,보행자,여,79세,사망
2021052100100570,2021년 5월 21일 22시,금요일,강원도 원주시 단구동,경상사고,0,0,1,1,차대차 - 정면충돌,중앙선침범,건조,맑음,교차로 - 교차로안,승용,남,42세,상해없음,승용,여,47세,경상
2021052100100591,2021년 5월 21일 23시,금요일,강원도 강릉시 교동,경상사고,0,0,4,0,차대차 - 기타,안전운전불이행,건조,맑음,교차로 - 교차로부근,승용,남,51세,상해없음,승용,여,24세,경상
2021052200100027,2021년 5월 22일 02시,토요일,강원도 강릉시 교동,부상신고사고,0,0,0,2,차대차 - 측면충돌,안전운전불이행,건조,맑음,교차로 - 교차로안,승용,남,39세,상해없음,승용,남,26세,부상신고
2021052200100028,2021년 5월 22일 02시,토요일,강원도 강릉시 교동,경상사고,0,0,2,0,차대차 - 측면충돌,안전운전불이행,건조,맑음,단일로 - 기타,승용,남,60세,상해없음,승용,여,22세,경상
2021052200100052,2021년 5월 22일 06시,토요일,강원도 춘천시 효자동,경상사고,0,0,1,0,차대차 - 추돌,신호위반,건조,맑음,교차로 - 교차로안,승용,여,41세,상해없음,승용,남,68세,경상
2021052200100094,2021년 5월 22일 09시,토요일,강원도 원주시 우산동,중상사고,0,1,0,0,차대사람 - 기타,안전운전불이행,건조,맑음,주차장 - 주차장,승용,남,63세,상해없음,보행자,여,79세,중상
2021052200100162,2021년 5월 22일 11시,토요일,강원도 강릉시 지변동,중상사고,0,1,0,0,차대차 - 기타,안전운전불이행,건조,맑음,교차로 - 교차로안,승용,남,71세,상해없음,원동기,남,22세,중상
2021052200100196,2021년 5월 22일 12시,토요일,강원도 춘천시 후평동,경상사고,0,0,1,0,차량단독 - 기타,기타,건조,맑음,기타 - 기타,승합,남,55세,상해없음,,,,
2021052200100197,2021년 5월 22일 12시,토요일,강원도 강릉시 포남동,경상사고,0,0,1,0,차대차 - 기타,신호위반,건조,맑음,교차로 - 교차로안,승용,남,60세,상해없음,승용,남,59세,경상
2021052200100238,2021년 5월 22일 13시,토요일,강원도 강릉시 포남동,중상사고,0,1,0,0,차대차 - 기타,안전운전불이행,건조,맑음,교차로 - 교차로횡단보도내,승용,남,73세,상해없음,자전거,남,9세,중상
2021052200100239,2021년 5월 22일 13시,토요일,강원도 원주시 단구동,중상사고,0,1,1,0,차량단독 - 기타,안전운전불이행,건조,맑음,교차로 - 교차로부근,승합,남,60세,상해없음,,,,
2021052200100241,2021년 5월 22일 13시,토요일,강원도 동해시 대구동,경상사고,0,0,2,0,차대차 - 추돌,안전운전불이행,건조,맑음,기타 - 기타,승용,남,60세,상해없음,승용,남,76세,경상
2021052200100288,2021년 5월 22일 14시,토요일,강원도 횡성군 횡성읍,경상사고,0,0,1,0,차대차 - 측면충돌,신호위반,건조,맑음,교차로 - 교차로안,승용,여,42세,상해없음,승용,남,31세,경상
2021052200100289,2021년 5월 22일 14시,토요일,강원도 횡성군 우천면,사망사고,1,0,0,0,차대사람 - 횡단중,신호위반,건조,맑음,단일로 - 기타,화물,남,61세,상해없음,보행자,여,83세,사망
2021052200100290,2021년 5월 22일 14시,토요일,강원도 고성군 간성읍,중상사고,0,1,0,0,차대사람 - 기타,안전운전불이행,건조,맑음,기타 - 기타,화물,남,66세,상해없음,보행자,여,59세,중상
2021052200100341,2021년 5월 22일 15시,토요일,강원도 홍천군 영귀미면,부상신고사고,0,0,0,1,차대차 - 추돌,안전운전불이행,건조,맑음,단일로 - 기타,승용,여,52세,상해없음,자전거,남,12세,부상신고
2021052200100342,2021년 5월 22일 15시,토요일,강원도 평창군 봉평면,경상사고,0,0,3,1,차대차 - 추돌,안전거리미확보,건조,맑음,단일로 - 터널,화물,남,25세,상해없음,승용,남,29세,부상신고
2021052200100376,2021년 5월 22일 16시,토요일,강원도 춘천시 운교동,경상사고,0,0,1,0,차대차 - 측면충돌,교차로운행방법위반,건조,맑음,교차로 - 교차로안,승용,여,62세,상해없음,승용,여,64세,경상
2021052200100377,2021년 5월 22일 16시,토요일,강원도 원주시 명륜동,경상사고,0,0,1,0,차대사람 - 횡단중,안전운전불이행,건조,맑음,단일로 - 기타,승용,남,50세,상해없음,보행자,여,69세,경상
2021052200100378,2021년 5월 22일 16시,토요일,강원도 원주시 단구동,경상사고,0,0,6,0,차대차 - 추돌,안전운전불이행,건조,맑음,교차로 - 교차로부근,건설기계,남,51세,상해없음,화물,남,48세,경상
2021052200100431,2021년 5월 22일 17시,토요일,강원도 속초시 중앙동,경상사고,0,0,1,0,차대차 - 측면충돌,신호위반,건조,맑음,교차로 - 교차로안,승용,남,23세,상해없음,승용,남,60세,경상
2021052200100467,2021년 5월 22일 18시,토요일,강원도 춘천시 신동면,경상사고,0,0,1,0,차대차 - 기타,안전운전불이행,건조,맑음,교차로 - 교차로안,승용,남,27세,상해없음,자전거,남,30세,경상
2021052200100468,2021년 5월 22일 18시,토요일,강원도 원주시 태장동,경상사고,0,0,3,0,차대차 - 기타,안전운전불이행,건조,맑음,교차로 - 교차로안,승용,남,19세,상해없음,승합,남,65세,경상
2021052200100469,2021년 5월 22일 18시,토요일,강원도 속초시 중앙동,경상사고,0,0,2,0,차대차 - 추돌,안전운전불이행,건조,맑음,단일로 - 기타,승합,남,41세,상해없음,승용,남,28세,경상
2021052200100508,2021년 5월 22일 19시,토요일,강원도 춘천시 동내면,경상사고,0,0,1,0,차대차 - 측면충돌,안전운전불이행,젖음/습기,비,교차로 - 교차로부근,승용,남,22세,상해없음,승용,남,23세,경상
2021052200100563,2021년 5월 22일 21시,토요일,강원도 강릉시 왕산면,경상사고,0,0,4,0,차대차 - 기타,안전운전불이행,건조,맑음,기타 - 기타,승용,남,22세,상해없음,승용,남,28세,경상
2021052200100606,2021년 5월 22일 23시,토요일,강원도 춘천시 후평동,경상사고,0,0,1,0,차대차 - 기타,안전거리미확보,건조,맑음,단일로 - 기타,승용,남,20세,상해없음,이륜,남,41세,경상
2021052300100013,2021년 5월 23일 01시,일요일,강원도 춘천시 후평동,중상사고,0,1,1,0,차대차 - 기타,신호위반,건조,맑음,교차로 - 교차로안,원동기,남,18세,상해없음,승용,남,61세,상해없음
2021052300100029,2021년 5월 23일 05시,일요일,강원도 원주시 호저면,중상사고,0,1,0,0,차대사람 - 횡단중,안전운전불이행,건조,맑음,단일로 - 기타,승용,남,42세,상해없음,보행자,여,80세,중상
2021052300100055,2021년 5월 23일 09시,일요일,강원도 인제군 인제읍,사망사고,1,0,0,0,차량단독 - 공작물충돌,안전운전불이행,건조,맑음,단일로 - 고가도로위,이륜,남,47세,사망,,,,
2021052300100076,2021년 5월 23일 10시,일요일,강원도 강릉시 포남동,중상사고,0,1,0,0,차대사람 - 횡단중,신호위반,건조,맑음,교차로 - 교차로부근,이륜,남,67세,상해없음,보행자,남,80세,중상
2021052300100098,2021년 5월 23일 11시,일요일,강원도 원주시 판부면,경상사고,0,0,3,0,차대차 - 측면충돌,신호위반,건조,맑음,교차로 - 교차로안,승용,남,45세,상해없음,승용,남,38세,경상
2021052300100156,2021년 5월 23일 13시,일요일,강원도 정선군 임계면,경상사고,0,0,1,0,차대차 - 기타,안전운전불이행,건조,맑음,단일로 - 기타,승용,남,53세,상해없음,이륜,남,42세,경상
2021052300100157,2021년 5월 23일 13시,일요일,강원도 고성군 토성면,경상사고,0,0,1,0,차대차 - 측면충돌,안전운전불이행,건조,맑음,주차장 - 주차장,승용,여,58세,상해없음,승용,남,24세,상해없음
2021052300100246,2021년 5월 23일 16시,일요일,강원도 춘천시 후평동,부상신고사고,0,0,0,1,차대차 - 측면충돌,교차로운행방법위반,건조,맑음,교차로 - 교차로안,승용,남,66세,상해없음,승용,남,60세,부상신고
2021052300100298,2021년 5월 23일 18시,일요일,강원도 원주시 우산동,경상사고,0,0,1,0,차대차 - 측면충돌,안전운전불이행,건조,맑음,교차로 - 교차로안,승용,남,41세,상해없음,자전거,남,55세,경상
2021052300100330,2021년 5월 23일 19시,일요일,강원도 춘천시 신북읍,경상사고,0,0,1,0,차대차 - 기타,안전운전불이행,건조,맑음,단일로 - 기타,자전거,남,54세,경상,승합,남,46세,상해없음
2021052300100331,2021년 5월 23일 19시,일요일,강원도 원주시 봉산동,경상사고,0,0,2,0,차대차 - 측면충돌,직진우회전진행방해,건조,흐림,교차로 - 교차로안,승용,남,76세,상해없음,화물,남,59세,경상
2021052300100360,2021년 5월 23일 20시,일요일,강원도 원주시 단구동,경상사고,0,0,1,0,차대차 - 측면충돌,안전거리미확보,건조,맑음,단일로 - 기타,승용,남,28세,상해없음,이륜,남,45세,경상
2021052400100029,2021년 5월 24일 06시,월요일,강원도 원주시 부론면,경상사고,0,0,1,0,차대차 - 측면충돌,중앙선침범,건조,흐림,기타 - 기타,승용,남,48세,상해없음,승용,남,54세,경상
2021052400100030,2021년 5월 24일 06시,월요일,강원도 속초시 청학동,중상사고,0,1,0,0,차대차 - 정면충돌,안전운전불이행,건조,맑음,교차로 - 교차로안,화물,남,54세,상해없음,이륜,남,58세,중상
2021052400100071,2021년 5월 24일 08시,월요일,강원도 춘천시 온의동,경상사고,0,0,3,0,차대차 - 추돌,안전거리미확보,건조,맑음,단일로 - 기타,승용,여,46세,상해없음,승용,여,47세,경상
2021052400100072,2021년 5월 24일 08시,월요일,강원도 삼척시 도계읍,중상사고,0,1,0,0,차대사람 - 보도통행중,기타,기타,맑음,기타 - 기타,화물,남,37세,상해없음,보행자,여,76세,중상
2021052400100133,2021년 5월 24일 10시,월요일,강원도 춘천시 신동면,중상사고,0,1,0,0,차대차 - 정면충돌,신호위반,건조,맑음,교차로 - 교차로안,화물,남,58세,상해없음,승용,여,65세,중상
2021052400100134,2021년 5월 24일 10시,월요일,강원도 영월군 영월읍,경상사고,0,0,4,0,차대차 - 측면충돌,직진우회전진행방해,건조,맑음,교차로 - 교차로안,승용,남,40세,상해없음,승용,남,65세,경상
2021052400100168,2021년 5월 24일 11시,월요일,강원도 강릉시 초당동,경상사고,0,0,1,0,차대사람 - 기타,안전운전불이행,건조,맑음,기타 - 기타,승용,남,26세,상해없음,보행자,여,33세,경상
2021052400100197,2021년 5월 24일 12시,월요일,강원도 원주시 인동,경상사고,0,0,1,0,차대차 - 기타,교차로운행방법위반,건조,맑음,교차로 - 교차로안,승용,남,69세,상해없음,승용,여,42세,경상
2021052400100265,2021년 5월 24일 14시,월요일,강원도 강릉시 노암동,경상사고,0,0,1,0,차대사람 - 기타,안전운전불이행,건조,맑음,교차로 - 교차로안,승용,남,73세,상해없음,보행자,여,61세,경상
2021052400100266,2021년 5월 24일 14시,월요일,강원도 동해시 효가동,중상사고,0,1,1,0,차대차 - 추돌,안전거리미확보,건조,맑음,기타 - 기타,이륜,남,37세,경상,승용,남,76세,상해없음
2021052400100309,2021년 5월 24일 15시,월요일,강원도 춘천시 우두동,경상사고,0,0,1,0,차대차 - 측면충돌,안전운전불이행,건조,맑음,단일로 - 기타,승용,여,59세,상해없음,승용,남,45세,경상
2021052400100310,2021년 5월 24일 15시,월요일,강원도 홍천군 홍천읍,경상사고,0,0,1,0,차대차 - 추돌,안전거리미확보,건조,맑음,단일로 - 지하차도(도로)내,승용,여,46세,기타불명,화물,남,63세,경상
2021052400100347,2021년 5월 24일 16시,월요일,강원도 춘천시 온의동,경상사고,0,0,2,0,차대차 - 추돌,안전운전불이행,건조,맑음,교차로 - 교차로부근,승용,여,60세,상해없음,승용,여,53세,경상
2021052400100348,2021년 5월 24일 16시,월요일,강원도 원주시 봉산동,경상사고,0,0,1,0,차대차 - 정면충돌,안전운전불이행,건조,맑음,교차로 - 교차로부근,승용,남,74세,상해없음,자전거,남,11세,경상
2021052400100349,2021년 5월 24일 16시,월요일,강원도 원주시 우산동,경상사고,0,0,4,0,차대차 - 측면충돌,직진우회전진행방해,건조,맑음,교차로 - 교차로안,화물,남,49세,상해없음,승용,남,55세,경상
2021052400100350,2021년 5월 24일 16시,월요일,강원도 태백시 황지동,경상사고,0,0,1,0,차대사람 - 차도통행중,안전운전불이행,건조,맑음,단일로 - 기타,승용,남,26세,상해없음,보행자,남,12세,경상
2021052400100405,2021년 5월 24일 17시,월요일,강원도 춘천시 석사동,경상사고,0,0,1,0,차대차 - 측면충돌,직진우회전진행방해,건조,맑음,교차로 - 교차로안,승합,여,54세,상해없음,원동기,남,28세,경상
2021052400100446,2021년 5월 24일 18시,월요일,강원도 강릉시 홍제동,중상사고,0,1,0,0,차대사람 - 기타,안전운전불이행,건조,맑음,기타 - 기타,승용,여,51세,상해없음,보행자,남,39세,중상
2021052400100528,2021년 5월 24일 21시,월요일,강원도 춘천시 동면,경상사고,0,0,2,0,차대차 - 측면충돌,안전운전불이행,건조,맑음,교차로 - 교차로부근,승용,여,54세,상해없음,승용,남,32세,경상
2021052400100550,2021년 5월 24일 22시,월요일,강원도 원주시 우산동,경상사고,0,0,1,0,차대차 - 추돌,안전운전불이행,건조,맑음,단일로 - 기타,승용,남,49세,상해없음,승용,여,63세,경상
2021052400100551,2021년 5월 24일 22시,월요일,강원도 원주시 무실동,중상사고,0,3,0,1,차대차 - 측면충돌,신호위반,건조,맑음,교차로 - 교차로안,승용,남,23세,부상신고,승용,남,55세,중상
2021052400100566,2021년 5월 24일 23시,월요일,강원도 춘천시 퇴계동,경상사고,0,0,1,0,차대차 - 측면충돌,신호위반,건조,맑음,교차로 - 교차로안,이륜,남,54세,상해없음,이륜,남,53세,경상
2021052500100092,2021년 5월 25일 08시,화요일,강원도 화천군 화천읍,경상사고,0,0,1,0,차대차 - 측면충돌,교차로운행방법위반,젖음/습기,비,교차로 - 교차로안,승용,남,26세,상해없음,이륜,남,62세,경상
2021052500100093,2021년 5월 25일 08시,화요일,강원도 정선군 임계면,경상사고,0,0,1,0,차대사람 - 기타,안전운전불이행,젖음/습기,흐림,단일로 - 기타,화물,남,59세,상해없음,보행자,여,88세,경상
2021052500100094,2021년 5월 25일 08시,화요일,강원도 정선군 고한읍,경상사고,0,0,1,0,차대차 - 기타,신호위반,젖음/습기,비,교차로 - 교차로안,화물,남,55세,상해없음,승합,남,59세,경상
2021052500100095,2021년 5월 25일 08시,화요일,강원도 동해시 천곡동,중상사고,0,1,0,1,차대차 - 측면충돌,교차로운행방법위반,건조,맑음,교차로 - 교차로안,승용,여,49세,부상신고,승용,남,23세,중상
2021052500100132,2021년 5월 25일 09시,화요일,강원도 강릉시 홍제동,경상사고,0,0,1,0,차대사람 - 차도통행중,안전운전불이행,건조,맑음,교차로 - 교차로안,승용,여,42세,상해없음,보행자,남,77세,경상
2021052500100163,2021년 5월 25일 10시,화요일,강원도 춘천시 사북면,경상사고,0,0,1,0,차대차 - 기타,중앙선침범,젖음/습기,비,단일로 - 기타,화물,남,63세,상해없음,승용,남,25세,경상
2021052500100200,2021년 5월 25일 11시,화요일,강원도 춘천시 동면,경상사고,0,0,1,0,차대차 - 기타,신호위반,건조,맑음,교차로 - 교차로안,승용,여,59세,상해없음,화물,여,66세,경상
2021052500100201,2021년 5월 25일 11시,화요일,강원도 춘천시 석사동,경상사고,0,0,1,0,차대차 - 추돌,안전운전불이행,건조,맑음,단일로 - 기타,승용,여,60세,상해없음,화물,남,28세,경상
2021052500100262,2021년 5월 25일 13시,화요일,강원도 홍천군 홍천읍,중상사고,0,1,0,0,차대사람 - 횡단중,안전운전불이행,건조,맑음,단일로 - 고가도로위,승용,여,73세,상해없음,보행자,여,71세,중상
2021052500100263,2021년 5월 25일 13시,화요일,강원도 태백시 화전동,경상사고,0,0,1,0,차대차 - 추돌,안전운전불이행,젖음/습기,비,교차로 - 교차로부근,승용,남,39세,상해없음,승용,여,48세,경상
2021052500100294,2021년 5월 25일 14시,화요일,강원도 속초시 중앙동,경상사고,0,0,1,0,차대사람 - 보도통행중,보행자보호의무위반,건조,맑음,교차로 - 교차로부근,승용,여,51세,상해없음,보행자,여,81세,경상
2021052500100329,2021년 5월 25일 15시,화요일,강원도 춘천시 퇴계동,경상사고,0,0,1,0,차대차 - 측면충돌,안전운전불이행,건조,맑음,단일로 - 기타,화물,남,64세,상해없음,자전거,여,68세,경상
2021052500100330,2021년 5월 25일 15시,화요일,강원도 춘천시 퇴계동,경상사고,0,0,1,0,차대차 - 추돌,안전거리미확보,건조,맑음,단일로 - 기타,승용,여,34세,상해없음,승용,여,28세,경상
2021052500100331,2021년 5월 25일 15시,화요일,강원도 원주시 문막읍,경상사고,0,0,1,0,차대차 - 추돌,안전운전불이행,건조,맑음,교차로 - 교차로부근,화물,남,50세,상해없음,이륜,남,50세,경상
2021052500100332,2021년 5월 25일 15시,화요일,강원도 영월군 영월읍,경상사고,0,0,2,0,차대차 - 측면충돌,중앙선침범,건조,맑음,단일로 - 기타,승용,남,45세,상해없음,승용,여,28세,경상
2021052500100373,2021년 5월 25일 16시,화요일,강원도 춘천시 퇴계동,경상사고,0,0,1,0,차대차 - 후진중충돌,안전운전불이행,건조,맑음,단일로 - 기타,승용,남,55세,상해없음,승용,남,53세,경상
2021052500100374,2021년 5월 25일 16시,화요일,강원도 춘천시 중앙로1가,경상사고,0,0,1,0,차대차 - 기타,불법유턴,건조,맑음,교차로 - 교차로부근,이륜,남,83세,기타불명,승용,남,66세,상해없음
2021052500100375,2021년 5월 25일 16시,화요일,강원도 강릉시 사천면,중상사고,0,1,1,0,차대차 - 기타,안전운전불이행,건조,맑음,교차로 - 교차로안,승용,여,61세,상해없음,이륜,남,67세,경상
2021052500100376,2021년 5월 25일 16시,화요일,강원도 원주시 인동,경상사고,0,0,4,0,차대차 - 측면충돌,신호위반,건조,맑음,교차로 - 교차로안,승용,남,74세,경상,승용,여,22세,경상