사고번호,사고일시,요일,시군구,사고내용,사망자수,중상자수,경상자수,부상신고자수,사고유형,법규위반,노면상태,기상상태,도로형태,가해운전자 차종,가해운전자 성별,가해운전자 연령,가해운전자 상해정도,피해운전자 차종,피해운전자 성별,피해운전자 연령,피해운전자 상해정도
2021052500100377,2021년 5월 25일 16시,화요일,강원도 홍천군 홍천읍,중상사고,0,1,0,0,차대사람 - 횡단중,안전운전불이행,젖음/습기,비,단일로 - 고가도로위,화물,남,69세,상해없음,보행자,여,75세,중상
2021052500100422,2021년 5월 25일 17시,화요일,강원도 원주시 신림면,중상사고,0,1,1,0,차대차 - 정면충돌,중앙선침범,건조,맑음,단일로 - 기타,화물,남,33세,상해없음,승용,여,58세,경상
2021052500100506,2021년 5월 25일 19시,화요일,강원도 원주시 무실동,경상사고,0,0,1,0,차대차 - 기타,신호위반,건조,맑음,교차로 - 교차로안,승용,여,34세,상해없음,이륜,남,25세,경상
2021052500100507,2021년 5월 25일 19시,화요일,강원도 영월군 영월읍,경상사고,0,0,1,0,차대사람 - 보도통행중,안전운전불이행,건조,맑음,교차로 - 교차로부근,승용,남,60세,상해없음,보행자,여,9세,경상
2021052500100601,2021년 5월 25일 23시,화요일,강원도 춘천시 후평동,경상사고,0,0,1,0,차대차 - 정면충돌,신호위반,건조,맑음,교차로 - 교차로안,승용,남,65세,상해없음,승용,남,19세,경상
2021052500100602,2021년 5월 25일 23시,화요일,강원도 동해시 천곡동,경상사고,0,0,2,0,차대차 - 측면충돌,안전거리미확보,건조,맑음,교차로 - 교차로안,승용,여,39세,상해없음,승용,남,24세,경상
2021052600100089,2021년 5월 26일 08시,수요일,강원도 홍천군 내면,중상사고,0,1,0,0,차대차 - 측면충돌,안전운전불이행,건조,맑음,단일로 - 고가도로위,승합,남,48세,상해없음,승용,여,66세,중상
2021052600100152,2021년 5월 26일 10시,수요일,강원도 원주시 학성동,경상사고,0,0,1,0,차대차 - 추돌,교차로운행방법위반,건조,맑음,단일로 - 기타,승용,여,60세,상해없음,이륜,남,69세,경상
2021052600100153,2021년 5월 26일 10시,수요일,강원도 화천군 화천읍,경상사고,0,0,1,0,차대사람 - 기타,안전운전불이행,건조,맑음,단일로 - 기타,이륜,남,45세,상해없음,보행자,여,42세,경상
2021052600100209,2021년 5월 26일 12시,수요일,강원도 춘천시 석사동,경상사고,0,0,1,1,차대차 - 추돌,안전운전불이행,건조,맑음,단일로 - 기타,이륜,남,46세,부상신고,승용,여,31세,경상
2021052600100262,2021년 5월 26일 14시,수요일,강원도 춘천시 석사동,경상사고,0,0,2,0,차대차 - 측면충돌,안전운전불이행,건조,맑음,단일로 - 기타,승용,여,50세,경상,승용,남,23세,경상
2021052600100326,2021년 5월 26일 16시,수요일,강원도 태백시 화전동,중상사고,0,1,0,0,차대차 - 측면충돌,안전운전불이행,건조,맑음,단일로 - 기타,이륜,남,76세,상해없음,화물,남,58세,상해없음
2021052600100327,2021년 5월 26일 16시,수요일,강원도 정선군 사북읍,경상사고,0,0,1,0,차대사람 - 기타,안전운전불이행,건조,맑음,교차로 - 교차로부근,화물,남,60세,기타불명,보행자,여,30세,경상
2021052600100506,2021년 5월 26일 21시,수요일,강원도 영월군 무릉도원면,경상사고,0,0,2,0,차대차 - 측면충돌,안전운전불이행,건조,맑음,단일로 - 기타,승용,남,67세,상해없음,승용,여,55세,경상
2021052700100080,2021년 5월 27일 08시,목요일,강원도 춘천시 석사동,경상사고,0,0,1,0,차대차 - 추돌,안전거리미확보,젖음/습기,비,단일로 - 기타,승용,남,36세,상해없음,승용,여,40세,경상
2021052700100081,2021년 5월 27일 08시,목요일,강원도 춘천시 동면,경상사고,0,0,1,0,차대차 - 측면충돌,안전운전불이행,젖음/습기,비,단일로 - 기타,화물,남,52세,상해없음,승용,여,56세,경상
2021052700100083,2021년 5월 27일 08시,목요일,강원도 강릉시 옥천동,경상사고,0,0,1,0,차대차 - 기타,안전운전불이행,건조,맑음,교차로 - 교차로안,승용,여,32세,상해없음,화물,남,56세,경상
2021052700100084,2021년 5월 27일 08시,목요일,강원도 태백시 장성동,경상사고,0,0,1,0,차대차 - 추돌,안전운전불이행,건조,맑음,교차로 - 교차로안,승용,남,66세,상해없음,승용,남,55세,경상
2021052700100085,2021년 5월 27일 08시,목요일,강원도 동해시 천곡동,경상사고,0,0,1,0,차대차 - 추돌,안전거리미확보,젖음/습기,맑음,단일로 - 기타,승용,여,57세,상해없음,승용,여,46세,경상
2021052700100208,2021년 5월 27일 12시,목요일,강원도 춘천시 효자동,경상사고,0,0,2,0,차대차 - 기타,안전운전불이행,젖음/습기,비,단일로 - 기타,승용,여,61세,상해없음,화물,남,57세,경상
2021052700100209,2021년 5월 27일 12시,목요일,강원도 원주시 명륜동,경상사고,0,0,2,0,차대차 - 측면충돌,기타,젖음/습기,비,교차로 - 교차로안,이륜,남,31세,상해없음,승용,여,32세,경상
2021052700100210,2021년 5월 27일 12시,목요일,강원도 원주시 소초면,경상사고,0,0,1,0,차대차 - 기타,안전운전불이행,젖음/습기,흐림,단일로 - 기타,승용,여,43세,상해없음,승용,남,37세,경상
2021052700100211,2021년 5월 27일 12시,목요일,강원도 양양군 현남면,중상사고,0,3,0,0,차대차 - 측면충돌,신호위반,젖음/습기,비,교차로 - 교차로안,승용,여,39세,상해없음,화물,남,24세,중상
2021052700100279,2021년 5월 27일 14시,목요일,강원도 원주시 단계동,경상사고,0,0,1,0,차대차 - 추돌,안전운전불이행,건조,맑음,교차로 - 교차로안,승합,남,37세,상해없음,이륜,남,51세,경상
2021052700100280,2021년 5월 27일 14시,목요일,강원도 원주시 무실동,경상사고,0,0,1,0,차대차 - 기타,직진우회전진행방해,건조,맑음,교차로 - 교차로안,승용,남,74세,상해없음,승용,여,55세,경상
2021052700100281,2021년 5월 27일 14시,목요일,강원도 동해시 북평동,경상사고,0,0,1,0,차대사람 - 횡단중,안전운전불이행,건조,맑음,단일로 - 기타,승용,여,54세,상해없음,보행자,여,12세,경상
2021052700100282,2021년 5월 27일 14시,목요일,강원도 동해시 이로동,경상사고,0,0,1,0,차대차 - 측면충돌,교차로운행방법위반,건조,맑음,교차로 - 교차로안,화물,남,47세,상해없음,승용,여,38세,경상
2021052700100348,2021년 5월 27일 16시,목요일,강원도 강릉시 왕산면,경상사고,0,0,3,0,차대차 - 기타,중앙선침범,건조,맑음,단일로 - 기타,화물,남,54세,경상,승용,남,38세,경상
2021052700100349,2021년 5월 27일 16시,목요일,강원도 원주시 단계동,경상사고,0,0,1,0,차대차 - 측면충돌,안전운전불이행,건조,맑음,교차로 - 교차로안,이륜,남,22세,상해없음,승용,남,47세,경상
2021052700100350,2021년 5월 27일 16시,목요일,강원도 속초시 도문동,중상사고,0,2,0,0,차량단독 - 공작물충돌,안전운전불이행,건조,맑음,단일로 - 기타,승합,남,22세,상해없음,,,,
2021052700100351,2021년 5월 27일 16시,목요일,강원도 고성군 현내면,경상사고,0,0,4,1,차대차 - 정면충돌,중앙선침범,건조,맑음,기타 - 기타,화물,남,56세,부상신고,승용,남,60세,경상
2021052700100383,2021년 5월 27일 17시,목요일,강원도 원주시 단구동,경상사고,0,0,4,0,차대차 - 추돌,안전운전불이행,건조,맑음,기타 - 기타,화물,남,29세,상해없음,승용,남,43세,경상
2021052700100425,2021년 5월 27일 18시,목요일,강원도 춘천시 우두동,경상사고,0,0,1,0,차대차 - 측면충돌,안전운전불이행,건조,맑음,단일로 - 기타,승용,여,53세,상해없음,승용,여,30세,경상
2021052700100426,2021년 5월 27일 18시,목요일,강원도 춘천시 남산면,사망사고,1,0,1,0,차대차 - 측면충돌,차로위반,건조,맑음,단일로 - 기타,화물,남,47세,사망,승용,여,49세,경상
2021052700100465,2021년 5월 27일 19시,목요일,강원도 춘천시 석사동,경상사고,0,0,2,0,차대차 - 기타,직진우회전진행방해,젖음/습기,비,교차로 - 교차로안,이륜,남,18세,경상,승용,남,42세,경상
2021052700100498,2021년 5월 27일 20시,목요일,강원도 춘천시 조양동,중상사고,0,1,1,0,차대차 - 측면충돌,안전거리미확보,건조,맑음,단일로 - 기타,승용,남,22세,상해없음,이륜,남,19세,경상
2021052700100499,2021년 5월 27일 20시,목요일,강원도 원주시 학성동,경상사고,0,0,1,0,차대차 - 측면충돌,안전운전불이행,건조,맑음,단일로 - 기타,화물,남,69세,상해없음,이륜,남,42세,경상
2021052700100538,2021년 5월 27일 21시,목요일,강원도 태백시 황지동,경상사고,0,0,3,1,차대차 - 측면충돌,교차로운행방법위반,건조,맑음,교차로 - 교차로안,승용,남,64세,상해없음,승용,남,57세,부상신고
2021052700100559,2021년 5월 27일 22시,목요일,강원도 춘천시 온의동,경상사고,0,0,1,0,차대사람 - 기타,기타,건조,맑음,단일로 - 기타,승합,남,55세,상해없음,보행자,여,28세,경상
2021052800100059,2021년 5월 28일 07시,금요일,강원도 춘천시 사농동,경상사고,0,0,1,0,차대차 - 기타,신호위반,건조,맑음,교차로 - 교차로안,승용,남,28세,상해없음,승용,남,66세,경상
2021052800100095,2021년 5월 28일 08시,금요일,강원도 원주시 단구동,경상사고,0,0,1,0,차대사람 - 횡단중,보행자보호의무위반,젖음/습기,비,단일로 - 기타,승용,남,40세,상해없음,보행자,남,10세,경상
2021052800100136,2021년 5월 28일 09시,금요일,강원도 횡성군 서원면,경상사고,0,0,1,0,차대차 - 기타,안전운전불이행,젖음/습기,비,단일로 - 기타,화물,남,81세,상해없음,화물,남,64세,경상
2021052800100153,2021년 5월 28일 10시,금요일,강원도 원주시 학성동,경상사고,0,0,1,0,차대차 - 후진중충돌,안전운전불이행,젖음/습기,비,단일로 - 기타,화물,남,76세,상해없음,승용,여,45세,경상
2021052800100192,2021년 5월 28일 11시,금요일,강원도 강릉시 포남동,중상사고,0,1,0,0,차대차 - 후진중충돌,안전운전불이행,젖음/습기,비,단일로 - 기타,승용,남,41세,상해없음,이륜,남,44세,중상
2021052800100219,2021년 5월 28일 12시,금요일,강원도 강릉시 교동,경상사고,0,0,4,0,차대차 - 측면충돌,안전운전불이행,건조,맑음,교차로 - 교차로안,승용,여,29세,경상,승용,여,23세,경상
2021052800100256,2021년 5월 28일 13시,금요일,강원도 삼척시 마달동,경상사고,0,0,1,0,차대차 - 정면충돌,안전운전불이행,젖음/습기,비,단일로 - 기타,승용,남,21세,상해없음,이륜,남,55세,경상
2021052800100257,2021년 5월 28일 13시,금요일,강원도 태백시 화전동,경상사고,0,0,1,0,차대차 - 추돌,안전거리미확보,젖음/습기,비,단일로 - 기타,승용,여,51세,상해없음,승용,여,32세,경상
2021052800100369,2021년 5월 28일 16시,금요일,강원도 속초시 청호동,경상사고,0,0,1,0,차대사람 - 보도통행중,안전운전불이행,건조,맑음,단일로 - 지하차도(도로)내,특수,남,29세,상해없음,보행자,남,58세,경상
2021052800100413,2021년 5월 28일 17시,금요일,강원도 원주시 단구동,중상사고,0,1,0,0,차대사람 - 차도통행중,안전운전불이행,건조,맑음,교차로 - 교차로안,화물,남,50세,상해없음,보행자,여,58세,중상
2021052800100414,2021년 5월 28일 17시,금요일,강원도 고성군 토성면,중상사고,0,1,0,0,차대차 - 측면충돌,신호위반,건조,맑음,교차로 - 교차로안,승용,남,58세,상해없음,승용,남,34세,중상
2021052800100415,2021년 5월 28일 17시,금요일,강원도 양구군 양구읍,경상사고,0,0,2,0,차대차 - 측면충돌,직진우회전진행방해,건조,맑음,교차로 - 교차로안,승용,여,48세,경상,승용,여,54세,경상
2021052800100464,2021년 5월 28일 18시,금요일,강원도 원주시 반곡동,중상사고,0,1,0,0,차대차 - 측면충돌,신호위반,건조,맑음,교차로 - 교차로안,승용,남,48세,상해없음,이륜,남,33세,중상
2021052800100465,2021년 5월 28일 18시,금요일,강원도 양구군 양구읍,중상사고,0,1,0,0,차대차 - 측면충돌,직진우회전진행방해,젖음/습기,흐림,교차로 - 교차로안,승용,남,20세,상해없음,이륜,남,53세,중상
2021052800100570,2021년 5월 28일 21시,금요일,강원도 춘천시 우두동,경상사고,0,0,1,0,차대차 - 측면충돌,기타,건조,맑음,단일로 - 기타,승용,남,20세,상해없음,이륜,남,58세,경상
2021052800100619,2021년 5월 28일 23시,금요일,강원도 원주시 인동,경상사고,0,0,1,0,차대차 - 기타,안전운전불이행,건조,맑음,단일로 - 기타,승용,남,62세,상해없음,이륜,남,43세,경상
2021052900100107,2021년 5월 29일 09시,토요일,강원도 횡성군 횡성읍,사망사고,1,0,0,0,차량단독 - 전도전복 - 전도,안전운전불이행,건조,맑음,단일로 - 기타,이륜,남,26세,사망,,,,
2021052900100161,2021년 5월 29일 11시,토요일,강원도 인제군 인제읍,경상사고,0,0,1,0,차대차 - 측면충돌,중앙선침범,건조,맑음,단일로 - 기타,화물,여,66세,상해없음,승용,여,33세,경상
2021052900100245,2021년 5월 29일 13시,토요일,강원도 원주시 소초면,경상사고,0,0,1,1,차대차 - 추돌,기타,건조,맑음,교차로 - 교차로안,승용,남,64세,부상신고,승용,남,58세,경상
2021052900100246,2021년 5월 29일 13시,토요일,강원도 영월군 영월읍,경상사고,0,0,2,0,차대차 - 측면충돌,안전운전불이행,건조,맑음,교차로 - 교차로부근,이륜,남,83세,상해없음,승용,남,53세,경상
2021052900100247,2021년 5월 29일 13시,토요일,강원도 고성군 토성면,경상사고,0,0,1,0,차대차 - 정면충돌,신호위반,건조,맑음,교차로 - 교차로안,승용,남,28세,상해없음,승용,남,51세,경상
2021052900100316,2021년 5월 29일 15시,토요일,강원도 춘천시 석사동,부상신고사고,0,0,0,1,차대차 - 측면충돌,안전운전불이행,건조,맑음,단일로 - 기타,자전거,남,21세,부상신고,승용,남,63세,상해없음
2021052900100356,2021년 5월 29일 16시,토요일,강원도 화천군 화천읍,경상사고,0,0,2,0,차대차 - 측면충돌,교차로운행방법위반,젖음/습기,비,교차로 - 교차로안,승용,남,64세,경상,승용,여,59세,경상
2021052900100390,2021년 5월 29일 17시,토요일,강원도 양양군 현남면,중상사고,0,1,0,0,차대사람 - 길가장자리구역통행중,안전운전불이행,건조,흐림,교차로 - 교차로부근,승용,남,33세,상해없음,보행자,여,48세,중상
2021052900100391,2021년 5월 29일 17시,토요일,강원도 삼척시 신기면,경상사고,0,0,4,0,차대차 - 추돌,안전운전불이행,건조,맑음,단일로 - 기타,화물,남,63세,상해없음,화물,남,51세,경상
2021052900100392,2021년 5월 29일 17시,토요일,강원도 홍천군 홍천읍,중상사고,0,1,0,0,차대차 - 측면충돌,안전거리미확보,젖음/습기,비,단일로 - 지하차도(도로)내,화물,남,56세,상해없음,이륜,남,40세,중상
2021052900100430,2021년 5월 29일 18시,토요일,강원도 속초시 교동,경상사고,0,0,1,0,차대사람 - 횡단중,보행자보호의무위반,건조,맑음,교차로 - 교차로횡단보도내,승용,남,57세,상해없음,보행자,여,24세,경상
2021052900100466,2021년 5월 29일 19시,토요일,강원도 원주시 반곡동,경상사고,0,0,1,1,차대차 - 추돌,직진우회전진행방해,젖음/습기,비,교차로 - 교차로안,승용,남,33세,부상신고,이륜,남,25세,경상
2021052900100467,2021년 5월 29일 19시,토요일,강원도 원주시 무실동,경상사고,0,0,1,0,차대차 - 기타,안전거리미확보,젖음/습기,비,단일로 - 기타,승용,남,45세,상해없음,이륜,남,17세,경상
2021052900100496,2021년 5월 29일 20시,토요일,강원도 춘천시 석사동,부상신고사고,0,0,0,1,차대차 - 기타,안전운전불이행,젖음/습기,비,교차로 - 교차로부근,이륜,남,20세,부상신고,승용,여,53세,상해없음
2021052900100522,2021년 5월 29일 21시,토요일,강원도 춘천시 동내면,경상사고,0,0,1,0,차대사람 - 횡단중,안전운전불이행,젖음/습기,비,교차로 - 교차로안,원동기,남,37세,상해없음,보행자,남,51세,경상
2021052900100523,2021년 5월 29일 21시,토요일,강원도 원주시 문막읍,중상사고,0,1,0,0,차대사람 - 횡단중,신호위반,젖음/습기,흐림,교차로 - 교차로안,승용,남,35세,상해없음,보행자,여,16세,중상
2021052900100575,2021년 5월 29일 23시,토요일,강원도 원주시 관설동,경상사고,0,0,1,0,차대차 - 측면충돌,안전운전불이행,건조,맑음,단일로 - 기타,승용,남,23세,상해없음,승용,남,29세,경상
2021053000100028,2021년 5월 30일 05시,일요일,강원도 영월군 남면,경상사고,0,0,1,0,차량단독 - 도로외이탈 - 추락,안전운전불이행,젖음/습기,안개,단일로 - 기타,승용,남,22세,상해없음,,,,
2021053000100084,2021년 5월 30일 10시,일요일,강원도 원주시 무실동,경상사고,0,0,1,0,차대차 - 기타,안전운전불이행,건조,맑음,교차로 - 교차로안,승용,남,63세,상해없음,자전거,남,61세,경상
2021053000100085,2021년 5월 30일 10시,일요일,강원도 속초시 동명동,경상사고,0,0,1,0,차대사람 - 횡단중,안전운전불이행,건조,맑음,교차로 - 교차로부근,승용,남,22세,상해없음,보행자,여,30세,경상
2021053000100086,2021년 5월 30일 10시,일요일,강원도 삼척시 원덕읍,경상사고,0,0,2,0,차대차 - 측면충돌,직진우회전진행방해,건조,맑음,교차로 - 교차로안,승용,남,78세,상해없음,승용,남,51세,경상
2021053000100087,2021년 5월 30일 10시,일요일,강원도 양구군 동면,경상사고,0,0,2,0,차대차 - 측면충돌,직진우회전진행방해,건조,맑음,교차로 - 교차로안,승용,여,56세,상해없음,승합,남,67세,경상
2021053000100136,2021년 5월 30일 12시,일요일,강원도 원주시 무실동,경상사고,0,0,1,0,차대차 - 측면충돌,안전운전불이행,건조,맑음,단일로 - 기타,승용,남,49세,상해없음,이륜,남,32세,경상
2021053000100137,2021년 5월 30일 12시,일요일,강원도 원주시 우산동,경상사고,0,0,1,0,차대사람 - 기타,안전운전불이행,건조,맑음,단일로 - 기타,승용,남,30세,상해없음,보행자,남,30세,경상
2021053000100138,2021년 5월 30일 12시,일요일,강원도 원주시 지정면,중상사고,0,1,1,0,차대차 - 기타,신호위반,건조,맑음,교차로 - 교차로안,승용,여,37세,상해없음,승용,남,35세,경상
2021053000100139,2021년 5월 30일 12시,일요일,강원도 속초시 중앙동,경상사고,0,0,4,0,차대차 - 측면충돌,신호위반,건조,맑음,교차로 - 교차로안,승용,남,59세,상해없음,승용,남,56세,경상
2021053000100170,2021년 5월 30일 13시,일요일,강원도 원주시 반곡동,중상사고,0,1,0,0,차대차 - 측면충돌,안전운전불이행,건조,맑음,단일로 - 기타,승용,남,60세,상해없음,이륜,남,76세,중상
2021053000100171,2021년 5월 30일 13시,일요일,강원도 속초시 조양동,중상사고,0,1,2,0,차대차 - 측면충돌,안전운전불이행,건조,맑음,교차로 - 교차로안,승용,남,62세,상해없음,승용,남,53세,상해없음
2021053000100172,2021년 5월 30일 13시,일요일,강원도 횡성군 우천면,경상사고,0,0,4,0,차대차 - 측면충돌,교차로운행방법위반,건조,맑음,교차로 - 교차로안,승용,남,73세,상해없음,화물,남,53세,경상
2021053000100206,2021년 5월 30일 14시,일요일,강원도 춘천시 근화동,경상사고,0,0,4,0,차대차 - 추돌,안전거리미확보,건조,맑음,단일로 - 기타,승용,남,28세,상해없음,승용,여,68세,경상
2021053000100207,2021년 5월 30일 14시,일요일,강원도 원주시 단계동,경상사고,0,0,3,0,차대차 - 기타,안전운전불이행,건조,맑음,단일로 - 고가도로위,승용,남,50세,상해없음,이륜,남,43세,경상
2021053000100208,2021년 5월 30일 14시,일요일,강원도 태백시 황지동,경상사고,0,0,3,0,차대차 - 추돌,안전운전불이행,건조,맑음,단일로 - 기타,승용,남,64세,상해없음,승용,남,55세,경상
2021053000100244,2021년 5월 30일 15시,일요일,강원도 원주시 단계동,경상사고,0,0,1,0,차대차 - 추돌,안전운전불이행,건조,맑음,교차로 - 교차로안,승합,남,59세,상해없음,승용,여,60세,경상
2021053000100354,2021년 5월 30일 18시,일요일,강원도 원주시 단계동,경상사고,0,0,2,1,차대차 - 추돌,안전운전불이행,건조,맑음,단일로 - 기타,승용,남,25세,부상신고,승용,남,65세,경상
2021053000100355,2021년 5월 30일 18시,일요일,강원도 정선군 신동읍,중상사고,0,1,0,0,차대차 - 측면충돌,안전운전불이행,건조,맑음,단일로 - 기타,화물,남,39세,상해없음,승용,여,52세,중상
2021053000100388,2021년 5월 30일 19시,일요일,강원도 원주시 단계동,중상사고,0,1,1,0,차대차 - 정면충돌,안전운전불이행,건조,맑음,교차로 - 교차로부근,이륜,남,64세,중상,승용,남,59세,경상
2021053000100471,2021년 5월 30일 22시,일요일,강원도 화천군 화천읍,경상사고,0,0,1,0,차량단독 - 공작물충돌,안전운전불이행,건조,맑음,교차로 - 교차로부근,승용,여,45세,상해없음,,,,
2021053000100496,2021년 5월 30일 23시,일요일,강원도 원주시 일산동,경상사고,0,0,2,0,차대차 - 기타,안전운전불이행,젖음/습기,비,교차로 - 교차로안,승용,남,25세,상해없음,화물,남,75세,경상
2021053100100019,2021년 5월 31일 05시,월요일,강원도 횡성군 둔내면,경상사고,0,0,3,0,차대차 - 측면충돌,신호위반,건조,흐림,교차로 - 교차로안,승용,남,64세,경상,승용,남,30세,경상
2021053100100070,2021년 5월 31일 08시,월요일,강원도 동해시 동회동,경상사고,0,0,1,0,차대차 - 추돌,안전운전불이행,건조,맑음,단일로 - 기타,승용,남,57세,상해없음,승용,여,52세,경상
2021053100100104,2021년 5월 31일 09시,월요일,강원도 춘천시 효자동,경상사고,0,0,2,0,차대차 - 측면충돌,교차로운행방법위반,건조,맑음,교차로 - 교차로안,승합,여,45세,상해없음,승용,남,56세,경상
2021053100100133,2021년 5월 31일 10시,월요일,강원도 강릉시 홍제동,경상사고,0,0,1,0,차대차 - 측면충돌,안전운전불이행,건조,맑음,교차로 - 교차로안,승용,남,66세,상해없음,승용,여,35세,경상
2021053100100134,2021년 5월 31일 10시,월요일,강원도 홍천군 홍천읍,중상사고,0,2,2,0,차대차 - 측면충돌,기타,건조,맑음,단일로 - 고가도로위,승용,남,52세,상해없음,승용,남,19세,경상
2021053100100160,2021년 5월 31일 11시,월요일,강원도 원주시 단계동,경상사고,0,0,1,0,차대차 - 측면충돌,교차로운행방법위반,건조,맑음,단일로 - 기타,승용,여,65세,상해없음,자전거,여,66세,경상
2021053100100161,2021년 5월 31일 11시,월요일,강원도 횡성군 둔내면,중상사고,0,1,0,0,차대차 - 측면충돌,교차로운행방법위반,건조,흐림,교차로 - 교차로안,승용,남,75세,상해없음,승합,남,66세,중상
2021053100100216,2021년 5월 31일 13시,월요일,강원도 속초시 장사동,경상사고,0,0,1,0,차대차 - 추돌,안전거리미확보,건조,맑음,단일로 - 기타,건설기계,남,59세,상해없음,승용,남,40세,경상
2021053100100291,2021년 5월 31일 15시,월요일,강원도 강릉시 포남동,중상사고,0,1,1,0,차대차 - 측면충돌,안전운전불이행,건조,맑음,기타 - 기타,승용,남,27세,상해없음,이륜,남,46세,경상
2021053100100331,2021년 5월 31일 16시,월요일,강원도 춘천시 조양동,경상사고,0,0,1,0,차대사람 - 횡단중,보행자보호의무위반,건조,맑음,교차로 - 교차로횡단보도내,승용,여,57세,상해없음,보행자,여,54세,경상
2021053100100369,2021년 5월 31일 17시,월요일,강원도 홍천군 남면,경상사고,0,0,3,1,차대차 - 측면충돌,직진우회전진행방해,건조,맑음,교차로 - 교차로안,승용,남,75세,부상신고,승용,남,59세,경상
2021053100100370,2021년 5월 31일 17시,월요일,강원도 동해시 효가동,경상사고,0,0,2,0,차대차 - 추돌,안전운전불이행,건조,맑음,단일로 - 기타,승용,남,64세,상해없음,승용,남,44세,경상
2021053100100443,2021년 5월 31일 19시,월요일,강원도 춘천시 근화동,중상사고,0,1,0,0,차대차 - 기타,안전거리미확보,건조,맑음,단일로 - 기타,자전거,남,26세,상해없음,자전거,남,24세,상해없음
2021053100100444,2021년 5월 31일 19시,월요일,강원도 원주시 일산동,경상사고,0,0,1,0,차대차 - 측면충돌,중앙선침범,건조,흐림,교차로 - 교차로부근,승용,남,59세,상해없음,이륜,남,29세,경상
2021053100100445,2021년 5월 31일 19시,월요일,강원도 삼척시 근덕면,경상사고,0,0,4,0,차대차 - 측면충돌,직진우회전진행방해,건조,맑음,교차로 - 교차로안,승용,남,78세,상해없음,승용,남,37세,경상
2021053100100446,2021년 5월 31일 19시,월요일,강원도 정선군 고한읍,경상사고,0,0,1,0,차대차 - 측면충돌,신호위반,건조,맑음,단일로 - 기타,승용,여,53세,상해없음,승용,남,53세,경상
2021053100100447,2021년 5월 31일 19시,월요일,강원도 양구군 양구읍,경상사고,0,0,1,0,차대차 - 추돌,안전운전불이행,건조,맑음,교차로 - 교차로안,개인형이동수단(PM),남,84세,경상,승용,남,41세,상해없음
2021053100100473,2021년 5월 31일 20시,월요일,강원도 춘천시 석사동,부상신고사고,0,0,0,1,차대차 - 기타,직진우회전진행방해,건조,맑음,교차로 - 교차로안,이륜,남,16세,상해없음,이륜,남,22세,부상신고
2021053100100474,2021년 5월 31일 20시,월요일,강원도 횡성군 우천면,중상사고,0,1,0,0,차량단독 - 전도전복 - 전도,안전운전불이행,젖음/습기,흐림,단일로 - 기타,이륜,남,70세,중상,,,,
2021053100100508,2021년 5월 31일 21시,월요일,강원도 춘천시 남산면,사망사고,1,0,0,0,차대사람 - 차도통행중,안전운전불이행,건조,맑음,교차로 - 교차로부근,승용,여,42세,상해없음,보행자,남,59세,사망
2021053100100526,2021년 5월 31일 22시,월요일,강원도 철원군 근남면,중상사고,0,2,3,0,차대차 - 정면충돌,중앙선침범,건조,맑음,단일로 - 터널,승용,여,30세,중상,승용,남,29세,경상
2021053100100538,2021년 5월 31일 23시,월요일,강원도 원주시 태장동,중상사고,0,1,0,0,차대차 - 측면충돌,안전운전불이행,건조,맑음,단일로 - 기타,승용,남,25세,상해없음,승용,남,24세,중상
2021060100100041,2021년 6월 1일 06시,화요일,강원도 원주시 단계동,경상사고,0,0,1,0,차대차 - 측면충돌,교차로운행방법위반,건조,맑음,교차로 - 교차로부근,화물,남,44세,상해없음,화물,남,53세,경상
2021060100100062,2021년 6월 1일 07시,화요일,강원도 춘천시 조양동,경상사고,0,0,2,0,차대차 - 추돌,안전거리미확보,건조,맑음,단일로 - 기타,승용,남,22세,상해없음,승용,남,33세,경상
2021060100100096,2021년 6월 1일 08시,화요일,강원도 원주시 소초면,경상사고,0,0,1,0,차대차 - 측면충돌,안전거리미확보,건조,맑음,교차로 - 교차로부근,승용,남,21세,상해없음,승용,남,30세,경상
2021060100100097,2021년 6월 1일 08시,화요일,강원도 철원군 서면,사망사고,1,0,0,0,차량단독 - 도로외이탈 - 추락,안전운전불이행,젖음/습기,비,단일로 - 기타,승용,남,46세,사망,,,,
2021060100100187,2021년 6월 1일 11시,화요일,강원도 춘천시 후평동,중상사고,0,1,0,0,차대사람 - 횡단중,안전운전불이행,건조,맑음,단일로 - 기타,승용,남,72세,상해없음,보행자,여,81세,중상
2021060100100188,2021년 6월 1일 11시,화요일,강원도 원주시 단계동,경상사고,0,0,1,0,차대차 - 측면충돌,교차로운행방법위반,건조,맑음,교차로 - 교차로안,화물,여,60세,상해없음,승용,남,37세,경상
2021060100100220,2021년 6월 1일 12시,화요일,강원도 춘천시 후평동,부상신고사고,0,0,0,1,차대차 - 기타,기타,건조,맑음,단일로 - 기타,승용,여,60세,상해없음,승용,여,40세,상해없음
2021060100100221,2021년 6월 1일 12시,화요일,강원도 홍천군 서석면,사망사고,1,0,0,0,차량단독 - 도로외이탈 - 기타,안전운전불이행,건조,맑음,단일로 - 기타,이륜,남,77세,사망,,,,
2021060100100222,2021년 6월 1일 12시,화요일,강원도 동해시 대구동,경상사고,0,0,2,0,차대차 - 정면충돌,안전운전불이행,건조,맑음,단일로 - 기타,화물,여,62세,상해없음,화물,남,62세,상해없음