사고번호,사고일시,요일,시군구,사고내용,사망자수,중상자수,경상자수,부상신고자수,사고유형,법규위반,노면상태,기상상태,도로형태,가해운전자 차종,가해운전자 성별,가해운전자 연령,가해운전자 상해정도,피해운전자 차종,피해운전자 성별,피해운전자 연령,피해운전자 상해정도
2021060100100262,2021년 6월 1일 13시,화요일,강원도 원주시 관설동,경상사고,0,0,1,0,차대차 - 정면충돌,직진우회전진행방해,건조,맑음,교차로 - 교차로안,승용,여,43세,상해없음,승용,남,26세,경상
2021060100100263,2021년 6월 1일 13시,화요일,강원도 원주시 관설동,경상사고,0,0,1,0,차대차 - 추돌,안전운전불이행,건조,맑음,단일로 - 기타,승용,여,25세,상해없음,이륜,남,80세,경상
2021060100100301,2021년 6월 1일 14시,화요일,강원도 춘천시 후평동,경상사고,0,0,2,0,차대차 - 추돌,안전거리미확보,건조,맑음,단일로 - 기타,승용,여,56세,상해없음,승용,남,42세,경상
2021060100100302,2021년 6월 1일 14시,화요일,강원도 춘천시 신동면,경상사고,0,0,1,0,차대차 - 추돌,안전거리미확보,건조,맑음,단일로 - 기타,건설기계,남,67세,상해없음,승용,여,52세,경상
2021060100100303,2021년 6월 1일 14시,화요일,강원도 원주시 단계동,경상사고,0,0,1,0,차대차 - 추돌,안전운전불이행,건조,맑음,교차로 - 교차로부근,화물,남,63세,상해없음,승용,여,41세,경상
2021060100100304,2021년 6월 1일 14시,화요일,강원도 평창군 대관령면,경상사고,0,0,1,3,차대차 - 기타,기타,건조,맑음,단일로 - 기타,화물,남,53세,상해없음,승용,남,49세,부상신고
2021060100100336,2021년 6월 1일 15시,화요일,강원도 철원군 갈말읍,경상사고,0,0,1,0,차대차 - 측면충돌,신호위반,건조,맑음,교차로 - 교차로안,승용,여,65세,상해없음,승용,여,42세,경상
2021060100100337,2021년 6월 1일 15시,화요일,강원도 동해시 부곡동,중상사고,0,1,0,0,차대차 - 측면충돌,안전운전불이행,건조,맑음,교차로 - 교차로부근,승용,여,43세,상해없음,이륜,남,62세,중상
2021060100100380,2021년 6월 1일 16시,화요일,강원도 강릉시 교동,경상사고,0,0,2,0,차대차 - 기타,안전운전불이행,건조,맑음,단일로 - 기타,승용,여,63세,상해없음,승용,여,35세,경상
2021060100100475,2021년 6월 1일 18시,화요일,강원도 춘천시 신동면,경상사고,0,0,2,0,차대차 - 측면충돌,신호위반,건조,맑음,교차로 - 교차로안,승용,남,60세,경상,승용,남,39세,경상
2021060100100476,2021년 6월 1일 18시,화요일,강원도 춘천시 남산면,경상사고,0,0,2,0,차대차 - 측면충돌,교차로운행방법위반,건조,맑음,교차로 - 교차로안,승용,남,36세,상해없음,승용,남,62세,경상
2021060100100477,2021년 6월 1일 18시,화요일,강원도 춘천시 석사동,경상사고,0,0,2,2,차대차 - 기타,교차로운행방법위반,건조,맑음,교차로 - 교차로안,승용,남,47세,부상신고,승용,여,51세,경상
2021060100100517,2021년 6월 1일 19시,화요일,강원도 춘천시 동내면,경상사고,0,0,2,0,차대차 - 기타,안전운전불이행,건조,맑음,단일로 - 기타,승용,남,24세,상해없음,승용,여,62세,경상
2021060100100544,2021년 6월 1일 20시,화요일,강원도 춘천시 효자동,경상사고,0,0,1,0,차대차 - 측면충돌,안전거리미확보,건조,맑음,교차로 - 교차로부근,이륜,남,54세,상해없음,이륜,남,64세,경상
2021060100100574,2021년 6월 1일 21시,화요일,강원도 홍천군 영귀미면,중상사고,0,1,1,0,차대차 - 추돌,안전운전불이행,건조,맑음,단일로 - 기타,화물,남,42세,상해없음,승용,여,61세,경상
2021060200100053,2021년 6월 2일 07시,수요일,강원도 춘천시 신동면,경상사고,0,0,1,0,차대차 - 기타,차로위반,건조,맑음,단일로 - 기타,승용,여,20세,상해없음,승용,남,51세,경상
2021060200100085,2021년 6월 2일 08시,수요일,강원도 춘천시 근화동,중상사고,0,1,0,0,차대사람 - 횡단중,보행자보호의무위반,건조,맑음,교차로 - 교차로부근,승용,여,34세,상해없음,보행자,여,14세,중상
2021060200100086,2021년 6월 2일 08시,수요일,강원도 원주시 귀래면,중상사고,0,1,0,0,차대차 - 기타,안전운전불이행,건조,맑음,단일로 - 기타,건설기계,남,50세,상해없음,건설기계,남,38세,중상
2021060200100154,2021년 6월 2일 10시,수요일,강원도 강릉시 송정동,중상사고,0,2,0,0,차대차 - 후진중충돌,안전운전불이행,건조,맑음,교차로 - 교차로부근,승용,남,66세,상해없음,승용,여,25세,중상
2021060200100155,2021년 6월 2일 10시,수요일,강원도 원주시 중앙동,경상사고,0,0,1,0,차대차 - 기타,안전운전불이행,건조,맑음,교차로 - 교차로부근,화물,남,53세,상해없음,승용,남,37세,경상
2021060200100156,2021년 6월 2일 10시,수요일,강원도 원주시 판부면,경상사고,0,0,1,0,차대차 - 측면충돌,직진우회전진행방해,건조,맑음,교차로 - 교차로안,이륜,남,24세,상해없음,승용,남,76세,경상
2021060200100184,2021년 6월 2일 11시,수요일,강원도 원주시 평원동,경상사고,0,0,1,0,차대사람 - 기타,안전운전불이행,건조,맑음,주차장 - 주차장,기타불명,기타불명,미분류,기타불명,보행자,여,80세,경상
2021060200100328,2021년 6월 2일 15시,수요일,강원도 양구군 양구읍,경상사고,0,0,1,0,차대사람 - 기타,안전운전불이행,기타,맑음,교차로 - 교차로부근,승용,여,31세,상해없음,보행자,여,9세,경상
2021060200100361,2021년 6월 2일 16시,수요일,강원도 춘천시 신북읍,중상사고,0,1,0,0,차량단독 - 기타,안전운전불이행,건조,맑음,단일로 - 기타,자전거,남,37세,중상,,,,
2021060200100470,2021년 6월 2일 18시,수요일,강원도 춘천시 중앙로2가,부상신고사고,0,0,0,1,차대사람 - 차도통행중,안전운전불이행,건조,맑음,단일로 - 기타,승용,남,28세,상해없음,보행자,남,75세,부상신고
2021060200100471,2021년 6월 2일 18시,수요일,강원도 원주시 단계동,경상사고,0,0,2,0,차대차 - 추돌,안전운전불이행,건조,맑음,교차로 - 교차로부근,화물,남,59세,상해없음,승용,여,49세,경상
2021060200100543,2021년 6월 2일 20시,수요일,강원도 춘천시 동내면,경상사고,0,0,1,0,차대차 - 측면충돌,신호위반,건조,맑음,교차로 - 교차로부근,이륜,남,44세,상해없음,승용,남,26세,경상
2021060200100565,2021년 6월 2일 21시,수요일,강원도 원주시 단계동,경상사고,0,0,1,1,차대차 - 추돌,직진우회전진행방해,건조,맑음,교차로 - 교차로안,개인형이동수단(PM),남,52세,부상신고,승용,여,62세,경상
2021060200100566,2021년 6월 2일 21시,수요일,강원도 양양군 서면,경상사고,0,0,1,0,차량단독 - 도로외이탈 - 추락,안전운전불이행,건조,맑음,단일로 - 기타,승용,남,15세,상해없음,,,,
2021060200100598,2021년 6월 2일 22시,수요일,강원도 춘천시 효자동,중상사고,0,2,0,0,차대차 - 측면충돌,중앙선침범,건조,맑음,단일로 - 기타,승용,남,65세,상해없음,원동기,남,19세,중상
2021060300100015,2021년 6월 3일 01시,목요일,강원도 원주시 명륜동,경상사고,0,0,1,0,차대사람 - 기타,안전운전불이행,건조,맑음,단일로 - 기타,개인형이동수단(PM),남,19세,상해없음,보행자,남,50세,경상
2021060300100065,2021년 6월 3일 07시,목요일,강원도 춘천시 동산면,중상사고,0,1,0,0,차대차 - 정면충돌,중앙선침범,건조,맑음,단일로 - 기타,승용,남,43세,상해없음,승용,남,69세,중상
2021060300100208,2021년 6월 3일 12시,목요일,강원도 원주시 일산동,경상사고,0,0,1,0,차대차 - 측면충돌,안전운전불이행,건조,맑음,단일로 - 기타,승용,남,40세,상해없음,이륜,남,35세,경상
2021060300100209,2021년 6월 3일 12시,목요일,강원도 속초시 교동,경상사고,0,0,1,0,차대차 - 추돌,안전운전불이행,건조,맑음,교차로 - 교차로부근,화물,남,58세,상해없음,승용,남,27세,경상
2021060300100210,2021년 6월 3일 12시,목요일,강원도 화천군 상서면,경상사고,0,0,1,0,차대차 - 측면충돌,중앙선침범,건조,맑음,단일로 - 기타,건설기계,남,49세,상해없음,화물,남,23세,경상
2021060300100211,2021년 6월 3일 12시,목요일,강원도 인제군 인제읍,경상사고,0,0,1,0,차대차 - 측면충돌,안전운전불이행,건조,맑음,교차로 - 교차로안,승용,남,37세,상해없음,승용,남,35세,경상
2021060300100239,2021년 6월 3일 13시,목요일,강원도 속초시 청학동,경상사고,0,0,1,0,차대차 - 후진중충돌,안전운전불이행,건조,맑음,단일로 - 지하차도(도로)내,승용,남,69세,상해없음,승용,남,73세,경상
2021060300100240,2021년 6월 3일 13시,목요일,강원도 영월군 상동읍,경상사고,0,0,1,0,차대차 - 후진중충돌,교차로운행방법위반,젖음/습기,맑음,교차로 - 교차로안,승용,여,68세,상해없음,승용,여,52세,경상
2021060300100241,2021년 6월 3일 13시,목요일,강원도 홍천군 내면,경상사고,0,0,2,0,차대차 - 측면충돌,직진우회전진행방해,건조,맑음,교차로 - 교차로안,농기계,남,58세,상해없음,승용,남,73세,경상
2021060300100275,2021년 6월 3일 14시,목요일,강원도 속초시 교동,경상사고,0,0,1,0,차대차 - 측면충돌,신호위반,건조,맑음,교차로 - 교차로안,승용,여,58세,상해없음,승용,여,25세,경상
2021060300100297,2021년 6월 3일 15시,목요일,강원도 원주시 단계동,중상사고,0,2,0,0,차대차 - 측면충돌,신호위반,젖음/습기,비,교차로 - 교차로안,승합,남,25세,상해없음,승용,남,75세,중상
2021060300100298,2021년 6월 3일 15시,목요일,강원도 영월군 영월읍,중상사고,0,1,0,0,차대차 - 정면충돌,중앙선침범,젖음/습기,비,단일로 - 기타,승용,남,64세,상해없음,화물,남,62세,중상
2021060300100299,2021년 6월 3일 15시,목요일,강원도 횡성군 횡성읍,경상사고,0,0,1,0,차대사람 - 횡단중,교차로운행방법위반,젖음/습기,비,교차로 - 교차로안,화물,남,65세,상해없음,보행자,남,29세,경상
2021060300100326,2021년 6월 3일 16시,목요일,강원도 속초시 조양동,경상사고,0,0,2,0,차대차 - 측면충돌,안전운전불이행,건조,맑음,교차로 - 교차로안,승용,여,26세,상해없음,승용,남,55세,경상
2021060300100327,2021년 6월 3일 16시,목요일,강원도 영월군 영월읍,중상사고,0,2,0,0,차대차 - 측면충돌,교차로운행방법위반,건조,맑음,교차로 - 교차로안,화물,남,52세,상해없음,승용,여,35세,중상
2021060300100328,2021년 6월 3일 16시,목요일,강원도 인제군 인제읍,경상사고,0,0,1,0,차대차 - 측면충돌,안전운전불이행,젖음/습기,비,교차로 - 교차로부근,화물,남,63세,상해없음,자전거,남,9세,경상
2021060300100363,2021년 6월 3일 17시,목요일,강원도 속초시 청학동,중상사고,0,1,0,0,차대사람 - 길가장자리구역통행중,안전운전불이행,젖음/습기,비,교차로 - 교차로부근,승용,남,61세,상해없음,보행자,남,48세,중상
2021060300100364,2021년 6월 3일 17시,목요일,강원도 홍천군 홍천읍,경상사고,0,0,1,0,차대사람 - 보도통행중,보행자보호의무위반,젖음/습기,비,교차로 - 교차로안,승용,남,70세,상해없음,보행자,남,36세,경상
2021060300100365,2021년 6월 3일 17시,목요일,강원도 평창군 대화면,경상사고,0,0,3,0,차대차 - 측면충돌,교차로운행방법위반,젖음/습기,비,교차로 - 교차로안,승용,남,65세,경상,화물,남,61세,경상
2021060300100404,2021년 6월 3일 18시,목요일,강원도 원주시 흥업면,경상사고,0,0,1,0,차량단독 - 기타,안전운전불이행,젖음/습기,비,단일로 - 기타,화물,남,55세,상해없음,,,,
2021060300100405,2021년 6월 3일 18시,목요일,강원도 철원군 갈말읍,경상사고,0,0,3,0,차대차 - 측면충돌,안전운전불이행,젖음/습기,비,교차로 - 교차로안,승용,남,68세,경상,승용,여,59세,경상
2021060300100457,2021년 6월 3일 19시,목요일,강원도 인제군 인제읍,경상사고,0,0,1,0,차대차 - 측면충돌,안전운전불이행,젖음/습기,비,교차로 - 교차로안,승용,여,37세,상해없음,승용,남,26세,경상
2021060300100499,2021년 6월 3일 20시,목요일,강원도 춘천시 교동,중상사고,0,1,0,0,차대사람 - 보도통행중,보행자보호의무위반,젖음/습기,비,교차로 - 교차로횡단보도내,이륜,남,58세,상해없음,보행자,여,54세,중상
2021060400100044,2021년 6월 4일 06시,금요일,강원도 영월군 영월읍,중상사고,0,1,0,0,차대차 - 측면충돌,교차로운행방법위반,젖음/습기,흐림,교차로 - 교차로안,승합,남,61세,상해없음,승용,남,59세,중상
2021060400100045,2021년 6월 4일 06시,금요일,강원도 홍천군 홍천읍,경상사고,0,0,2,0,차대차 - 측면충돌,안전운전불이행,건조,맑음,주차장 - 주차장,승용,남,52세,경상,승용,여,60세,경상
2021060400100046,2021년 6월 4일 06시,금요일,강원도 평창군 진부면,중상사고,0,2,3,1,차대차 - 측면충돌,신호위반,건조,맑음,교차로 - 교차로안,화물,남,56세,부상신고,승용,남,61세,중상
2021060400100096,2021년 6월 4일 08시,금요일,강원도 속초시 노학동,중상사고,0,1,0,0,차대차 - 추돌,안전운전불이행,건조,맑음,단일로 - 기타,승용,남,53세,상해없음,승용,여,25세,중상
2021060400100097,2021년 6월 4일 08시,금요일,강원도 영월군 영월읍,중상사고,0,1,2,0,차대차 - 측면충돌,교차로운행방법위반,건조,맑음,교차로 - 교차로안,승용,여,80세,상해없음,승용,남,42세,경상
2021060400100131,2021년 6월 4일 09시,금요일,강원도 원주시 인동,중상사고,0,1,0,0,차대사람 - 기타,직진우회전진행방해,건조,맑음,교차로 - 교차로안,승합,남,79세,상해없음,보행자,남,80세,중상
2021060400100162,2021년 6월 4일 10시,금요일,강원도 춘천시 남산면,경상사고,0,0,1,0,차대차 - 추돌,안전운전불이행,건조,맑음,단일로 - 기타,승용,여,41세,상해없음,화물,남,39세,경상
2021060400100163,2021년 6월 4일 10시,금요일,강원도 춘천시 동산면,경상사고,0,0,1,0,차대차 - 기타,중앙선침범,건조,맑음,교차로 - 교차로부근,승용,남,43세,상해없음,승용,여,57세,경상
2021060400100199,2021년 6월 4일 11시,금요일,강원도 원주시 인동,경상사고,0,0,1,0,차대차 - 기타,교차로운행방법위반,건조,맑음,교차로 - 교차로안,승용,남,62세,상해없음,승용,남,43세,경상
2021060400100262,2021년 6월 4일 13시,금요일,강원도 춘천시 약사동,부상신고사고,0,0,0,1,차대차 - 측면충돌,안전운전불이행,건조,맑음,단일로 - 기타,승용,남,67세,상해없음,건설기계,남,51세,상해없음
2021060400100302,2021년 6월 4일 14시,금요일,강원도 속초시 동명동,중상사고,0,1,0,0,차대차 - 측면충돌,직진우회전진행방해,건조,맑음,교차로 - 교차로안,승용,여,36세,상해없음,자전거,남,78세,중상
2021060400100303,2021년 6월 4일 14시,금요일,강원도 정선군 고한읍,경상사고,0,0,2,0,차대차 - 추돌,안전운전불이행,건조,맑음,단일로 - 기타,건설기계,남,45세,상해없음,승용,여,46세,경상
2021060400100456,2021년 6월 4일 17시,금요일,강원도 춘천시 후평동,경상사고,0,0,1,0,차대차 - 측면충돌,신호위반,건조,맑음,교차로 - 교차로안,승용,남,49세,상해없음,승용,남,62세,경상
2021060400100457,2021년 6월 4일 17시,금요일,강원도 철원군 동송읍,경상사고,0,0,1,0,차대차 - 측면충돌,신호위반,건조,맑음,교차로 - 교차로안,승용,여,31세,상해없음,승용,남,32세,상해없음
2021060400100517,2021년 6월 4일 18시,금요일,강원도 인제군 인제읍,중상사고,0,1,0,0,차대차 - 측면충돌,안전운전불이행,건조,맑음,교차로 - 교차로부근,승용,여,68세,상해없음,승용,여,43세,중상
2021060400100567,2021년 6월 4일 19시,금요일,강원도 원주시 인동,경상사고,0,0,1,0,차대차 - 기타,안전운전불이행,건조,맑음,교차로 - 교차로부근,승용,여,29세,상해없음,승용,여,30세,경상
2021060400100568,2021년 6월 4일 19시,금요일,강원도 속초시 교동,중상사고,0,1,1,0,차대차 - 측면충돌,안전운전불이행,건조,맑음,교차로 - 교차로부근,승용,여,32세,상해없음,승용,남,40세,중상
2021060400100595,2021년 6월 4일 20시,금요일,강원도 춘천시 석사동,경상사고,0,0,1,0,차대차 - 기타,안전거리미확보,건조,맑음,단일로 - 기타,이륜,남,47세,상해없음,승용,남,57세,경상
2021060400100596,2021년 6월 4일 20시,금요일,강원도 강릉시 교동,중상사고,0,1,0,0,차대사람 - 횡단중,안전운전불이행,건조,맑음,교차로 - 교차로부근,이륜,남,38세,상해없음,보행자,여,60세,중상
2021060400100658,2021년 6월 4일 22시,금요일,강원도 고성군 토성면,중상사고,0,2,2,0,차대차 - 추돌,안전운전불이행,건조,맑음,단일로 - 터널,승용,남,36세,상해없음,승용,남,46세,중상
2021060500100006,2021년 6월 5일 00시,토요일,강원도 인제군 인제읍,부상신고사고,0,0,0,2,차대차 - 정면충돌,중앙선침범,건조,맑음,단일로 - 고가도로위,승용,남,47세,상해없음,승용,남,41세,부상신고
2021060500100051,2021년 6월 5일 05시,토요일,강원도 원주시 무실동,경상사고,0,0,1,0,차대차 - 정면충돌,신호위반,건조,맑음,교차로 - 교차로안,승용,남,51세,상해없음,승용,남,68세,경상
2021060500100080,2021년 6월 5일 08시,토요일,강원도 인제군 인제읍,중상사고,0,1,0,0,차대차 - 정면충돌,중앙선침범,건조,맑음,단일로 - 기타,승용,여,66세,상해없음,승용,남,41세,중상
2021060500100101,2021년 6월 5일 09시,토요일,강원도 강릉시 옥계면,경상사고,0,0,1,0,차대차 - 측면충돌,안전운전불이행,건조,맑음,단일로 - 기타,승용,남,52세,상해없음,승용,남,61세,경상
2021060500100180,2021년 6월 5일 11시,토요일,강원도 강릉시 옥계면,중상사고,0,3,4,0,차대차 - 기타,중앙선침범,건조,맑음,기타 - 기타,승용,남,52세,상해없음,승용,남,43세,경상
2021060500100181,2021년 6월 5일 11시,토요일,강원도 동해시 발한동,중상사고,0,2,2,0,차량단독 - 공작물충돌,안전운전불이행,건조,맑음,교차로 - 교차로부근,승합,남,60세,상해없음,,,,
2021060500100232,2021년 6월 5일 12시,토요일,강원도 원주시 우산동,중상사고,0,2,0,0,차대차 - 측면충돌,안전운전불이행,건조,맑음,교차로 - 교차로부근,자전거,남,13세,중상,승용,남,28세,중상
2021060500100233,2021년 6월 5일 12시,토요일,강원도 속초시 조양동,경상사고,0,0,2,0,차대차 - 측면충돌,안전운전불이행,건조,맑음,단일로 - 기타,승용,남,77세,상해없음,승용,남,30세,경상
2021060500100286,2021년 6월 5일 13시,토요일,강원도 원주시 평원동,경상사고,0,0,2,0,차대차 - 측면충돌,기타,건조,맑음,단일로 - 기타,승용,남,31세,상해없음,승용,남,26세,경상
2021060500100287,2021년 6월 5일 13시,토요일,강원도 횡성군 우천면,경상사고,0,0,1,0,차대차 - 후진중충돌,안전운전불이행,건조,맑음,단일로 - 기타,화물,남,50세,상해없음,승용,남,68세,경상
2021060500100288,2021년 6월 5일 13시,토요일,강원도 동해시 천곡동,경상사고,0,0,1,0,차대차 - 측면충돌,교차로운행방법위반,건조,맑음,교차로 - 교차로안,승용,남,58세,기타불명,승용,여,43세,경상
2021060500100289,2021년 6월 5일 13시,토요일,강원도 동해시 망상동,경상사고,0,0,2,0,차대차 - 기타,안전운전불이행,건조,맑음,단일로 - 기타,승용,남,57세,상해없음,승용,남,28세,경상
2021060500100333,2021년 6월 5일 14시,토요일,강원도 춘천시 사북면,경상사고,0,0,1,0,차대차 - 측면충돌,중앙선침범,건조,맑음,단일로 - 기타,승용,남,61세,상해없음,승용,남,66세,경상
2021060500100334,2021년 6월 5일 14시,토요일,강원도 속초시 청호동,중상사고,0,1,0,0,차대사람 - 차도통행중,안전운전불이행,건조,맑음,단일로 - 기타,승용,남,51세,상해없음,보행자,여,70세,중상
2021060500100380,2021년 6월 5일 15시,토요일,강원도 춘천시 후평동,경상사고,0,0,1,0,차대사람 - 기타,안전운전불이행,건조,맑음,단일로 - 기타,승용,여,43세,상해없음,보행자,남,7세,경상
2021060500100381,2021년 6월 5일 15시,토요일,강원도 강릉시 포남동,경상사고,0,0,1,0,차대차 - 기타,안전운전불이행,건조,맑음,교차로 - 교차로안,승용,남,26세,상해없음,이륜,남,21세,경상
2021060500100419,2021년 6월 5일 16시,토요일,강원도 춘천시 효자동,중상사고,0,1,0,0,차대차 - 측면충돌,교차로운행방법위반,건조,맑음,교차로 - 교차로안,승용,남,62세,상해없음,이륜,남,23세,중상
2021060500100420,2021년 6월 5일 16시,토요일,강원도 춘천시 효자동,경상사고,0,0,2,0,차대차 - 측면충돌,교차로운행방법위반,건조,맑음,교차로 - 교차로안,승용,남,34세,경상,승용,남,29세,경상
2021060500100421,2021년 6월 5일 16시,토요일,강원도 정선군 남면,경상사고,0,0,2,0,차대차 - 기타,중앙선침범,건조,맑음,단일로 - 기타,승용,여,65세,기타불명,승용,남,61세,경상
2021060500100457,2021년 6월 5일 17시,토요일,강원도 속초시 노학동,중상사고,0,1,0,0,차대차 - 추돌,안전거리미확보,건조,맑음,단일로 - 고가도로위,승용,남,36세,상해없음,승용,여,58세,중상
2021060500100517,2021년 6월 5일 19시,토요일,강원도 횡성군 안흥면,중상사고,0,1,3,0,차대차 - 기타,안전운전불이행,건조,맑음,단일로 - 기타,승용,남,68세,중상,승용,여,67세,경상
2021060500100565,2021년 6월 5일 21시,토요일,강원도 원주시 단계동,부상신고사고,0,0,0,1,차대사람 - 기타,안전운전불이행,건조,맑음,단일로 - 기타,승용,남,53세,상해없음,보행자,남,32세,부상신고
2021060500100609,2021년 6월 5일 23시,토요일,강원도 강릉시 저동,경상사고,0,0,1,0,차대차 - 기타,안전운전불이행,건조,맑음,단일로 - 기타,승용,남,45세,상해없음,이륜,남,34세,경상
2021060600100064,2021년 6월 6일 08시,일요일,강원도 태백시 통동,사망사고,1,0,0,0,차량단독 - 공작물충돌,안전운전불이행,건조,맑음,단일로 - 기타,화물,남,56세,사망,,,,
2021060600100087,2021년 6월 6일 10시,일요일,강원도 평창군 대관령면,경상사고,0,0,2,1,차대차 - 측면충돌,신호위반,건조,맑음,교차로 - 교차로안,승용,남,74세,경상,승용,남,72세,부상신고
2021060600100163,2021년 6월 6일 13시,일요일,강원도 속초시 청호동,중상사고,0,1,0,0,차대사람 - 횡단중,안전운전불이행,건조,맑음,단일로 - 기타,자전거,여,34세,기타불명,보행자,여,36세,중상
2021060600100193,2021년 6월 6일 14시,일요일,강원도 원주시 관설동,경상사고,0,0,1,0,차대사람 - 기타,안전운전불이행,건조,맑음,주차장 - 주차장,승용,남,55세,상해없음,보행자,남,62세,경상
2021060600100194,2021년 6월 6일 14시,일요일,강원도 양양군 현북면,경상사고,0,0,1,0,차대사람 - 차도통행중,안전운전불이행,건조,맑음,단일로 - 기타,승용,남,30세,상해없음,보행자,남,5세,경상
2021060600100195,2021년 6월 6일 14시,일요일,강원도 태백시 황지동,경상사고,0,0,4,0,차대차 - 측면충돌,안전운전불이행,건조,맑음,교차로 - 교차로안,승용,여,57세,상해없음,승용,남,43세,경상
2021060600100196,2021년 6월 6일 14시,일요일,강원도 동해시 북평동,경상사고,0,0,1,0,차대차 - 측면충돌,안전운전불이행,건조,맑음,단일로 - 기타,승용,남,73세,상해없음,화물,남,55세,상해없음
2021060600100222,2021년 6월 6일 15시,일요일,강원도 춘천시 석사동,경상사고,0,0,1,0,차대차 - 추돌,안전거리미확보,건조,맑음,단일로 - 기타,이륜,남,64세,상해없음,승용,남,51세,경상
2021060600100223,2021년 6월 6일 15시,일요일,강원도 강릉시 교동,경상사고,0,0,1,0,차대차 - 추돌,안전운전불이행,건조,맑음,단일로 - 기타,화물,남,44세,상해없음,승용,여,59세,경상
2021060600100261,2021년 6월 6일 16시,일요일,강원도 춘천시 동내면,경상사고,0,0,4,0,차대차 - 측면충돌,차로위반,건조,맑음,단일로 - 기타,승용,여,63세,상해없음,승용,남,48세,경상
2021060600100262,2021년 6월 6일 16시,일요일,강원도 원주시 단구동,경상사고,0,0,2,0,차대차 - 측면충돌,안전운전불이행,건조,맑음,교차로 - 교차로부근,승용,남,49세,상해없음,승용,남,26세,경상
2021060600100263,2021년 6월 6일 16시,일요일,강원도 삼척시 근덕면,중상사고,0,1,2,0,차대차 - 측면충돌,안전운전불이행,건조,맑음,교차로 - 교차로안,승용,남,68세,경상,승용,남,73세,경상
2021060600100363,2021년 6월 6일 19시,일요일,강원도 강릉시 교동,중상사고,0,1,0,0,차대차 - 측면충돌,안전운전불이행,건조,맑음,교차로 - 교차로안,승용,남,31세,상해없음,이륜,남,17세,중상
2021060600100364,2021년 6월 6일 19시,일요일,강원도 속초시 동명동,경상사고,0,0,1,0,차대차 - 정면충돌,신호위반,건조,맑음,교차로 - 교차로안,이륜,남,48세,상해없음,승용,남,65세,경상
2021060600100429,2021년 6월 6일 22시,일요일,강원도 평창군 용평면,중상사고,0,1,1,0,차대차 - 기타,안전거리미확보,건조,맑음,기타 - 기타,화물,남,44세,기타불명,승용,남,61세,중상
2021060700100034,2021년 6월 7일 07시,월요일,강원도 춘천시 근화동,경상사고,0,0,1,0,차대차 - 후진중충돌,안전운전불이행,젖음/습기,맑음,단일로 - 기타,승합,남,74세,상해없음,승용,여,54세,경상
2021060700100066,2021년 6월 7일 08시,월요일,강원도 삼척시 남양동,중상사고,0,1,1,0,차대차 - 추돌,안전운전불이행,기타,맑음,기타 - 기타,승용,남,50세,상해없음,화물,남,71세,경상
2021060700100131,2021년 6월 7일 10시,월요일,강원도 속초시 조양동,중상사고,0,1,0,0,차대사람 - 보도통행중,안전운전불이행,건조,맑음,단일로 - 기타,승용,남,78세,상해없음,보행자,남,79세,중상
2021060700100132,2021년 6월 7일 10시,월요일,강원도 영월군 주천면,경상사고,0,0,1,0,차대사람 - 기타,기타,건조,맑음,단일로 - 기타,승합,남,42세,상해없음,보행자,여,76세,경상
2021060700100171,2021년 6월 7일 11시,월요일,강원도 춘천시 신북읍,경상사고,0,0,1,0,차대차 - 기타,안전운전불이행,건조,맑음,단일로 - 기타,농기계,남,85세,상해없음,승합,남,40세,경상
2021060700100172,2021년 6월 7일 11시,월요일,강원도 강릉시 옥천동,중상사고,0,1,0,0,차대사람 - 횡단중,신호위반,건조,맑음,기타 - 기타,화물,남,68세,상해없음,보행자,남,28세,중상
2021060700100173,2021년 6월 7일 11시,월요일,강원도 속초시 조양동,경상사고,0,0,1,0,차대차 - 측면충돌,안전운전불이행,건조,맑음,교차로 - 교차로안,이륜,남,76세,상해없음,승용,여,41세,경상
2021060700100313,2021년 6월 7일 15시,월요일,강원도 원주시 관설동,경상사고,0,0,1,0,차대차 - 측면충돌,신호위반,건조,맑음,교차로 - 교차로부근,승용,남,76세,기타불명,승용,여,49세,경상
2021060700100314,2021년 6월 7일 15시,월요일,강원도 철원군 김화읍,경상사고,0,0,1,0,차대차 - 측면충돌,신호위반,건조,흐림,교차로 - 교차로안,이륜,남,76세,경상,승용,남,37세,상해없음
2021060700100358,2021년 6월 7일 16시,월요일,강원도 춘천시 퇴계동,경상사고,0,0,1,0,차대차 - 기타,교차로운행방법위반,건조,맑음,교차로 - 교차로부근,승합,남,49세,상해없음,승용,남,46세,경상
2021060700100359,2021년 6월 7일 16시,월요일,강원도 춘천시 후평동,경상사고,0,0,2,0,차대차 - 정면충돌,안전운전불이행,건조,맑음,교차로 - 교차로안,승용,남,66세,상해없음,승용,남,39세,경상
2021060700100360,2021년 6월 7일 16시,월요일,강원도 속초시 교동,경상사고,0,0,1,0,차대사람 - 횡단중,안전운전불이행,건조,맑음,교차로 - 교차로횡단보도내,승용,여,38세,상해없음,보행자,남,44세,경상
2021060700100361,2021년 6월 7일 16시,월요일,강원도 홍천군 홍천읍,경상사고,0,0,1,0,차대차 - 측면충돌,교차로운행방법위반,건조,맑음,교차로 - 교차로안,승용,남,55세,상해없음,승용,여,70세,경상
2021060700100408,2021년 6월 7일 17시,월요일,강원도 춘천시 남산면,중상사고,0,1,0,1,차량단독 - 공작물충돌,안전운전불이행,건조,맑음,단일로 - 기타,사륜오토바이(ATV),여,49세,중상,,,,
2021060700100409,2021년 6월 7일 17시,월요일,강원도 원주시 원동,경상사고,0,0,1,0,차대사람 - 기타,보행자보호의무위반,건조,맑음,단일로 - 기타,승용,여,54세,기타불명,보행자,남,54세,경상