사고번호,사고일시,요일,시군구,사고내용,사망자수,중상자수,경상자수,부상신고자수,사고유형,법규위반,노면상태,기상상태,도로형태,가해운전자 차종,가해운전자 성별,가해운전자 연령,가해운전자 상해정도,피해운전자 차종,피해운전자 성별,피해운전자 연령,피해운전자 상해정도
2021062000100183,2021년 6월 20일 13시,일요일,강원도 고성군 죽왕면,경상사고,0,0,1,0,차대차 - 측면충돌,안전운전불이행,건조,맑음,교차로 - 교차로안,승합,여,67세,상해없음,승용,남,43세,경상
2021062000100235,2021년 6월 20일 14시,일요일,강원도 동해시 묵호진동,중상사고,0,1,0,0,차대차 - 측면충돌,안전운전불이행,건조,맑음,단일로 - 기타,승용,남,35세,상해없음,자전거,남,39세,중상
2021062000100271,2021년 6월 20일 15시,일요일,강원도 춘천시 온의동,경상사고,0,0,2,0,차대차 - 측면충돌,안전운전불이행,건조,맑음,교차로 - 교차로안,승용,남,61세,경상,승용,남,42세,경상
2021062000100272,2021년 6월 20일 15시,일요일,강원도 원주시 관설동,경상사고,0,0,1,0,차대차 - 기타,안전거리미확보,건조,맑음,교차로 - 교차로안,승용,남,78세,상해없음,승용,남,28세,경상
2021062000100308,2021년 6월 20일 16시,일요일,강원도 속초시 조양동,중상사고,0,2,0,0,차대차 - 측면충돌,중앙선침범,건조,맑음,교차로 - 교차로안,승용,여,38세,상해없음,승용,남,61세,중상
2021062000100309,2021년 6월 20일 16시,일요일,강원도 고성군 죽왕면,경상사고,0,0,1,0,차대사람 - 기타,안전운전불이행,건조,맑음,단일로 - 기타,승용,여,30세,상해없음,보행자,여,47세,경상
2021062000100335,2021년 6월 20일 17시,일요일,강원도 원주시 단구동,경상사고,0,0,1,0,차대차 - 측면충돌,중앙선침범,건조,맑음,단일로 - 기타,화물,남,44세,상해없음,승용,남,56세,경상
2021062000100336,2021년 6월 20일 17시,일요일,강원도 원주시 단계동,중상사고,0,1,0,0,차대차 - 측면충돌,신호위반,건조,맑음,교차로 - 교차로안,승용,여,44세,상해없음,자전거,남,46세,중상
2021062000100337,2021년 6월 20일 17시,일요일,강원도 원주시 무실동,경상사고,0,0,1,0,차대차 - 추돌,안전운전불이행,건조,맑음,교차로 - 교차로안,승용,여,48세,상해없음,승용,남,75세,경상
2021062000100338,2021년 6월 20일 17시,일요일,강원도 영월군 남면,중상사고,0,1,0,0,차대차 - 추돌,기타,건조,맑음,단일로 - 기타,승용,남,23세,상해없음,승용,남,50세,중상
2021062000100339,2021년 6월 20일 17시,일요일,강원도 횡성군 둔내면,경상사고,0,0,1,1,차대차 - 추돌,안전운전불이행,건조,맑음,단일로 - 기타,승용,남,45세,상해없음,승용,남,30세,경상
2021062000100371,2021년 6월 20일 18시,일요일,강원도 강릉시 교동,경상사고,0,0,2,0,차대차 - 기타,신호위반,건조,맑음,교차로 - 교차로안,승용,남,68세,상해없음,승용,여,42세,경상
2021062000100372,2021년 6월 20일 18시,일요일,강원도 원주시 학성동,중상사고,0,1,0,0,차대차 - 추돌,안전거리미확보,건조,맑음,단일로 - 기타,승용,여,23세,상해없음,승용,여,59세,중상
2021062000100373,2021년 6월 20일 18시,일요일,강원도 홍천군 홍천읍,중상사고,0,1,0,0,차대차 - 추돌,차로위반,건조,맑음,단일로 - 지하차도(도로)내,승용,남,46세,상해없음,이륜,남,42세,중상
2021062000100455,2021년 6월 20일 21시,일요일,강원도 원주시 단계동,경상사고,0,0,1,0,차대차 - 측면충돌,안전운전불이행,건조,맑음,단일로 - 기타,승용,여,51세,상해없음,이륜,남,19세,경상
2021062000100456,2021년 6월 20일 21시,일요일,강원도 양양군 손양면,중상사고,0,1,0,0,차대사람 - 길가장자리구역통행중,안전운전불이행,건조,맑음,교차로 - 교차로부근,승용,남,67세,상해없음,보행자,남,46세,중상
2021062000100492,2021년 6월 20일 23시,일요일,강원도 강릉시 포남동,경상사고,0,0,1,0,차대차 - 기타,중앙선침범,건조,맑음,기타 - 기타,승용,남,58세,상해없음,승용,여,36세,경상
2021062100100009,2021년 6월 21일 00시,월요일,강원도 원주시 소초면,경상사고,0,0,2,0,차대차 - 측면충돌,중앙선침범,건조,맑음,단일로 - 기타,화물,남,64세,상해없음,승합,남,30세,경상
2021062100100058,2021년 6월 21일 07시,월요일,강원도 원주시 단구동,경상사고,0,0,1,0,차대차 - 측면충돌,안전운전불이행,건조,맑음,교차로 - 교차로부근,승용,여,64세,상해없음,자전거,남,60세,경상
2021062100100095,2021년 6월 21일 08시,월요일,강원도 원주시 태장동,경상사고,0,0,1,0,차대차 - 추돌,안전운전불이행,건조,맑음,교차로 - 교차로부근,승용,남,76세,상해없음,승용,여,31세,경상
2021062100100096,2021년 6월 21일 08시,월요일,강원도 고성군 간성읍,중상사고,0,1,0,0,차대차 - 측면충돌,안전운전불이행,건조,맑음,교차로 - 교차로안,승용,여,23세,상해없음,이륜,남,70세,중상
2021062100100133,2021년 6월 21일 09시,월요일,강원도 삼척시 원당동,경상사고,0,0,2,0,차대차 - 측면충돌,불법유턴,건조,맑음,교차로 - 교차로안,승용,여,54세,상해없음,승용,남,47세,경상
2021062100100171,2021년 6월 21일 10시,월요일,강원도 강릉시 죽헌동,경상사고,0,0,1,0,차대차 - 기타,안전운전불이행,건조,맑음,기타 - 기타,승용,남,66세,상해없음,승용,여,40세,경상
2021062100100213,2021년 6월 21일 11시,월요일,강원도 춘천시 우두동,경상사고,0,0,3,0,차대차 - 후진중충돌,안전운전불이행,건조,맑음,단일로 - 기타,승용,여,41세,상해없음,승용,여,50세,경상
2021062100100214,2021년 6월 21일 11시,월요일,강원도 속초시 교동,경상사고,0,0,1,0,차대사람 - 횡단중,보행자보호의무위반,건조,흐림,교차로 - 교차로안,이륜,남,69세,상해없음,보행자,여,70세,경상
2021062100100244,2021년 6월 21일 12시,월요일,강원도 홍천군 두촌면,중상사고,0,1,3,0,차대차 - 추돌,안전운전불이행,건조,맑음,교차로 - 교차로부근,승용,여,64세,상해없음,승용,남,30세,경상
2021062100100245,2021년 6월 21일 12시,월요일,강원도 홍천군 서석면,경상사고,0,0,5,0,차대차 - 추돌,안전거리미확보,건조,맑음,단일로 - 기타,승용,여,34세,상해없음,승용,여,46세,경상
2021062100100277,2021년 6월 21일 13시,월요일,강원도 원주시 신림면,경상사고,0,0,2,0,차대차 - 추돌,중앙선침범,건조,맑음,단일로 - 기타,화물,남,54세,상해없음,승용,남,70세,경상
2021062100100278,2021년 6월 21일 13시,월요일,강원도 정선군 임계면,경상사고,0,0,1,0,차대차 - 후진중충돌,안전운전불이행,건조,맑음,단일로 - 기타,승용,남,81세,상해없음,승용,남,62세,경상
2021062100100304,2021년 6월 21일 14시,월요일,강원도 홍천군 홍천읍,중상사고,0,1,0,0,차대사람 - 횡단중,보행자보호의무위반,건조,맑음,단일로 - 기타,승용,여,78세,상해없음,보행자,여,79세,중상
2021062100100305,2021년 6월 21일 14시,월요일,강원도 동해시 천곡동,경상사고,0,0,1,0,차대차 - 측면충돌,안전운전불이행,건조,맑음,단일로 - 기타,승용,남,48세,상해없음,자전거,여,53세,경상
2021062100100306,2021년 6월 21일 14시,월요일,강원도 동해시 천곡동,경상사고,0,0,4,0,차대차 - 정면충돌,안전운전불이행,건조,맑음,단일로 - 기타,이륜,남,44세,경상,승용,여,43세,경상
2021062100100350,2021년 6월 21일 15시,월요일,강원도 홍천군 화촌면,경상사고,0,0,2,0,차대차 - 추돌,안전운전불이행,건조,맑음,단일로 - 터널,승용,남,55세,상해없음,승용,남,69세,경상
2021062100100408,2021년 6월 21일 16시,월요일,강원도 동해시 천곡동,경상사고,0,0,1,0,차대차 - 측면충돌,안전운전불이행,건조,맑음,교차로 - 교차로안,승용,여,53세,기타불명,승용,여,30세,경상
2021062100100453,2021년 6월 21일 17시,월요일,강원도 춘천시 석사동,경상사고,0,0,1,0,차대사람 - 기타,안전운전불이행,건조,맑음,단일로 - 기타,승용,남,63세,상해없음,보행자,여,9세,경상
2021062100100506,2021년 6월 21일 18시,월요일,강원도 원주시 중앙동,중상사고,0,1,0,0,차대사람 - 횡단중,안전운전불이행,건조,맑음,단일로 - 기타,승용,남,69세,상해없음,보행자,남,29세,중상
2021062100100507,2021년 6월 21일 18시,월요일,강원도 속초시 노학동,경상사고,0,0,4,0,차대차 - 측면충돌,차로위반,젖음/습기,비,단일로 - 고가도로위,승용,여,40세,상해없음,승용,남,55세,경상
2021062200100037,2021년 6월 22일 06시,화요일,강원도 원주시 지정면,경상사고,0,0,3,0,차대차 - 추돌,안전거리미확보,건조,흐림,단일로 - 기타,승용,남,64세,상해없음,승용,남,54세,경상
2021062200100052,2021년 6월 22일 07시,화요일,강원도 영월군 남면,중상사고,0,1,0,0,차대사람 - 기타,안전운전불이행,젖음/습기,맑음,기타 - 기타,건설기계,남,58세,상해없음,보행자,남,59세,중상
2021062200100162,2021년 6월 22일 10시,화요일,강원도 원주시 단구동,경상사고,0,0,1,0,차대차 - 기타,안전운전불이행,건조,맑음,교차로 - 교차로안,승용,남,25세,상해없음,승용,남,34세,경상
2021062200100192,2021년 6월 22일 11시,화요일,강원도 삼척시 적노동,중상사고,0,1,0,0,차량단독 - 전도전복 - 전도,안전운전불이행,기타,맑음,단일로 - 교량,농기계,남,70세,중상,,,,
2021062200100193,2021년 6월 22일 11시,화요일,강원도 화천군 하남면,중상사고,0,1,2,0,차대차 - 추돌,안전거리미확보,건조,맑음,단일로 - 기타,화물,남,54세,상해없음,승용,여,38세,경상
2021062200100194,2021년 6월 22일 11시,화요일,강원도 동해시 천곡동,경상사고,0,0,1,0,차대사람 - 기타,안전운전불이행,건조,맑음,단일로 - 기타,승합,남,51세,상해없음,보행자,여,40세,경상
2021062200100239,2021년 6월 22일 12시,화요일,강원도 영월군 영월읍,중상사고,0,1,0,1,차대차 - 측면충돌,교차로운행방법위반,젖음/습기,비,교차로 - 교차로안,승용,여,45세,상해없음,승용,남,63세,중상
2021062200100240,2021년 6월 22일 12시,화요일,강원도 평창군 대관령면,경상사고,0,0,2,0,차대차 - 정면충돌,중앙선침범,젖음/습기,안개,기타 - 기타,승용,여,26세,상해없음,승용,남,29세,경상
2021062200100272,2021년 6월 22일 13시,화요일,강원도 원주시 단구동,경상사고,0,0,3,1,차대차 - 측면충돌,안전운전불이행,건조,맑음,교차로 - 교차로부근,승용,여,64세,상해없음,승합,남,52세,경상
2021062200100273,2021년 6월 22일 13시,화요일,강원도 삼척시 정상동,중상사고,0,1,1,0,차대차 - 측면충돌,중앙선침범,기타,맑음,기타 - 기타,승용,여,56세,상해없음,승용,남,68세,중상
2021062200100274,2021년 6월 22일 13시,화요일,강원도 동해시 효가동,경상사고,0,0,2,0,차대차 - 측면충돌,안전거리미확보,건조,맑음,기타 - 기타,건설기계,남,60세,상해없음,승용,여,42세,경상
2021062200100371,2021년 6월 22일 16시,화요일,강원도 동해시 발한동,중상사고,0,1,0,0,차대차 - 측면충돌,안전운전불이행,건조,맑음,교차로 - 교차로안,승용,남,69세,상해없음,승용,여,61세,중상
2021062200100448,2021년 6월 22일 18시,화요일,강원도 원주시 무실동,경상사고,0,0,1,0,차대사람 - 기타,안전운전불이행,건조,맑음,교차로 - 교차로부근,자전거,여,57세,상해없음,보행자,여,24세,경상
2021062200100482,2021년 6월 22일 19시,화요일,강원도 원주시 단계동,경상사고,0,0,1,0,차대차 - 측면충돌,신호위반,건조,맑음,교차로 - 교차로안,승용,남,40세,상해없음,승용,남,58세,경상
2021062200100511,2021년 6월 22일 20시,화요일,강원도 원주시 일산동,중상사고,0,1,0,0,차대사람 - 횡단중,보행자보호의무위반,젖음/습기,비,교차로 - 교차로횡단보도내,승용,남,22세,상해없음,보행자,여,35세,중상
2021062200100539,2021년 6월 22일 21시,화요일,강원도 춘천시 효자동,경상사고,0,0,1,0,차대차 - 측면충돌,신호위반,젖음/습기,비,교차로 - 교차로횡단보도내,승용,남,64세,상해없음,자전거,남,23세,경상
2021062200100540,2021년 6월 22일 21시,화요일,강원도 평창군 방림면,경상사고,0,0,2,0,차대차 - 기타,중앙선침범,젖음/습기,비,기타 - 기타,화물,남,27세,상해없음,승용,여,21세,경상
2021062300100029,2021년 6월 23일 04시,수요일,강원도 원주시 단계동,경상사고,0,0,1,0,차대사람 - 횡단중,안전운전불이행,건조,맑음,단일로 - 기타,승합,남,69세,상해없음,보행자,여,59세,경상
2021062300100040,2021년 6월 23일 06시,수요일,강원도 철원군 동송읍,경상사고,0,0,1,0,차대차 - 측면충돌,안전운전불이행,건조,맑음,교차로 - 교차로안,승용,남,29세,상해없음,승용,남,44세,경상
2021062300100159,2021년 6월 23일 11시,수요일,강원도 춘천시 퇴계동,경상사고,0,0,1,0,차대차 - 측면충돌,안전운전불이행,건조,맑음,교차로 - 교차로안,승용,여,51세,상해없음,승용,남,41세,경상
2021062300100160,2021년 6월 23일 11시,수요일,강원도 강릉시 교동,경상사고,0,0,2,0,차대차 - 측면충돌,안전운전불이행,건조,맑음,교차로 - 교차로안,승용,남,73세,상해없음,승용,남,29세,경상
2021062300100161,2021년 6월 23일 11시,수요일,강원도 횡성군 횡성읍,경상사고,0,0,2,0,차대차 - 측면충돌,교차로운행방법위반,건조,맑음,교차로 - 교차로안,승용,남,36세,상해없음,이륜,남,40세,경상
2021062300100192,2021년 6월 23일 12시,수요일,강원도 원주시 명륜동,경상사고,0,0,1,0,차대사람 - 횡단중,보행자보호의무위반,건조,맑음,교차로 - 교차로횡단보도내,승용,남,45세,상해없음,보행자,남,74세,경상
2021062300100249,2021년 6월 23일 14시,수요일,강원도 정선군 고한읍,경상사고,0,0,2,0,차대차 - 후진중충돌,안전운전불이행,건조,맑음,단일로 - 기타,화물,남,48세,상해없음,승용,남,61세,경상
2021062300100280,2021년 6월 23일 15시,수요일,강원도 원주시 단계동,중상사고,0,1,0,0,차대차 - 추돌,신호위반,건조,맑음,교차로 - 교차로안,화물,남,44세,상해없음,이륜,남,75세,중상
2021062300100320,2021년 6월 23일 16시,수요일,강원도 속초시 조양동,경상사고,0,0,1,0,차대차 - 측면충돌,신호위반,건조,맑음,교차로 - 교차로횡단보도내,화물,남,48세,상해없음,자전거,남,23세,경상
2021062300100367,2021년 6월 23일 17시,수요일,강원도 홍천군 화촌면,경상사고,0,0,1,0,차대차 - 추돌,안전거리미확보,건조,맑음,단일로 - 지하차도(도로)내,승합,남,57세,상해없음,이륜,남,46세,경상
2021062300100368,2021년 6월 23일 17시,수요일,강원도 홍천군 홍천읍,중상사고,0,2,0,0,차대차 - 추돌,안전운전불이행,젖음/습기,비,단일로 - 기타,화물,남,63세,상해없음,승용,여,45세,상해없음
2021062300100403,2021년 6월 23일 18시,수요일,강원도 춘천시 효자동,경상사고,0,0,2,0,차대차 - 측면충돌,교차로운행방법위반,건조,맑음,단일로 - 기타,화물,남,41세,상해없음,승용,남,23세,경상
2021062300100532,2021년 6월 23일 22시,수요일,강원도 강릉시 노암동,중상사고,0,1,2,0,차대차 - 기타,안전운전불이행,건조,맑음,교차로 - 교차로안,승용,남,52세,상해없음,승용,남,44세,경상
2021062300100553,2021년 6월 23일 23시,수요일,강원도 강릉시 견소동,경상사고,0,0,2,0,차대차 - 후진중충돌,안전운전불이행,건조,맑음,단일로 - 기타,승용,남,62세,상해없음,승용,여,23세,경상
2021062400100005,2021년 6월 24일 00시,목요일,강원도 원주시 단계동,경상사고,0,0,4,0,차대차 - 측면충돌,신호위반,건조,맑음,교차로 - 교차로안,승용,남,29세,상해없음,승용,여,19세,경상
2021062400100013,2021년 6월 24일 01시,목요일,강원도 평창군 대관령면,사망사고,1,0,0,0,차량단독 - 공작물충돌,안전운전불이행,건조,맑음,단일로 - 지하차도(도로)내,승용,여,22세,사망,,,,
2021062400100047,2021년 6월 24일 06시,목요일,강원도 철원군 서면,경상사고,0,0,1,0,차대차 - 측면충돌,안전운전불이행,건조,맑음,단일로 - 기타,승합,남,66세,상해없음,화물,남,58세,경상
2021062400100048,2021년 6월 24일 06시,목요일,강원도 동해시 망상동,중상사고,0,1,0,0,차대차 - 측면충돌,교차로운행방법위반,건조,맑음,교차로 - 교차로안,화물,남,64세,상해없음,화물,남,49세,중상
2021062400100071,2021년 6월 24일 07시,목요일,강원도 횡성군 횡성읍,경상사고,0,0,1,0,차대차 - 기타,직진우회전진행방해,건조,맑음,교차로 - 교차로안,승용,여,33세,상해없음,화물,여,59세,경상
2021062400100103,2021년 6월 24일 08시,목요일,강원도 춘천시 동면,경상사고,0,0,1,0,차대차 - 측면충돌,직진우회전진행방해,건조,맑음,교차로 - 교차로안,승용,여,36세,상해없음,승용,여,28세,경상
2021062400100104,2021년 6월 24일 08시,목요일,강원도 원주시 관설동,부상신고사고,0,0,0,1,차대차 - 기타,불법유턴,건조,맑음,교차로 - 교차로안,자전거,여,32세,부상신고,화물,남,58세,상해없음
2021062400100105,2021년 6월 24일 08시,목요일,강원도 원주시 관설동,경상사고,0,0,1,0,차대차 - 정면충돌,안전운전불이행,건조,맑음,교차로 - 교차로안,승용,남,66세,상해없음,승용,여,33세,경상
2021062400100146,2021년 6월 24일 09시,목요일,강원도 춘천시 신북읍,중상사고,0,1,1,0,차대차 - 기타,교차로운행방법위반,건조,맑음,교차로 - 교차로안,승용,여,41세,상해없음,승용,남,84세,경상
2021062400100180,2021년 6월 24일 10시,목요일,강원도 춘천시 온의동,경상사고,0,0,1,0,차대차 - 측면충돌,신호위반,건조,맑음,교차로 - 교차로안,승용,여,43세,상해없음,승용,여,48세,경상
2021062400100181,2021년 6월 24일 10시,목요일,강원도 원주시 우산동,경상사고,0,0,1,0,차대사람 - 기타,안전운전불이행,건조,맑음,주차장 - 주차장,승용,남,29세,상해없음,보행자,남,35세,경상
2021062400100209,2021년 6월 24일 11시,목요일,강원도 춘천시 효자동,중상사고,0,1,0,0,차대차 - 측면충돌,신호위반,건조,맑음,교차로 - 교차로안,승용,남,29세,상해없음,승용,남,59세,중상
2021062400100210,2021년 6월 24일 11시,목요일,강원도 강릉시 안현동,경상사고,0,0,1,0,차대차 - 기타,안전운전불이행,건조,맑음,교차로 - 교차로부근,승용,여,20세,상해없음,승용,남,48세,경상
2021062400100282,2021년 6월 24일 13시,목요일,강원도 동해시 발한동,경상사고,0,0,2,0,차대차 - 측면충돌,안전운전불이행,건조,맑음,교차로 - 교차로안,승용,여,56세,상해없음,승용,남,53세,경상
2021062400100317,2021년 6월 24일 14시,목요일,강원도 강릉시 금학동,경상사고,0,0,1,0,차대사람 - 기타,안전운전불이행,건조,맑음,단일로 - 기타,승용,여,63세,기타불명,보행자,여,32세,경상
2021062400100318,2021년 6월 24일 14시,목요일,강원도 영월군 한반도면,중상사고,0,2,0,0,차대차 - 추돌,안전운전불이행,건조,맑음,기타 - 기타,화물,남,54세,중상,건설기계,남,41세,중상
2021062400100319,2021년 6월 24일 14시,목요일,강원도 횡성군 우천면,경상사고,0,0,1,0,차대차 - 측면충돌,안전운전불이행,건조,맑음,단일로 - 기타,화물,남,64세,상해없음,승용,남,58세,상해없음
2021062400100358,2021년 6월 24일 15시,목요일,강원도 양양군 손양면,경상사고,0,0,3,0,차대차 - 추돌,안전거리미확보,건조,맑음,단일로 - 고가도로위,승용,남,25세,상해없음,승용,여,22세,경상
2021062400100359,2021년 6월 24일 15시,목요일,강원도 영월군 남면,경상사고,0,0,1,1,차대차 - 추돌,안전운전불이행,건조,맑음,기타 - 기타,건설기계,남,44세,상해없음,승용,여,38세,경상
2021062400100397,2021년 6월 24일 16시,목요일,강원도 원주시 명륜동,경상사고,0,0,1,0,차대사람 - 횡단중,신호위반,건조,맑음,교차로 - 교차로안,이륜,남,14세,상해없음,보행자,여,20세,경상
2021062400100398,2021년 6월 24일 16시,목요일,강원도 원주시 문막읍,경상사고,0,0,1,0,차대차 - 측면충돌,안전운전불이행,건조,맑음,교차로 - 교차로안,승용,남,35세,상해없음,승용,여,68세,경상
2021062400100443,2021년 6월 24일 17시,목요일,강원도 삼척시 근덕면,경상사고,0,0,1,0,차대차 - 측면충돌,안전운전불이행,건조,맑음,단일로 - 기타,자전거,남,10세,경상,화물,남,52세,상해없음
2021062400100444,2021년 6월 24일 17시,목요일,강원도 동해시 천곡동,경상사고,0,0,3,0,차대차 - 측면충돌,교차로운행방법위반,건조,맑음,단일로 - 기타,승용,여,47세,경상,승용,남,44세,경상
2021062400100568,2021년 6월 24일 20시,목요일,강원도 원주시 호저면,경상사고,0,0,4,0,차대차 - 측면충돌,안전운전불이행,건조,흐림,교차로 - 교차로안,승용,남,60세,상해없음,화물,남,41세,경상
2021062400100628,2021년 6월 24일 22시,목요일,강원도 춘천시 온의동,경상사고,0,0,1,0,차대차 - 추돌,안전거리미확보,건조,맑음,교차로 - 교차로안,화물,남,47세,상해없음,승용,남,43세,경상
2021062400100629,2021년 6월 24일 22시,목요일,강원도 속초시 조양동,중상사고,0,2,0,0,차대차 - 측면충돌,신호위반,건조,맑음,교차로 - 교차로안,승용,남,55세,상해없음,승용,남,37세,중상
2021062400100630,2021년 6월 24일 22시,목요일,강원도 속초시 교동,중상사고,0,1,0,0,차대차 - 측면충돌,안전운전불이행,건조,맑음,단일로 - 고가도로위,승합,남,53세,상해없음,이륜,남,32세,중상
2021062400100631,2021년 6월 24일 22시,목요일,강원도 화천군 하남면,경상사고,0,0,1,0,차량단독 - 기타,안전운전불이행,건조,맑음,교차로 - 교차로안,이륜,남,18세,경상,,,,
2021062400100632,2021년 6월 24일 22시,목요일,강원도 동해시 천곡동,중상사고,0,1,0,0,차대사람 - 횡단중,안전운전불이행,건조,맑음,기타 - 기타,승용,남,47세,상해없음,보행자,남,50세,중상
2021062400100662,2021년 6월 24일 23시,목요일,강원도 동해시 평릉동,경상사고,0,0,1,0,차대차 - 추돌,안전운전불이행,건조,맑음,단일로 - 기타,승용,남,35세,상해없음,승용,남,54세,경상
2021062500100009,2021년 6월 25일 00시,금요일,강원도 춘천시 동면,경상사고,0,0,1,1,차대차 - 기타,교차로운행방법위반,건조,맑음,교차로 - 교차로안,승용,남,54세,부상신고,승합,남,19세,경상
2021062500100038,2021년 6월 25일 06시,금요일,강원도 원주시 중앙동,경상사고,0,0,1,0,차대차 - 추돌,안전운전불이행,건조,맑음,교차로 - 교차로부근,승용,남,68세,상해없음,승용,남,26세,경상
2021062500100060,2021년 6월 25일 07시,금요일,강원도 원주시 단계동,중상사고,0,1,0,0,차대사람 - 횡단중,보행자보호의무위반,건조,맑음,교차로 - 교차로안,화물,남,48세,상해없음,보행자,남,67세,중상
2021062500100091,2021년 6월 25일 08시,금요일,강원도 원주시 명륜동,경상사고,0,0,1,0,차대차 - 측면충돌,안전거리미확보,건조,맑음,단일로 - 기타,승용,남,82세,상해없음,승용,남,52세,경상
2021062500100138,2021년 6월 25일 09시,금요일,강원도 춘천시 온의동,중상사고,0,1,0,0,차대사람 - 기타,보행자보호의무위반,건조,맑음,교차로 - 교차로횡단보도내,승용,남,62세,상해없음,보행자,여,66세,중상
2021062500100139,2021년 6월 25일 09시,금요일,강원도 고성군 토성면,경상사고,0,0,1,0,차대차 - 측면충돌,안전거리미확보,건조,맑음,기타 - 기타,승용,여,23세,상해없음,승용,남,53세,경상
2021062500100169,2021년 6월 25일 10시,금요일,강원도 원주시 개운동,경상사고,0,0,1,0,차대차 - 기타,안전운전불이행,건조,맑음,교차로 - 교차로안,승용,남,48세,상해없음,승용,여,35세,경상
2021062500100170,2021년 6월 25일 10시,금요일,강원도 화천군 화천읍,중상사고,0,1,0,0,차대차 - 기타,중앙선침범,건조,맑음,단일로 - 기타,화물,남,63세,상해없음,이륜,남,60세,중상
2021062500100205,2021년 6월 25일 11시,금요일,강원도 춘천시 퇴계동,경상사고,0,0,1,0,차대차 - 측면충돌,안전운전불이행,건조,맑음,단일로 - 기타,승용,남,23세,상해없음,승용,여,54세,경상
2021062500100206,2021년 6월 25일 11시,금요일,강원도 삼척시 근덕면,중상사고,0,1,0,0,차대차 - 측면충돌,안전운전불이행,건조,맑음,단일로 - 지하차도(도로)내,자전거,남,52세,중상,화물,남,66세,기타불명
2021062500100233,2021년 6월 25일 12시,금요일,강원도 삼척시 남양동,중상사고,0,1,0,0,차대차 - 측면충돌,안전운전불이행,건조,맑음,교차로 - 교차로안,승용,남,75세,상해없음,자전거,여,70세,중상
2021062500100234,2021년 6월 25일 12시,금요일,강원도 평창군 대화면,중상사고,0,1,2,0,차대차 - 측면충돌,직진우회전진행방해,건조,맑음,교차로 - 교차로안,승용,여,60세,경상,화물,남,54세,경상
2021062500100235,2021년 6월 25일 12시,금요일,강원도 정선군 남면,경상사고,0,0,4,0,차대차 - 측면충돌,교차로운행방법위반,건조,맑음,교차로 - 교차로안,승용,여,54세,경상,승용,남,48세,경상
2021062500100273,2021년 6월 25일 13시,금요일,강원도 평창군 진부면,중상사고,0,1,6,0,차대차 - 추돌,안전운전불이행,건조,맑음,단일로 - 기타,승용,남,35세,경상,승용,남,26세,경상
2021062500100304,2021년 6월 25일 14시,금요일,강원도 춘천시 효자동,경상사고,0,0,1,0,차대차 - 기타,중앙선침범,건조,맑음,교차로 - 교차로부근,이륜,남,19세,상해없음,이륜,남,34세,경상
2021062500100305,2021년 6월 25일 14시,금요일,강원도 원주시 무실동,중상사고,0,1,0,0,차대차 - 정면충돌,신호위반,건조,맑음,교차로 - 교차로안,승용,남,28세,상해없음,승용,남,61세,중상
2021062500100306,2021년 6월 25일 14시,금요일,강원도 원주시 판부면,경상사고,0,0,1,0,차대차 - 기타,중앙선침범,건조,맑음,교차로 - 교차로부근,자전거,남,52세,경상,승용,여,51세,상해없음
2021062500100307,2021년 6월 25일 14시,금요일,강원도 속초시 청호동,경상사고,0,0,6,0,차대차 - 측면충돌,직진우회전진행방해,건조,맑음,교차로 - 교차로안,승용,여,50세,경상,승용,여,45세,경상
2021062500100404,2021년 6월 25일 16시,금요일,강원도 춘천시 서면,경상사고,0,0,2,1,차대차 - 측면충돌,신호위반,건조,맑음,교차로 - 교차로안,승용,여,61세,상해없음,승합,남,27세,경상
2021062500100405,2021년 6월 25일 16시,금요일,강원도 춘천시 석사동,경상사고,0,0,3,0,차대차 - 측면충돌,안전거리미확보,건조,맑음,단일로 - 기타,승용,남,83세,상해없음,승용,남,59세,경상
2021062500100406,2021년 6월 25일 16시,금요일,강원도 원주시 단계동,경상사고,0,0,1,0,차대사람 - 횡단중,안전운전불이행,건조,맑음,교차로 - 교차로안,승용,여,54세,상해없음,보행자,남,6세,경상
2021062500100407,2021년 6월 25일 16시,금요일,강원도 삼척시 오분동,경상사고,0,0,1,0,차대차 - 측면충돌,안전운전불이행,건조,맑음,단일로 - 기타,화물,남,58세,상해없음,승용,남,64세,경상
2021062500100458,2021년 6월 25일 17시,금요일,강원도 원주시 흥업면,경상사고,0,0,1,0,차대차 - 추돌,안전거리미확보,건조,맑음,교차로 - 교차로부근,화물,남,59세,상해없음,승용,여,55세,경상
2021062500100515,2021년 6월 25일 18시,금요일,강원도 원주시 개운동,경상사고,0,0,1,0,차대차 - 측면충돌,직진우회전진행방해,건조,맑음,교차로 - 교차로안,승용,여,55세,상해없음,이륜,남,20세,경상
2021062500100516,2021년 6월 25일 18시,금요일,강원도 화천군 화천읍,경상사고,0,0,1,0,차대차 - 정면충돌,중앙선침범,건조,맑음,단일로 - 기타,승용,남,65세,상해없음,이륜,남,35세,경상
2021062500100563,2021년 6월 25일 19시,금요일,강원도 원주시 지정면,경상사고,0,0,1,0,차대사람 - 횡단중,보행자보호의무위반,건조,맑음,교차로 - 교차로횡단보도내,승용,여,26세,상해없음,보행자,여,32세,경상
2021062500100564,2021년 6월 25일 19시,금요일,강원도 춘천시 동내면,경상사고,0,0,1,0,차대차 - 기타,안전운전불이행,건조,맑음,단일로 - 기타,승용,남,41세,상해없음,승용,남,27세,경상