사고번호,사고일시,요일,시군구,사고내용,사망자수,중상자수,경상자수,부상신고자수,사고유형,법규위반,노면상태,기상상태,도로형태,가해운전자 차종,가해운전자 성별,가해운전자 연령,가해운전자 상해정도,피해운전자 차종,피해운전자 성별,피해운전자 연령,피해운전자 상해정도
2021062500100627,2021년 6월 25일 21시,금요일,강원도 춘천시 후평동,경상사고,0,0,3,0,차대차 - 추돌,안전거리미확보,건조,맑음,단일로 - 기타,승용,남,62세,상해없음,승용,남,48세,경상
2021062500100628,2021년 6월 25일 21시,금요일,강원도 춘천시 후평동,경상사고,0,0,1,0,차대차 - 기타,차로위반,건조,맑음,교차로 - 교차로안,승용,여,53세,상해없음,승용,남,56세,경상
2021062500100629,2021년 6월 25일 21시,금요일,강원도 삼척시 원당동,중상사고,0,1,1,0,차대차 - 정면충돌,신호위반,건조,맑음,교차로 - 교차로안,승용,남,52세,경상,승용,남,47세,중상
2021062500100671,2021년 6월 25일 22시,금요일,강원도 강릉시 노암동,경상사고,0,0,4,0,차대차 - 측면충돌,안전운전불이행,건조,맑음,교차로 - 교차로부근,승용,남,29세,기타불명,승용,남,56세,경상
2021062500100672,2021년 6월 25일 22시,금요일,강원도 동해시 망상동,중상사고,0,1,1,0,차대차 - 측면충돌,직진우회전진행방해,건조,맑음,교차로 - 교차로안,승용,여,31세,상해없음,승용,남,37세,경상
2021062600100085,2021년 6월 26일 07시,토요일,강원도 철원군 동송읍,경상사고,0,0,2,0,차대차 - 정면충돌,중앙선침범,젖음/습기,비,단일로 - 기타,승용,여,51세,상해없음,승용,남,58세,경상
2021062600100120,2021년 6월 26일 09시,토요일,강원도 양양군 양양읍,경상사고,0,0,2,0,차대차 - 측면충돌,안전운전불이행,젖음/습기,비,단일로 - 기타,승용,여,23세,상해없음,승용,여,42세,경상
2021062600100121,2021년 6월 26일 09시,토요일,강원도 횡성군 우천면,부상신고사고,0,0,0,1,차대차 - 추돌,안전운전불이행,젖음/습기,비,단일로 - 기타,승용,남,56세,상해없음,승용,남,35세,부상신고
2021062600100160,2021년 6월 26일 10시,토요일,강원도 강릉시 사천면,경상사고,0,0,1,0,차대차 - 기타,신호위반,건조,흐림,교차로 - 교차로안,승용,여,63세,상해없음,승용,여,52세,경상
2021062600100192,2021년 6월 26일 11시,토요일,강원도 태백시 황지동,경상사고,0,0,1,0,차대차 - 측면충돌,안전운전불이행,건조,맑음,교차로 - 교차로안,승용,남,85세,상해없음,화물,남,44세,경상
2021062600100225,2021년 6월 26일 12시,토요일,강원도 강릉시 노암동,경상사고,0,0,2,0,차대차 - 측면충돌,안전운전불이행,건조,맑음,교차로 - 교차로안,승용,남,62세,상해없음,승용,여,47세,경상
2021062600100226,2021년 6월 26일 12시,토요일,강원도 양양군 현북면,경상사고,0,0,1,0,차대차 - 측면충돌,안전운전불이행,건조,맑음,단일로 - 기타,승용,여,47세,상해없음,승용,남,26세,상해없음
2021062600100227,2021년 6월 26일 12시,토요일,강원도 인제군 인제읍,경상사고,0,0,3,1,차대차 - 측면충돌,안전운전불이행,건조,맑음,교차로 - 교차로안,이륜,남,30세,부상신고,승용,여,38세,경상
2021062600100265,2021년 6월 26일 13시,토요일,강원도 삼척시 근덕면,경상사고,0,0,2,0,차대차 - 측면충돌,불법유턴,건조,맑음,단일로 - 기타,승용,남,65세,상해없음,승합,남,62세,경상
2021062600100308,2021년 6월 26일 14시,토요일,강원도 원주시 단구동,경상사고,0,0,1,0,차대차 - 후진중충돌,안전운전불이행,건조,맑음,단일로 - 기타,화물,남,42세,상해없음,승용,남,27세,경상
2021062600100309,2021년 6월 26일 14시,토요일,강원도 평창군 진부면,경상사고,0,0,2,0,차대차 - 추돌,안전운전불이행,건조,맑음,단일로 - 기타,승용,남,61세,상해없음,승용,남,31세,경상
2021062600100342,2021년 6월 26일 15시,토요일,강원도 양양군 양양읍,경상사고,0,0,1,0,차대차 - 측면충돌,안전운전불이행,건조,맑음,교차로 - 교차로안,승용,남,50세,상해없음,화물,남,36세,경상
2021062600100343,2021년 6월 26일 15시,토요일,강원도 평창군 용평면,중상사고,0,1,4,0,차대차 - 추돌,안전거리미확보,젖음/습기,흐림,단일로 - 터널,승합,남,42세,상해없음,화물,남,58세,상해없음
2021062600100375,2021년 6월 26일 16시,토요일,강원도 춘천시 퇴계동,경상사고,0,0,3,0,차대차 - 기타,신호위반,젖음/습기,비,교차로 - 교차로안,승용,남,73세,상해없음,승용,남,75세,경상
2021062600100376,2021년 6월 26일 16시,토요일,강원도 원주시 행구동,경상사고,0,0,3,0,차대차 - 추돌,안전운전불이행,건조,맑음,단일로 - 기타,승용,여,49세,경상,승용,남,57세,경상
2021062600100377,2021년 6월 26일 16시,토요일,강원도 원주시 무실동,경상사고,0,0,3,0,차대차 - 측면충돌,신호위반,건조,맑음,교차로 - 교차로안,승용,여,52세,상해없음,승용,남,25세,경상
2021062600100378,2021년 6월 26일 16시,토요일,강원도 횡성군 둔내면,경상사고,0,0,1,0,차대차 - 측면충돌,중앙선침범,건조,흐림,단일로 - 기타,화물,기타불명,미분류,기타불명,승합,남,53세,경상
2021062600100446,2021년 6월 26일 18시,토요일,강원도 강릉시 포남동,경상사고,0,0,2,0,차대차 - 측면충돌,신호위반,젖음/습기,비,교차로 - 교차로안,승용,남,62세,상해없음,승용,여,48세,경상
2021062600100447,2021년 6월 26일 18시,토요일,강원도 삼척시 도계읍,경상사고,0,0,1,0,차대차 - 측면충돌,중앙선침범,젖음/습기,비,단일로 - 기타,화물,남,56세,상해없음,승용,남,33세,경상
2021062600100448,2021년 6월 26일 18시,토요일,강원도 화천군 화천읍,경상사고,0,0,2,0,차대차 - 측면충돌,중앙선침범,젖음/습기,비,단일로 - 기타,승용,남,25세,상해없음,승용,남,25세,경상
2021062600100489,2021년 6월 26일 19시,토요일,강원도 강릉시 옥천동,경상사고,0,0,1,0,차대차 - 측면충돌,안전운전불이행,젖음/습기,비,교차로 - 교차로부근,승용,여,68세,상해없음,승용,여,37세,경상
2021062600100490,2021년 6월 26일 19시,토요일,강원도 삼척시 남양동,경상사고,0,0,1,0,차대차 - 측면충돌,안전거리미확보,건조,맑음,교차로 - 교차로안,승용,남,22세,상해없음,승용,여,56세,경상
2021062600100525,2021년 6월 26일 20시,토요일,강원도 원주시 호저면,경상사고,0,0,1,0,차대차 - 추돌,불법유턴,건조,맑음,단일로 - 기타,승용,남,25세,상해없음,승용,남,33세,경상
2021062600100625,2021년 6월 26일 23시,토요일,강원도 원주시 문막읍,중상사고,0,1,0,0,차대차 - 측면충돌,신호위반,건조,맑음,교차로 - 교차로안,승용,여,21세,상해없음,승합,남,41세,중상
2021062700100009,2021년 6월 27일 00시,일요일,강원도 춘천시 퇴계동,경상사고,0,0,1,0,차대차 - 기타,교차로운행방법위반,젖음/습기,비,교차로 - 교차로안,승용,남,58세,상해없음,승용,남,27세,경상
2021062700100010,2021년 6월 27일 00시,일요일,강원도 원주시 단계동,경상사고,0,0,1,0,차대사람 - 길가장자리구역통행중,안전운전불이행,건조,맑음,단일로 - 기타,승용,남,64세,상해없음,보행자,여,42세,경상
2021062700100030,2021년 6월 27일 01시,일요일,강원도 속초시 교동,중상사고,0,1,0,0,차대사람 - 차도통행중,안전운전불이행,젖음/습기,비,교차로 - 교차로안,승용,남,41세,상해없음,보행자,남,46세,중상
2021062700100087,2021년 6월 27일 08시,일요일,강원도 원주시 신림면,중상사고,0,1,1,0,차대차 - 측면충돌,중앙선침범,건조,맑음,단일로 - 기타,승용,남,52세,상해없음,화물,남,69세,경상
2021062700100096,2021년 6월 27일 09시,일요일,강원도 강릉시 교동,경상사고,0,0,1,0,차대사람 - 기타,안전운전불이행,건조,맑음,기타 - 기타,승용,남,65세,상해없음,보행자,남,59세,경상
2021062700100097,2021년 6월 27일 09시,일요일,강원도 동해시 발한동,경상사고,0,0,2,0,차대차 - 추돌,안전운전불이행,건조,맑음,단일로 - 기타,승용,남,60세,기타불명,승용,남,29세,경상
2021062700100149,2021년 6월 27일 11시,일요일,강원도 속초시 조양동,중상사고,0,3,1,0,차대차 - 추돌,안전운전불이행,건조,맑음,교차로 - 교차로부근,승용,남,51세,상해없음,승용,남,69세,중상
2021062700100175,2021년 6월 27일 12시,일요일,강원도 정선군 신동읍,경상사고,0,0,2,0,차대차 - 기타,안전운전불이행,건조,맑음,단일로 - 기타,특수,여,28세,상해없음,승용,여,22세,경상
2021062700100176,2021년 6월 27일 12시,일요일,강원도 횡성군 안흥면,경상사고,0,0,1,0,차량단독 - 공작물충돌,안전운전불이행,건조,맑음,단일로 - 기타,화물,남,61세,상해없음,,,,
2021062700100208,2021년 6월 27일 13시,일요일,강원도 춘천시 남면,경상사고,0,0,2,0,차대차 - 측면충돌,안전운전불이행,건조,맑음,단일로 - 기타,승용,남,22세,상해없음,승용,남,61세,경상
2021062700100209,2021년 6월 27일 13시,일요일,강원도 원주시 태장동,경상사고,0,0,2,0,차대차 - 측면충돌,안전운전불이행,건조,맑음,단일로 - 기타,승용,남,65세,상해없음,승용,남,32세,경상
2021062700100210,2021년 6월 27일 13시,일요일,강원도 인제군 인제읍,경상사고,0,0,1,0,차대차 - 측면충돌,중앙선침범,건조,맑음,단일로 - 기타,승용,남,58세,상해없음,승용,남,25세,경상
2021062700100277,2021년 6월 27일 15시,일요일,강원도 횡성군 우천면,경상사고,0,0,1,0,차대차 - 측면충돌,안전운전불이행,건조,맑음,단일로 - 기타,승용,여,50세,상해없음,화물,남,65세,상해없음
2021062700100278,2021년 6월 27일 15시,일요일,강원도 고성군 간성읍,중상사고,0,1,0,0,차대차 - 정면충돌,중앙선침범,건조,맑음,기타 - 기타,승용,여,24세,상해없음,승용,남,75세,중상
2021062700100279,2021년 6월 27일 15시,일요일,강원도 평창군 진부면,중상사고,0,1,4,0,차대차 - 추돌,안전거리미확보,건조,맑음,단일로 - 터널,승합,남,66세,상해없음,승용,남,39세,경상
2021062700100301,2021년 6월 27일 16시,일요일,강원도 원주시 우산동,경상사고,0,0,1,0,차대차 - 추돌,안전운전불이행,건조,맑음,단일로 - 기타,화물,남,53세,상해없음,승용,남,54세,상해없음
2021062700100330,2021년 6월 27일 17시,일요일,강원도 강릉시 교동,경상사고,0,0,1,0,차대사람 - 차도통행중,안전운전불이행,건조,맑음,단일로 - 기타,승용,여,47세,상해없음,보행자,여,16세,경상
2021062700100374,2021년 6월 27일 18시,일요일,강원도 양구군 양구읍,경상사고,0,0,1,0,차대사람 - 기타,안전운전불이행,건조,맑음,교차로 - 교차로안,승용,여,55세,상해없음,보행자,여,7세,경상
2021062700100409,2021년 6월 27일 19시,일요일,강원도 동해시 평릉동,경상사고,0,0,1,0,차대차 - 측면충돌,안전운전불이행,건조,맑음,교차로 - 교차로안,승용,남,72세,기타불명,화물,남,47세,경상
2021062700100432,2021년 6월 27일 20시,일요일,강원도 춘천시 남산면,부상신고사고,0,0,0,1,차량단독 - 기타,안전운전불이행,건조,맑음,단일로 - 기타,사륜오토바이(ATV),여,22세,상해없음,,,,
2021062700100433,2021년 6월 27일 20시,일요일,강원도 춘천시 동면,경상사고,0,0,1,0,차대차 - 측면충돌,안전운전불이행,건조,맑음,단일로 - 기타,화물,남,55세,상해없음,자전거,남,63세,경상
2021062700100458,2021년 6월 27일 21시,일요일,강원도 강릉시 강문동,경상사고,0,0,2,0,차대차 - 기타,안전운전불이행,건조,맑음,기타 - 기타,승용,남,22세,상해없음,승용,남,22세,경상
2021062700100459,2021년 6월 27일 21시,일요일,강원도 원주시 단계동,경상사고,0,0,1,0,차대차 - 측면충돌,안전거리미확보,건조,맑음,교차로 - 교차로안,승용,남,66세,상해없음,승용,남,31세,경상
2021062800100097,2021년 6월 28일 08시,월요일,강원도 춘천시 석사동,중상사고,0,1,2,0,차대차 - 측면충돌,신호위반,건조,맑음,교차로 - 교차로안,승용,여,55세,경상,승용,여,54세,경상
2021062800100098,2021년 6월 28일 08시,월요일,강원도 춘천시 근화동,경상사고,0,0,1,0,차대사람 - 기타,기타,건조,맑음,단일로 - 기타,승합,남,49세,상해없음,보행자,여,17세,경상
2021062800100134,2021년 6월 28일 09시,월요일,강원도 춘천시 중앙로3가,경상사고,0,0,1,0,차대차 - 후진중충돌,안전운전불이행,건조,맑음,단일로 - 기타,승용,남,87세,상해없음,화물,남,53세,경상
2021062800100135,2021년 6월 28일 09시,월요일,강원도 강릉시 포남동,경상사고,0,0,1,0,차대차 - 추돌,안전운전불이행,건조,맑음,단일로 - 기타,승용,여,71세,상해없음,승용,남,64세,경상
2021062800100136,2021년 6월 28일 09시,월요일,강원도 원주시 가현동,경상사고,0,0,2,0,차대차 - 측면충돌,교차로운행방법위반,건조,맑음,교차로 - 교차로안,승용,여,39세,상해없음,승용,여,31세,경상
2021062800100175,2021년 6월 28일 10시,월요일,강원도 원주시 우산동,경상사고,0,0,1,0,차대차 - 기타,안전운전불이행,건조,맑음,교차로 - 교차로안,화물,남,58세,상해없음,이륜,남,28세,경상
2021062800100241,2021년 6월 28일 12시,월요일,강원도 인제군 상남면,경상사고,0,0,1,0,차대차 - 측면충돌,안전운전불이행,건조,맑음,기타 - 기타,화물,남,61세,상해없음,승용,남,40세,경상
2021062800100279,2021년 6월 28일 13시,월요일,강원도 강릉시 포남동,중상사고,0,1,0,0,차대차 - 측면충돌,안전운전불이행,건조,맑음,단일로 - 기타,승용,여,62세,상해없음,이륜,남,79세,중상
2021062800100280,2021년 6월 28일 13시,월요일,강원도 속초시 조양동,중상사고,0,1,0,0,차대사람 - 보도통행중,기타,건조,맑음,단일로 - 기타,승용,남,67세,상해없음,보행자,남,89세,중상
2021062800100325,2021년 6월 28일 14시,월요일,강원도 철원군 서면,경상사고,0,0,3,0,차대차 - 측면충돌,안전운전불이행,젖음/습기,비,교차로 - 교차로안,승용,남,61세,경상,승용,남,73세,경상
2021062800100358,2021년 6월 28일 15시,월요일,강원도 강릉시 포남동,경상사고,0,0,2,0,차대차 - 기타,안전운전불이행,건조,맑음,단일로 - 기타,승용,여,28세,상해없음,승용,여,28세,경상
2021062800100359,2021년 6월 28일 15시,월요일,강원도 원주시 소초면,중상사고,0,1,1,0,차대차 - 추돌,안전운전불이행,건조,맑음,단일로 - 기타,화물,남,27세,경상,승용,남,40세,중상
2021062800100402,2021년 6월 28일 16시,월요일,강원도 춘천시 사농동,사망사고,1,0,0,0,차대차 - 기타,신호위반,건조,맑음,교차로 - 교차로안,이륜,남,74세,사망,승합,남,70세,상해없음
2021062800100403,2021년 6월 28일 16시,월요일,강원도 평창군 진부면,중상사고,0,3,0,0,차대차 - 측면충돌,중앙선침범,건조,맑음,교차로 - 교차로횡단보도내,승용,남,66세,중상,승용,여,65세,중상
2021062800100446,2021년 6월 28일 17시,월요일,강원도 강릉시 대전동,경상사고,0,0,4,0,차대차 - 기타,안전운전불이행,건조,맑음,단일로 - 기타,화물,남,44세,상해없음,승용,남,60세,경상
2021062800100505,2021년 6월 28일 18시,월요일,강원도 강릉시 홍제동,경상사고,0,0,1,0,차대차 - 측면충돌,안전운전불이행,건조,맑음,교차로 - 교차로안,승용,여,40세,기타불명,승용,여,50세,경상
2021062800100549,2021년 6월 28일 19시,월요일,강원도 원주시 일산동,경상사고,0,0,1,0,차대차 - 측면충돌,안전거리미확보,건조,흐림,단일로 - 기타,승용,남,74세,상해없음,승용,여,64세,경상
2021062800100550,2021년 6월 28일 19시,월요일,강원도 양양군 현남면,사망사고,1,0,0,0,차량단독 - 공작물충돌,안전운전불이행,건조,맑음,교차로 - 교차로부근,자전거,남,40세,사망,,,,
2021062800100631,2021년 6월 28일 22시,월요일,강원도 춘천시 효자동,중상사고,0,1,1,0,차대차 - 정면충돌,중앙선침범,건조,맑음,단일로 - 기타,승용,여,24세,중상,승용,남,30세,경상
2021062900100008,2021년 6월 29일 01시,화요일,강원도 영월군 산솔면,경상사고,0,0,1,0,차대차 - 추돌,안전운전불이행,건조,맑음,단일로 - 교량,승용,남,35세,상해없음,승용,남,30세,경상
2021062900100027,2021년 6월 29일 05시,화요일,강원도 춘천시 칠전동,경상사고,0,0,2,0,차대차 - 측면충돌,신호위반,건조,맑음,교차로 - 교차로안,화물,남,37세,상해없음,승용,남,30세,경상
2021062900100086,2021년 6월 29일 08시,화요일,강원도 홍천군 홍천읍,경상사고,0,0,2,0,차대차 - 추돌,안전거리미확보,건조,맑음,단일로 - 지하차도(도로)내,승용,여,49세,상해없음,승용,여,40세,상해없음
2021062900100087,2021년 6월 29일 08시,화요일,강원도 화천군 사내면,경상사고,0,0,1,0,차대차 - 정면충돌,교차로운행방법위반,건조,맑음,교차로 - 교차로안,화물,남,52세,상해없음,승용,남,60세,경상
2021062900100125,2021년 6월 29일 09시,화요일,강원도 춘천시 신동면,경상사고,0,0,1,0,차대차 - 추돌,안전운전불이행,건조,맑음,교차로 - 교차로부근,승용,여,49세,상해없음,승용,여,57세,경상
2021062900100158,2021년 6월 29일 10시,화요일,강원도 춘천시 효자동,중상사고,0,1,0,0,차대사람 - 횡단중,보행자보호의무위반,건조,맑음,교차로 - 교차로횡단보도내,승용,여,55세,상해없음,보행자,여,62세,중상
2021062900100159,2021년 6월 29일 10시,화요일,강원도 원주시 반곡동,경상사고,0,0,5,0,차대차 - 추돌,신호위반,건조,맑음,교차로 - 교차로안,승용,여,45세,경상,승용,남,41세,경상
2021062900100221,2021년 6월 29일 12시,화요일,강원도 평창군 대관령면,중상사고,0,1,2,0,차대차 - 측면충돌,중앙선침범,건조,맑음,기타 - 기타,승용,남,72세,경상,승용,남,32세,중상
2021062900100288,2021년 6월 29일 14시,화요일,강원도 춘천시 교동,경상사고,0,0,1,0,차대차 - 측면충돌,기타,건조,맑음,교차로 - 교차로안,화물,남,57세,상해없음,이륜,남,37세,경상
2021062900100289,2021년 6월 29일 14시,화요일,강원도 강릉시 노암동,중상사고,0,1,0,0,차대차 - 기타,안전운전불이행,건조,맑음,교차로 - 교차로부근,승용,남,79세,상해없음,승용,여,68세,중상
2021062900100290,2021년 6월 29일 14시,화요일,강원도 강릉시 용강동,경상사고,0,0,1,0,차대차 - 측면충돌,안전운전불이행,건조,맑음,교차로 - 교차로안,승용,남,32세,상해없음,승용,남,61세,경상
2021062900100291,2021년 6월 29일 14시,화요일,강원도 원주시 단구동,경상사고,0,0,2,0,차대차 - 측면충돌,안전운전불이행,건조,흐림,단일로 - 기타,승용,여,31세,상해없음,승용,여,40세,경상
2021062900100292,2021년 6월 29일 14시,화요일,강원도 홍천군 북방면,경상사고,0,0,1,0,차대차 - 측면충돌,교차로운행방법위반,건조,맑음,단일로 - 지하차도(도로)내,승용,남,71세,상해없음,화물,남,70세,경상
2021062900100293,2021년 6월 29일 14시,화요일,강원도 인제군 북면,경상사고,0,0,1,0,차대차 - 측면충돌,중앙선침범,건조,맑음,단일로 - 기타,승용,남,55세,상해없음,승용,남,51세,경상
2021062900100333,2021년 6월 29일 15시,화요일,강원도 홍천군 화촌면,중상사고,0,1,0,0,차량단독 - 기타,안전운전불이행,건조,맑음,단일로 - 지하차도(도로)내,이륜,남,25세,중상,,,,
2021062900100382,2021년 6월 29일 16시,화요일,강원도 강릉시 포남동,경상사고,0,0,1,0,차대사람 - 횡단중,보행자보호의무위반,건조,맑음,교차로 - 교차로횡단보도내,승용,남,33세,상해없음,보행자,여,25세,경상
2021062900100384,2021년 6월 29일 16시,화요일,강원도 삼척시 하장면,경상사고,0,0,1,0,차대차 - 측면충돌,안전운전불이행,건조,맑음,교차로 - 교차로안,화물,남,60세,상해없음,승용,여,37세,경상
2021062900100385,2021년 6월 29일 16시,화요일,강원도 동해시 천곡동,경상사고,0,0,1,0,차대사람 - 횡단중,보행자보호의무위반,건조,맑음,단일로 - 기타,승용,남,84세,상해없음,보행자,여,84세,경상
2021062900100435,2021년 6월 29일 17시,화요일,강원도 원주시 흥업면,경상사고,0,0,1,0,차대차 - 측면충돌,신호위반,건조,맑음,교차로 - 교차로안,승용,남,24세,상해없음,승용,여,21세,경상
2021062900100436,2021년 6월 29일 17시,화요일,강원도 양양군 강현면,중상사고,0,1,0,0,차대차 - 측면충돌,교차로운행방법위반,건조,맑음,교차로 - 교차로안,이륜,남,41세,중상,승용,남,37세,상해없음
2021062900100437,2021년 6월 29일 17시,화요일,강원도 동해시 평릉동,경상사고,0,0,1,0,차대차 - 측면충돌,안전운전불이행,건조,맑음,주차장 - 주차장,승용,남,39세,상해없음,승용,여,54세,경상
2021062900100570,2021년 6월 29일 20시,화요일,강원도 원주시 문막읍,경상사고,0,0,1,0,차대사람 - 길가장자리구역통행중,안전운전불이행,건조,맑음,단일로 - 기타,승용,남,23세,상해없음,보행자,남,69세,경상
2021063000100043,2021년 6월 30일 06시,수요일,강원도 원주시 단계동,경상사고,0,0,1,0,차대차 - 측면충돌,신호위반,건조,맑음,교차로 - 교차로안,승용,남,30세,상해없음,승합,남,49세,경상
2021063000100088,2021년 6월 30일 08시,수요일,강원도 삼척시 당저동,경상사고,0,0,1,0,차대차 - 측면충돌,안전운전불이행,건조,맑음,교차로 - 교차로안,승용,여,59세,상해없음,승용,남,50세,경상
2021063000100089,2021년 6월 30일 08시,수요일,강원도 철원군 서면,경상사고,0,0,1,0,차대차 - 측면충돌,직진우회전진행방해,건조,맑음,교차로 - 교차로안,승용,남,60세,기타불명,승용,여,62세,경상
2021063000100127,2021년 6월 30일 09시,수요일,강원도 강릉시 임당동,경상사고,0,0,2,0,차대차 - 기타,신호위반,건조,맑음,교차로 - 교차로안,이륜,남,83세,경상,승용,남,64세,경상
2021063000100128,2021년 6월 30일 09시,수요일,강원도 원주시 지정면,경상사고,0,0,1,0,차대차 - 측면충돌,안전운전불이행,건조,맑음,교차로 - 교차로부근,승용,여,38세,상해없음,승용,여,42세,경상
2021063000100129,2021년 6월 30일 09시,수요일,강원도 정선군 임계면,부상신고사고,0,0,0,1,차대차 - 기타,안전운전불이행,건조,흐림,단일로 - 기타,승용,남,84세,부상신고,건설기계,남,54세,상해없음
2021063000100130,2021년 6월 30일 09시,수요일,강원도 횡성군 둔내면,경상사고,0,0,1,0,차대차 - 정면충돌,안전운전불이행,건조,맑음,단일로 - 기타,화물,남,74세,상해없음,승용,여,56세,경상
2021063000100166,2021년 6월 30일 10시,수요일,강원도 강릉시 난곡동,경상사고,0,0,2,0,차대차 - 추돌,안전운전불이행,건조,맑음,단일로 - 기타,승용,여,64세,상해없음,승용,남,62세,경상
2021063000100191,2021년 6월 30일 11시,수요일,강원도 삼척시 원덕읍,경상사고,0,0,1,0,차대사람 - 기타,안전운전불이행,건조,맑음,단일로 - 기타,승용,남,79세,상해없음,보행자,남,81세,경상
2021063000100192,2021년 6월 30일 11시,수요일,강원도 동해시 효가동,경상사고,0,0,1,0,차대차 - 측면충돌,교차로운행방법위반,젖음/습기,비,교차로 - 교차로안,건설기계,남,59세,상해없음,승용,여,47세,경상
2021063000100227,2021년 6월 30일 12시,수요일,강원도 춘천시 석사동,경상사고,0,0,1,0,차대차 - 기타,교차로운행방법위반,젖음/습기,비,교차로 - 교차로안,승용,남,52세,상해없음,이륜,남,20세,경상
2021063000100228,2021년 6월 30일 12시,수요일,강원도 동해시 발한동,중상사고,0,1,0,0,차대사람 - 횡단중,보행자보호의무위반,젖음/습기,비,단일로 - 기타,화물,남,58세,상해없음,보행자,여,65세,중상
2021063000100307,2021년 6월 30일 14시,수요일,강원도 원주시 단계동,경상사고,0,0,1,0,차대차 - 후진중충돌,안전운전불이행,건조,맑음,주차장 - 주차장,승용,남,61세,상해없음,승용,남,30세,경상
2021063000100347,2021년 6월 30일 15시,수요일,강원도 원주시 명륜동,경상사고,0,0,1,0,차대사람 - 횡단중,안전운전불이행,건조,맑음,교차로 - 교차로부근,승용,남,51세,기타불명,보행자,여,58세,경상
2021063000100348,2021년 6월 30일 15시,수요일,강원도 양구군 국토정중앙면,경상사고,0,0,1,0,차대차 - 추돌,안전운전불이행,건조,맑음,단일로 - 기타,이륜,남,60세,경상,농기계,남,56세,상해없음
2021063000100439,2021년 6월 30일 17시,수요일,강원도 강릉시 연곡면,경상사고,0,0,3,0,차대차 - 기타,안전운전불이행,젖음/습기,비,단일로 - 기타,승용,여,55세,상해없음,승용,남,27세,경상
2021063000100486,2021년 6월 30일 18시,수요일,강원도 춘천시 후평동,경상사고,0,0,1,0,차대차 - 기타,신호위반,건조,맑음,교차로 - 교차로안,승용,남,18세,상해없음,승용,남,19세,상해없음
2021063000100487,2021년 6월 30일 18시,수요일,강원도 춘천시 석사동,경상사고,0,0,1,0,차대차 - 측면충돌,안전운전불이행,건조,맑음,단일로 - 기타,승용,남,37세,상해없음,자전거,남,9세,경상
2021063000100488,2021년 6월 30일 18시,수요일,강원도 춘천시 퇴계동,경상사고,0,0,2,0,차대차 - 기타,차로위반,건조,맑음,단일로 - 기타,승용,여,46세,상해없음,승용,남,23세,경상
2021063000100489,2021년 6월 30일 18시,수요일,강원도 양구군 양구읍,경상사고,0,0,2,0,차대차 - 추돌,안전운전불이행,건조,맑음,단일로 - 교량,사륜오토바이(ATV),남,78세,상해없음,승용,남,33세,경상
2021063000100490,2021년 6월 30일 18시,수요일,강원도 횡성군 둔내면,중상사고,0,1,0,0,차대차 - 기타,기타,젖음/습기,비,단일로 - 기타,승용,남,49세,상해없음,화물,남,44세,중상
2021063000100555,2021년 6월 30일 20시,수요일,강원도 원주시 봉산동,중상사고,0,1,0,0,차대차 - 측면충돌,기타,건조,맑음,단일로 - 기타,화물,남,58세,상해없음,승용,여,61세,중상
2021063000100609,2021년 6월 30일 22시,수요일,강원도 춘천시 동내면,중상사고,0,1,0,0,차대사람 - 횡단중,보행자보호의무위반,건조,맑음,단일로 - 기타,승용,남,63세,상해없음,보행자,여,18세,중상
2021070100100002,2021년 7월 1일 00시,목요일,강원도 양양군 양양읍,경상사고,0,0,1,0,차대차 - 추돌,안전운전불이행,건조,맑음,주차장 - 주차장,승용,남,21세,상해없음,승용,남,52세,경상
2021070100100021,2021년 7월 1일 04시,목요일,강원도 양양군 현남면,경상사고,0,0,1,0,차대사람 - 길가장자리구역통행중,안전운전불이행,건조,맑음,교차로 - 교차로안,승용,남,33세,상해없음,보행자,남,29세,경상
2021070100100061,2021년 7월 1일 07시,목요일,강원도 원주시 명륜동,중상사고,0,1,0,0,차대사람 - 차도통행중,안전운전불이행,건조,맑음,단일로 - 기타,화물,남,45세,상해없음,보행자,여,47세,중상
2021070100100133,2021년 7월 1일 09시,목요일,강원도 춘천시 효자동,중상사고,0,1,1,0,차대차 - 측면충돌,교차로운행방법위반,건조,맑음,교차로 - 교차로안,승용,남,68세,경상,승용,여,61세,중상
2021070100100227,2021년 7월 1일 12시,목요일,강원도 홍천군 홍천읍,경상사고,0,0,1,0,차대차 - 측면충돌,교차로운행방법위반,건조,맑음,교차로 - 교차로안,승용,남,54세,기타불명,승용,남,25세,경상
2021070100100228,2021년 7월 1일 12시,목요일,강원도 태백시 화전동,중상사고,0,1,1,0,차대차 - 추돌,안전운전불이행,건조,맑음,교차로 - 교차로부근,승용,여,67세,기타불명,승용,여,53세,경상
2021070100100229,2021년 7월 1일 12시,목요일,강원도 횡성군 횡성읍,경상사고,0,0,2,0,차대차 - 기타,중앙선침범,건조,맑음,단일로 - 기타,화물,남,68세,상해없음,승용,여,29세,경상
2021070100100261,2021년 7월 1일 13시,목요일,강원도 춘천시 후평동,경상사고,0,0,1,0,차대차 - 기타,안전운전불이행,건조,맑음,단일로 - 기타,승용,여,21세,상해없음,승용,여,61세,경상
2021070100100262,2021년 7월 1일 13시,목요일,강원도 동해시 묵호진동,경상사고,0,0,1,0,차대차 - 측면충돌,안전운전불이행,건조,맑음,교차로 - 교차로안,승용,남,57세,상해없음,이륜,남,38세,경상