사고번호,사고일시,요일,시군구,사고내용,사망자수,중상자수,경상자수,부상신고자수,사고유형,법규위반,노면상태,기상상태,도로형태,가해운전자 차종,가해운전자 성별,가해운전자 연령,가해운전자 상해정도,피해운전자 차종,피해운전자 성별,피해운전자 연령,피해운전자 상해정도
2021071800100232,2021년 7월 18일 15시,일요일,강원도 양양군 현남면,경상사고,0,0,1,0,차대사람 - 길가장자리구역통행중,안전운전불이행,건조,맑음,단일로 - 기타,승용,여,23세,상해없음,보행자,여,24세,경상
2021071800100233,2021년 7월 18일 15시,일요일,강원도 홍천군 서면,중상사고,0,1,0,0,차대차 - 후진중충돌,안전운전불이행,건조,맑음,단일로 - 지하차도(도로)내,승합,남,64세,상해없음,승용,남,31세,중상
2021071800100234,2021년 7월 18일 15시,일요일,강원도 양구군 동면,사망사고,1,0,0,0,차량단독 - 전도전복 - 전복,안전운전불이행,건조,맑음,단일로 - 기타,화물,남,56세,사망,,,,
2021071800100235,2021년 7월 18일 15시,일요일,강원도 홍천군 내촌면,경상사고,0,0,3,0,차대차 - 추돌,안전거리미확보,건조,맑음,단일로 - 기타,승용,남,32세,상해없음,승용,남,35세,경상
2021071800100260,2021년 7월 18일 16시,일요일,강원도 강릉시 금학동,경상사고,0,0,1,0,차대사람 - 보도통행중,기타,건조,맑음,단일로 - 기타,승용,여,68세,상해없음,보행자,여,28세,경상
2021071800100261,2021년 7월 18일 16시,일요일,강원도 고성군 현내면,경상사고,0,0,4,0,차대차 - 측면충돌,안전운전불이행,건조,맑음,단일로 - 기타,기타불명,남,20세,상해없음,승용,남,49세,경상
2021071800100262,2021년 7월 18일 16시,일요일,강원도 고성군 토성면,경상사고,0,0,1,0,차대차 - 측면충돌,안전운전불이행,건조,맑음,단일로 - 기타,화물,남,69세,상해없음,승용,여,54세,경상
2021071800100263,2021년 7월 18일 16시,일요일,강원도 홍천군 화촌면,경상사고,0,0,2,0,차대차 - 추돌,안전거리미확보,건조,맑음,단일로 - 기타,승용,남,18세,상해없음,승용,남,37세,경상
2021071800100285,2021년 7월 18일 17시,일요일,강원도 홍천군 북방면,경상사고,0,0,2,0,차대차 - 측면충돌,신호위반,건조,맑음,교차로 - 교차로안,승용,남,54세,상해없음,승용,남,19세,경상
2021071800100286,2021년 7월 18일 17시,일요일,강원도 홍천군 내촌면,경상사고,0,0,1,0,차대차 - 추돌,안전거리미확보,건조,맑음,단일로 - 기타,승용,여,51세,상해없음,승용,남,35세,경상
2021071800100318,2021년 7월 18일 18시,일요일,강원도 원주시 단계동,경상사고,0,0,1,0,차대차 - 측면충돌,안전거리미확보,건조,맑음,교차로 - 교차로안,승용,여,52세,상해없음,승용,남,39세,경상
2021071800100366,2021년 7월 18일 20시,일요일,강원도 강릉시 초당동,경상사고,0,0,1,0,차대차 - 측면충돌,안전운전불이행,건조,맑음,교차로 - 교차로안,승용,남,62세,상해없음,승용,남,32세,경상
2021071900100042,2021년 7월 19일 06시,월요일,강원도 춘천시 근화동,경상사고,0,0,1,0,차대차 - 기타,신호위반,건조,맑음,교차로 - 교차로안,승용,남,60세,상해없음,승용,남,61세,경상
2021071900100062,2021년 7월 19일 07시,월요일,강원도 원주시 우산동,경상사고,0,0,3,0,차대차 - 추돌,안전운전불이행,건조,맑음,단일로 - 기타,승용,남,64세,상해없음,승용,남,66세,경상
2021071900100124,2021년 7월 19일 09시,월요일,강원도 홍천군 홍천읍,중상사고,0,1,0,0,차대차 - 추돌,안전운전불이행,건조,맑음,단일로 - 터널,화물,남,54세,상해없음,자전거,남,62세,중상
2021071900100200,2021년 7월 19일 11시,월요일,강원도 춘천시 신동면,경상사고,0,0,3,0,차대차 - 측면충돌,안전운전불이행,건조,맑음,단일로 - 기타,화물,남,66세,상해없음,승용,여,46세,경상
2021071900100201,2021년 7월 19일 11시,월요일,강원도 원주시 행구동,중상사고,0,1,0,0,차대차 - 측면충돌,안전거리미확보,건조,맑음,단일로 - 기타,화물,남,76세,상해없음,승용,여,58세,중상
2021071900100202,2021년 7월 19일 11시,월요일,강원도 횡성군 둔내면,중상사고,0,1,0,0,차대차 - 측면충돌,기타,건조,맑음,교차로 - 교차로안,화물,남,59세,상해없음,승용,여,47세,중상
2021071900100232,2021년 7월 19일 12시,월요일,강원도 춘천시 효자동,중상사고,0,1,0,0,차대사람 - 횡단중,보행자보호의무위반,건조,맑음,교차로 - 교차로횡단보도내,승용,여,41세,상해없음,보행자,남,82세,중상
2021071900100233,2021년 7월 19일 12시,월요일,강원도 원주시 흥업면,경상사고,0,0,1,0,차대차 - 측면충돌,직진우회전진행방해,건조,맑음,교차로 - 교차로안,승용,여,67세,기타불명,승용,남,19세,경상
2021071900100234,2021년 7월 19일 12시,월요일,강원도 태백시 황지동,경상사고,0,0,2,0,차대차 - 추돌,안전운전불이행,건조,맑음,단일로 - 기타,승용,남,47세,상해없음,승용,남,54세,경상
2021071900100235,2021년 7월 19일 12시,월요일,강원도 횡성군 청일면,중상사고,0,1,0,0,차대차 - 측면충돌,안전운전불이행,건조,맑음,단일로 - 기타,농기계,남,65세,상해없음,화물,남,61세,상해없음
2021071900100270,2021년 7월 19일 13시,월요일,강원도 동해시 구호동,경상사고,0,0,1,0,차대차 - 측면충돌,직진우회전진행방해,건조,맑음,교차로 - 교차로안,화물,남,56세,상해없음,화물,남,39세,경상
2021071900100307,2021년 7월 19일 14시,월요일,강원도 춘천시 후평동,경상사고,0,0,2,0,차대차 - 측면충돌,신호위반,건조,맑음,교차로 - 교차로안,승용,여,29세,상해없음,승용,남,55세,경상
2021071900100308,2021년 7월 19일 14시,월요일,강원도 원주시 문막읍,경상사고,0,0,1,0,차대차 - 측면충돌,안전거리미확보,건조,맑음,단일로 - 기타,승용,남,61세,상해없음,승용,여,27세,경상
2021071900100346,2021년 7월 19일 15시,월요일,강원도 원주시 문막읍,경상사고,0,0,2,0,차대차 - 측면충돌,중앙선침범,건조,맑음,단일로 - 기타,승용,여,57세,경상,건설기계,남,24세,경상
2021071900100347,2021년 7월 19일 15시,월요일,강원도 속초시 조양동,경상사고,0,0,1,0,차대차 - 측면충돌,안전운전불이행,건조,맑음,교차로 - 교차로부근,승용,남,79세,상해없음,이륜,남,20세,경상
2021071900100348,2021년 7월 19일 15시,월요일,강원도 철원군 철원읍,경상사고,0,0,2,0,차대차 - 측면충돌,안전운전불이행,건조,맑음,단일로 - 기타,이륜,남,46세,경상,승용,여,36세,경상
2021071900100349,2021년 7월 19일 15시,월요일,강원도 동해시 추암동,경상사고,0,0,1,0,차대차 - 후진중충돌,안전운전불이행,건조,맑음,단일로 - 기타,승용,남,49세,상해없음,승용,여,61세,경상
2021071900100380,2021년 7월 19일 16시,월요일,강원도 원주시 지정면,경상사고,0,0,1,0,차대차 - 정면충돌,중앙선침범,건조,맑음,단일로 - 기타,승용,여,33세,기타불명,승용,남,51세,경상
2021071900100454,2021년 7월 19일 18시,월요일,강원도 홍천군 홍천읍,경상사고,0,0,1,0,차대차 - 추돌,안전거리미확보,건조,맑음,단일로 - 기타,화물,남,59세,상해없음,승용,남,57세,경상
2021071900100556,2021년 7월 19일 21시,월요일,강원도 춘천시 후평동,부상신고사고,0,0,0,4,차대차 - 측면충돌,직진우회전진행방해,건조,맑음,교차로 - 교차로안,승용,남,52세,상해없음,승용,남,49세,부상신고
2021072000100137,2021년 7월 20일 10시,화요일,강원도 춘천시 동내면,경상사고,0,0,1,0,차대차 - 추돌,안전운전불이행,건조,맑음,단일로 - 기타,승용,남,72세,기타불명,승용,여,78세,경상
2021072000100165,2021년 7월 20일 11시,화요일,강원도 춘천시 남면,경상사고,0,0,5,0,차대차 - 기타,중앙선침범,건조,맑음,단일로 - 기타,승용,남,18세,경상,화물,남,84세,경상
2021072000100201,2021년 7월 20일 12시,화요일,강원도 원주시 지정면,중상사고,0,4,1,0,차대차 - 추돌,기타,건조,맑음,단일로 - 기타,승용,남,43세,상해없음,화물,남,41세,중상
2021072000100274,2021년 7월 20일 14시,화요일,강원도 강릉시 왕산면,경상사고,0,0,2,0,차대차 - 기타,신호위반,건조,맑음,단일로 - 기타,승용,남,54세,상해없음,승용,남,44세,경상
2021072000100389,2021년 7월 20일 17시,화요일,강원도 원주시 무실동,경상사고,0,0,1,0,차대차 - 기타,직진우회전진행방해,건조,맑음,교차로 - 교차로안,승용,남,35세,상해없음,이륜,남,45세,경상
2021072000100390,2021년 7월 20일 17시,화요일,강원도 원주시 단계동,경상사고,0,0,1,0,차대차 - 측면충돌,신호위반,건조,맑음,교차로 - 교차로안,건설기계,남,65세,상해없음,승용,여,50세,경상
2021072000100434,2021년 7월 20일 18시,화요일,강원도 춘천시 효자동,경상사고,0,0,1,0,차대차 - 측면충돌,직진우회전진행방해,건조,맑음,교차로 - 교차로안,승용,여,25세,상해없음,이륜,남,17세,경상
2021072000100435,2021년 7월 20일 18시,화요일,강원도 춘천시 동면,경상사고,0,0,1,0,차대차 - 기타,교차로운행방법위반,건조,맑음,교차로 - 교차로안,승용,여,62세,상해없음,승용,남,33세,경상
2021072000100436,2021년 7월 20일 18시,화요일,강원도 원주시 인동,부상신고사고,0,0,0,3,차대차 - 측면충돌,안전운전불이행,건조,맑음,교차로 - 교차로안,승용,남,58세,상해없음,승용,남,23세,부상신고
2021072000100495,2021년 7월 20일 20시,화요일,강원도 춘천시 칠전동,부상신고사고,0,0,0,2,차대차 - 기타,신호위반,건조,맑음,교차로 - 교차로안,화물,남,69세,상해없음,승용,여,50세,부상신고
2021072000100524,2021년 7월 20일 21시,화요일,강원도 춘천시 효자동,경상사고,0,0,2,0,차대차 - 추돌,안전거리미확보,건조,맑음,단일로 - 기타,승용,남,21세,상해없음,승용,여,42세,경상
2021072000100539,2021년 7월 20일 22시,화요일,강원도 인제군 북면,중상사고,0,1,0,0,차대차 - 정면충돌,중앙선침범,건조,맑음,단일로 - 교량,화물,남,46세,상해없음,승용,여,26세,중상
2021072000100555,2021년 7월 20일 23시,화요일,강원도 홍천군 홍천읍,경상사고,0,0,1,0,차대차 - 측면충돌,교차로운행방법위반,건조,맑음,교차로 - 교차로안,승용,여,27세,기타불명,승용,남,40세,상해없음
2021072100100039,2021년 7월 21일 06시,수요일,강원도 원주시 반곡동,경상사고,0,0,2,0,차대차 - 기타,신호위반,건조,맑음,교차로 - 교차로안,승용,여,46세,경상,승용,여,39세,경상
2021072100100062,2021년 7월 21일 07시,수요일,강원도 춘천시 소양로1가,중상사고,0,1,0,0,차대사람 - 횡단중,안전운전불이행,건조,맑음,단일로 - 기타,승용,남,35세,상해없음,보행자,남,75세,중상
2021072100100063,2021년 7월 21일 07시,수요일,강원도 삼척시 마평동,중상사고,0,1,0,0,차대차 - 정면충돌,교차로운행방법위반,건조,맑음,교차로 - 교차로안,승용,남,71세,상해없음,승용,여,60세,중상
2021072100100093,2021년 7월 21일 08시,수요일,강원도 춘천시 후평동,경상사고,0,0,3,0,차대차 - 추돌,안전거리미확보,건조,맑음,단일로 - 기타,승용,남,56세,상해없음,승용,여,46세,경상
2021072100100094,2021년 7월 21일 08시,수요일,강원도 춘천시 칠전동,경상사고,0,0,2,0,차대차 - 측면충돌,차로위반,건조,맑음,단일로 - 기타,승용,여,52세,상해없음,승합,남,62세,경상
2021072100100095,2021년 7월 21일 08시,수요일,강원도 원주시 명륜동,경상사고,0,0,1,0,차대차 - 추돌,직진우회전진행방해,건조,맑음,교차로 - 교차로안,승용,여,48세,상해없음,승용,여,68세,경상
2021072100100096,2021년 7월 21일 08시,수요일,강원도 속초시 노학동,경상사고,0,0,2,0,차대차 - 추돌,안전운전불이행,건조,맑음,단일로 - 기타,승용,남,34세,상해없음,승용,여,23세,경상
2021072100100097,2021년 7월 21일 08시,수요일,강원도 평창군 평창읍,경상사고,0,0,3,0,차대차 - 정면충돌,직진우회전진행방해,건조,맑음,교차로 - 교차로안,승용,남,52세,경상,승용,여,26세,경상
2021072100100133,2021년 7월 21일 09시,수요일,강원도 동해시 부곡동,경상사고,0,0,1,0,차대차 - 측면충돌,교차로운행방법위반,건조,맑음,교차로 - 교차로안,승용,남,60세,상해없음,건설기계,남,39세,경상
2021072100100174,2021년 7월 21일 10시,수요일,강원도 춘천시 석사동,경상사고,0,0,1,0,차대차 - 기타,신호위반,건조,맑음,교차로 - 교차로횡단보도내,승용,여,28세,상해없음,자전거,남,15세,경상
2021072100100175,2021년 7월 21일 10시,수요일,강원도 춘천시 퇴계동,경상사고,0,0,1,0,차대차 - 추돌,안전거리미확보,건조,맑음,단일로 - 기타,승용,남,53세,상해없음,승용,여,42세,경상
2021072100100176,2021년 7월 21일 10시,수요일,강원도 영월군 주천면,경상사고,0,0,1,0,차대사람 - 차도통행중,안전운전불이행,건조,맑음,단일로 - 기타,화물,남,62세,상해없음,보행자,여,76세,경상
2021072100100218,2021년 7월 21일 11시,수요일,강원도 춘천시 신북읍,부상신고사고,0,0,0,1,차대차 - 기타,안전거리미확보,건조,맑음,교차로 - 교차로부근,승용,여,52세,상해없음,승합,남,41세,상해없음
2021072100100255,2021년 7월 21일 12시,수요일,강원도 원주시 학성동,경상사고,0,0,1,0,차대차 - 측면충돌,안전운전불이행,건조,맑음,교차로 - 교차로부근,승용,남,79세,상해없음,승용,여,36세,경상
2021072100100256,2021년 7월 21일 12시,수요일,강원도 삼척시 교동,경상사고,0,0,5,0,차대차 - 추돌,안전운전불이행,기타,맑음,기타 - 기타,승용,남,52세,상해없음,승용,여,32세,경상
2021072100100257,2021년 7월 21일 12시,수요일,강원도 삼척시 미로면,중상사고,0,1,0,0,차량단독 - 도로외이탈 - 추락,안전운전불이행,기타,맑음,기타 - 기타,승용,남,78세,중상,,,,
2021072100100258,2021년 7월 21일 12시,수요일,강원도 홍천군 홍천읍,경상사고,0,0,1,0,차대차 - 측면충돌,직진우회전진행방해,건조,맑음,교차로 - 교차로안,승용,여,62세,상해없음,특수,남,23세,경상
2021072100100295,2021년 7월 21일 13시,수요일,강원도 태백시 소도동,경상사고,0,0,1,0,차대차 - 측면충돌,신호위반,건조,맑음,교차로 - 교차로안,승용,여,62세,상해없음,화물,남,58세,경상
2021072100100336,2021년 7월 21일 14시,수요일,강원도 원주시 태장동,경상사고,0,0,1,0,차대차 - 측면충돌,교차로운행방법위반,건조,맑음,교차로 - 교차로안,승용,남,28세,상해없음,승용,남,62세,경상
2021072100100337,2021년 7월 21일 14시,수요일,강원도 원주시 개운동,경상사고,0,0,1,0,차대차 - 후진중충돌,안전운전불이행,건조,맑음,단일로 - 기타,승용,남,67세,상해없음,승용,남,30세,경상
2021072100100524,2021년 7월 21일 18시,수요일,강원도 춘천시 근화동,경상사고,0,0,1,0,차대차 - 측면충돌,안전거리미확보,건조,맑음,단일로 - 기타,승용,여,40세,상해없음,승용,남,55세,상해없음
2021072100100644,2021년 7월 21일 22시,수요일,강원도 춘천시 온의동,경상사고,0,0,1,0,차대차 - 추돌,안전거리미확보,건조,맑음,교차로 - 교차로부근,승용,여,45세,상해없음,승용,남,61세,경상
2021072100100645,2021년 7월 21일 22시,수요일,강원도 강릉시 홍제동,경상사고,0,0,1,0,차대사람 - 횡단중,신호위반,건조,맑음,교차로 - 교차로횡단보도내,승용,남,47세,상해없음,보행자,여,56세,경상
2021072200100130,2021년 7월 22일 09시,목요일,강원도 원주시 지정면,경상사고,0,0,1,0,차대차 - 측면충돌,신호위반,건조,맑음,교차로 - 교차로안,승용,남,31세,상해없음,승용,여,54세,경상
2021072200100195,2021년 7월 22일 11시,목요일,강원도 강릉시 임당동,경상사고,0,0,1,0,차대사람 - 차도통행중,안전운전불이행,건조,맑음,교차로 - 교차로부근,승용,남,63세,상해없음,보행자,남,84세,경상
2021072200100235,2021년 7월 22일 12시,목요일,강원도 강릉시 입암동,중상사고,0,1,0,0,차대차 - 기타,안전운전불이행,건조,맑음,교차로 - 교차로부근,승용,남,63세,상해없음,원동기,남,24세,중상
2021072200100236,2021년 7월 22일 12시,목요일,강원도 고성군 토성면,경상사고,0,0,5,0,차대차 - 추돌,안전운전불이행,건조,맑음,교차로 - 교차로부근,건설기계,남,46세,상해없음,승용,남,46세,경상
2021072200100268,2021년 7월 22일 13시,목요일,강원도 춘천시 석사동,경상사고,0,0,2,0,차대차 - 측면충돌,안전운전불이행,건조,맑음,교차로 - 교차로부근,승용,여,66세,상해없음,승합,남,47세,경상
2021072200100269,2021년 7월 22일 13시,목요일,강원도 원주시 소초면,사망사고,1,2,0,0,차대차 - 기타,안전운전불이행,건조,맑음,교차로 - 교차로안,승용,여,63세,상해없음,승용,여,41세,중상
2021072200100308,2021년 7월 22일 14시,목요일,강원도 속초시 조양동,경상사고,0,0,1,0,차대차 - 측면충돌,신호위반,건조,맑음,교차로 - 교차로안,승용,남,50세,상해없음,화물,남,36세,경상
2021072200100309,2021년 7월 22일 14시,목요일,강원도 정선군 정선읍,경상사고,0,0,1,0,차대사람 - 기타,안전운전불이행,건조,맑음,기타 - 기타,화물,남,25세,상해없음,보행자,남,50세,경상
2021072200100310,2021년 7월 22일 14시,목요일,강원도 횡성군 횡성읍,경상사고,0,0,1,0,차대차 - 측면충돌,안전거리미확보,건조,맑음,단일로 - 기타,승용,남,63세,기타불명,승용,남,27세,경상
2021072200100356,2021년 7월 22일 15시,목요일,강원도 춘천시 온의동,경상사고,0,0,1,0,차대차 - 추돌,안전거리미확보,건조,맑음,교차로 - 교차로부근,건설기계,남,28세,상해없음,화물,남,75세,경상
2021072200100357,2021년 7월 22일 15시,목요일,강원도 춘천시 우두동,경상사고,0,0,1,0,차대차 - 추돌,안전거리미확보,건조,맑음,단일로 - 기타,승용,여,53세,상해없음,승용,남,27세,경상
2021072200100358,2021년 7월 22일 15시,목요일,강원도 강릉시 유천동,경상사고,0,0,2,0,차대차 - 후진중충돌,안전운전불이행,건조,맑음,단일로 - 기타,승용,남,24세,상해없음,승용,여,45세,경상
2021072200100398,2021년 7월 22일 16시,목요일,강원도 춘천시 우두동,경상사고,0,0,1,0,차대차 - 측면충돌,안전운전불이행,건조,맑음,교차로 - 교차로부근,건설기계,남,63세,기타불명,승용,여,35세,경상
2021072200100399,2021년 7월 22일 16시,목요일,강원도 원주시 평원동,경상사고,0,0,1,0,차대차 - 측면충돌,안전운전불이행,건조,맑음,단일로 - 기타,승용,여,62세,상해없음,승용,남,32세,경상
2021072200100445,2021년 7월 22일 17시,목요일,강원도 평창군 봉평면,경상사고,0,0,2,0,차대차 - 측면충돌,안전거리미확보,건조,맑음,단일로 - 지하차도(도로)내,승용,남,79세,경상,화물,남,67세,경상
2021072200100446,2021년 7월 22일 17시,목요일,강원도 태백시 황지동,중상사고,0,1,0,0,차대사람 - 기타,안전운전불이행,건조,맑음,단일로 - 기타,승용,여,49세,상해없음,보행자,남,57세,중상
2021072200100531,2021년 7월 22일 19시,목요일,강원도 원주시 문막읍,경상사고,0,0,1,0,차대차 - 측면충돌,교차로운행방법위반,건조,맑음,교차로 - 교차로안,승용,남,62세,상해없음,승용,여,31세,경상
2021072200100573,2021년 7월 22일 20시,목요일,강원도 원주시 단계동,경상사고,0,0,1,0,차대차 - 측면충돌,안전운전불이행,건조,맑음,교차로 - 교차로부근,승용,남,64세,상해없음,승용,남,46세,경상
2021072200100625,2021년 7월 22일 22시,목요일,강원도 춘천시 효자동,경상사고,0,0,1,0,차대사람 - 횡단중,신호위반,건조,맑음,교차로 - 교차로횡단보도내,승용,남,29세,상해없음,보행자,여,19세,경상
2021072300100053,2021년 7월 23일 07시,금요일,강원도 동해시 발한동,중상사고,0,1,0,0,차대차 - 측면충돌,안전운전불이행,건조,맑음,교차로 - 교차로안,화물,남,67세,상해없음,자전거,남,67세,중상
2021072300100090,2021년 7월 23일 08시,금요일,강원도 철원군 김화읍,경상사고,0,0,1,0,차대차 - 측면충돌,중앙선침범,건조,맑음,단일로 - 기타,승용,남,75세,상해없음,이륜,여,53세,경상
2021072300100115,2021년 7월 23일 09시,금요일,강원도 춘천시 동면,중상사고,0,1,0,0,차대차 - 측면충돌,직진우회전진행방해,건조,맑음,교차로 - 교차로안,승용,여,64세,상해없음,이륜,남,48세,중상
2021072300100116,2021년 7월 23일 09시,금요일,강원도 강릉시 입암동,중상사고,0,1,1,0,차대차 - 측면충돌,안전운전불이행,건조,맑음,교차로 - 교차로안,승용,남,63세,상해없음,승용,여,42세,중상
2021072300100117,2021년 7월 23일 09시,금요일,강원도 동해시 발한동,경상사고,0,0,1,0,차대차 - 측면충돌,안전운전불이행,건조,맑음,단일로 - 기타,화물,남,50세,상해없음,자전거,남,82세,경상
2021072300100187,2021년 7월 23일 11시,금요일,강원도 원주시 반곡동,경상사고,0,0,1,0,차대차 - 기타,직진우회전진행방해,건조,맑음,교차로 - 교차로횡단보도내,승용,남,36세,상해없음,승용,여,38세,경상
2021072300100188,2021년 7월 23일 11시,금요일,강원도 속초시 조양동,중상사고,0,1,0,0,차대사람 - 횡단중,신호위반,건조,맑음,교차로 - 교차로안,승용,여,29세,상해없음,보행자,여,68세,중상
2021072300100189,2021년 7월 23일 11시,금요일,강원도 평창군 진부면,중상사고,0,1,1,0,차대차 - 추돌,안전거리미확보,건조,맑음,단일로 - 터널,승용,남,29세,상해없음,승용,여,44세,경상
2021072300100221,2021년 7월 23일 12시,금요일,강원도 춘천시 우두동,경상사고,0,0,1,0,차대차 - 기타,교차로운행방법위반,건조,맑음,교차로 - 교차로안,승용,남,81세,상해없음,이륜,남,38세,경상
2021072300100222,2021년 7월 23일 12시,금요일,강원도 정선군 신동읍,경상사고,0,0,1,0,차대차 - 기타,안전운전불이행,건조,맑음,단일로 - 기타,승용,남,59세,경상,승용,여,37세,상해없음
2021072300100300,2021년 7월 23일 14시,금요일,강원도 춘천시 동내면,경상사고,0,0,1,0,차대차 - 기타,안전거리미확보,건조,맑음,단일로 - 기타,화물,남,43세,상해없음,건설기계,남,50세,경상
2021072300100301,2021년 7월 23일 14시,금요일,강원도 강릉시 성남동,경상사고,0,0,2,0,차대차 - 기타,안전운전불이행,건조,맑음,주차장 - 주차장,승합,남,49세,상해없음,승용,남,21세,경상
2021072300100339,2021년 7월 23일 15시,금요일,강원도 강릉시 용강동,경상사고,0,0,3,0,차대차 - 측면충돌,신호위반,건조,맑음,교차로 - 교차로안,승용,남,52세,상해없음,승용,남,72세,경상
2021072300100340,2021년 7월 23일 15시,금요일,강원도 평창군 진부면,경상사고,0,0,1,0,차대차 - 측면충돌,안전거리미확보,건조,맑음,교차로 - 교차로안,승용,남,24세,상해없음,화물,남,47세,경상
2021072300100385,2021년 7월 23일 16시,금요일,강원도 원주시 명륜동,경상사고,0,0,1,0,차대차 - 추돌,안전운전불이행,건조,맑음,단일로 - 기타,승용,남,29세,상해없음,승용,남,70세,경상
2021072300100386,2021년 7월 23일 16시,금요일,강원도 화천군 하남면,중상사고,0,1,2,0,차대차 - 측면충돌,중앙선침범,건조,맑음,단일로 - 기타,승용,남,61세,중상,승용,남,37세,경상
2021072300100436,2021년 7월 23일 17시,금요일,강원도 삼척시 정상동,중상사고,0,1,0,0,차대사람 - 차도통행중,안전운전불이행,건조,맑음,교차로 - 교차로안,승용,여,40세,상해없음,보행자,남,71세,중상
2021072300100488,2021년 7월 23일 18시,금요일,강원도 춘천시 칠전동,경상사고,0,0,1,0,차대차 - 측면충돌,직진우회전진행방해,건조,맑음,교차로 - 교차로안,화물,남,49세,상해없음,승용,남,44세,경상
2021072300100489,2021년 7월 23일 18시,금요일,강원도 동해시 묵호진동,중상사고,0,1,0,0,차대사람 - 횡단중,안전운전불이행,건조,맑음,단일로 - 기타,승용,남,77세,상해없음,보행자,남,73세,중상
2021072300100541,2021년 7월 23일 19시,금요일,강원도 삼척시 정상동,경상사고,0,0,1,0,차대차 - 측면충돌,직진우회전진행방해,건조,맑음,교차로 - 교차로안,승용,여,64세,상해없음,승용,남,36세,경상
2021072300100542,2021년 7월 23일 19시,금요일,강원도 삼척시 남양동,경상사고,0,0,1,0,차대사람 - 기타,직진우회전진행방해,건조,맑음,교차로 - 교차로안,승용,남,69세,상해없음,보행자,여,59세,경상
2021072300100584,2021년 7월 23일 20시,금요일,강원도 동해시 천곡동,중상사고,0,1,0,0,차대차 - 측면충돌,신호위반,건조,맑음,교차로 - 교차로안,승용,남,48세,상해없음,승용,여,40세,중상
2021072400100005,2021년 7월 24일 00시,토요일,강원도 춘천시 후평동,경상사고,0,0,3,0,차대차 - 측면충돌,교차로운행방법위반,건조,맑음,교차로 - 교차로안,승용,남,34세,상해없음,승용,여,69세,경상
2021072400100024,2021년 7월 24일 03시,토요일,강원도 춘천시 후평동,중상사고,0,1,0,0,차대차 - 측면충돌,교차로운행방법위반,건조,맑음,교차로 - 교차로안,승용,남,68세,상해없음,이륜,남,29세,중상
2021072400100051,2021년 7월 24일 07시,토요일,강원도 양양군 강현면,경상사고,0,0,3,0,차대차 - 추돌,안전운전불이행,건조,맑음,단일로 - 터널,승용,여,31세,상해없음,승용,여,31세,경상
2021072400100070,2021년 7월 24일 08시,토요일,강원도 강릉시 성남동,경상사고,0,0,1,0,차대사람 - 차도통행중,안전운전불이행,건조,맑음,교차로 - 교차로부근,승용,남,61세,상해없음,보행자,여,77세,경상
2021072400100161,2021년 7월 24일 11시,토요일,강원도 홍천군 남면,중상사고,0,1,1,0,차대차 - 측면충돌,직진우회전진행방해,건조,맑음,교차로 - 교차로안,화물,남,52세,상해없음,승용,남,63세,중상
2021072400100201,2021년 7월 24일 12시,토요일,강원도 양구군 양구읍,경상사고,0,0,1,0,차대차 - 측면충돌,안전운전불이행,건조,맑음,주차장 - 주차장,승용,남,37세,상해없음,승용,여,41세,경상
2021072400100242,2021년 7월 24일 13시,토요일,강원도 춘천시 퇴계동,경상사고,0,0,1,0,차대차 - 후진중충돌,안전운전불이행,건조,맑음,기타 - 기타,승용,남,29세,상해없음,승용,여,54세,경상
2021072400100243,2021년 7월 24일 13시,토요일,강원도 철원군 서면,경상사고,0,0,1,0,차량단독 - 공작물충돌,안전운전불이행,건조,맑음,단일로 - 기타,화물,남,76세,경상,,,,
2021072400100326,2021년 7월 24일 15시,토요일,강원도 화천군 화천읍,경상사고,0,0,3,0,차대차 - 측면충돌,교차로운행방법위반,건조,맑음,교차로 - 교차로안,승용,여,50세,경상,승용,여,58세,경상
2021072400100362,2021년 7월 24일 16시,토요일,강원도 삼척시 남양동,경상사고,0,0,1,0,차대사람 - 기타,안전운전불이행,건조,맑음,단일로 - 기타,승용,남,40세,상해없음,보행자,여,57세,경상
2021072400100363,2021년 7월 24일 16시,토요일,강원도 태백시 장성동,중상사고,0,1,1,0,차대차 - 추돌,안전운전불이행,건조,맑음,단일로 - 기타,승용,남,69세,상해없음,승용,여,29세,중상
2021072400100392,2021년 7월 24일 17시,토요일,강원도 속초시 조양동,경상사고,0,0,3,0,차대차 - 측면충돌,안전운전불이행,건조,맑음,교차로 - 교차로부근,승용,남,28세,상해없음,승용,남,22세,경상
2021072400100393,2021년 7월 24일 17시,토요일,강원도 횡성군 안흥면,중상사고,0,1,0,0,차대차 - 기타,중앙선침범,건조,맑음,단일로 - 기타,승용,남,35세,기타불명,화물,남,72세,중상
2021072400100394,2021년 7월 24일 17시,토요일,강원도 인제군 인제읍,경상사고,0,0,2,0,차대차 - 측면충돌,안전운전불이행,건조,맑음,교차로 - 교차로안,승용,남,30세,상해없음,승용,남,44세,경상
2021072400100395,2021년 7월 24일 17시,토요일,강원도 철원군 동송읍,경상사고,0,0,2,0,차대차 - 측면충돌,안전운전불이행,건조,맑음,교차로 - 교차로안,이륜,남,22세,경상,승용,남,26세,경상