사고번호,사고일시,요일,시군구,사고내용,사망자수,중상자수,경상자수,부상신고자수,사고유형,법규위반,노면상태,기상상태,도로형태,가해운전자 차종,가해운전자 성별,가해운전자 연령,가해운전자 상해정도,피해운전자 차종,피해운전자 성별,피해운전자 연령,피해운전자 상해정도
2021073000100581,2021년 7월 30일 22시,금요일,강원도 철원군 동송읍,경상사고,0,0,1,0,차대차 - 추돌,안전운전불이행,건조,맑음,단일로 - 기타,승용,남,21세,상해없음,승용,남,57세,경상
2021073000100614,2021년 7월 30일 23시,금요일,강원도 정선군 신동읍,부상신고사고,0,0,0,1,차대사람 - 기타,안전운전불이행,건조,맑음,단일로 - 기타,승용,남,63세,상해없음,보행자,남,62세,부상신고
2021073100100021,2021년 7월 31일 01시,토요일,강원도 춘천시 동내면,중상사고,0,1,2,0,차대차 - 기타,직진우회전진행방해,건조,맑음,교차로 - 교차로안,승용,남,23세,상해없음,승용,남,57세,중상
2021073100100053,2021년 7월 31일 06시,토요일,강원도 영월군 무릉도원면,중상사고,0,2,0,0,차대차 - 측면충돌,교차로운행방법위반,건조,맑음,교차로 - 교차로안,화물,남,54세,상해없음,이륜,남,80세,중상
2021073100100081,2021년 7월 31일 08시,토요일,강원도 강릉시 연곡면,경상사고,0,0,1,0,차대차 - 정면충돌,중앙선침범,건조,맑음,단일로 - 기타,승용,남,73세,상해없음,승용,여,58세,경상
2021073100100082,2021년 7월 31일 08시,토요일,강원도 양양군 현남면,경상사고,0,0,2,0,차대차 - 측면충돌,신호위반,건조,맑음,교차로 - 교차로안,화물,남,33세,경상,승용,남,52세,경상
2021073100100105,2021년 7월 31일 10시,토요일,강원도 춘천시 효자동,경상사고,0,0,2,0,차대차 - 추돌,안전운전불이행,건조,맑음,교차로 - 교차로부근,승용,남,26세,상해없음,승용,여,22세,경상
2021073100100106,2021년 7월 31일 10시,토요일,강원도 철원군 철원읍,경상사고,0,0,2,0,차대차 - 추돌,안전운전불이행,건조,맑음,단일로 - 기타,화물,남,70세,상해없음,승용,남,73세,경상
2021073100100183,2021년 7월 31일 12시,토요일,강원도 춘천시 후평동,경상사고,0,0,1,0,차대차 - 측면충돌,안전운전불이행,건조,맑음,교차로 - 교차로안,승용,여,37세,상해없음,이륜,남,37세,경상
2021073100100184,2021년 7월 31일 12시,토요일,강원도 춘천시 후평동,경상사고,0,0,3,0,차대차 - 측면충돌,안전운전불이행,건조,맑음,단일로 - 기타,화물,남,66세,상해없음,승용,여,24세,경상
2021073100100185,2021년 7월 31일 12시,토요일,강원도 원주시 행구동,경상사고,0,0,1,0,차대차 - 측면충돌,교차로운행방법위반,건조,맑음,교차로 - 교차로안,승합,남,62세,상해없음,화물,남,45세,경상
2021073100100186,2021년 7월 31일 12시,토요일,강원도 속초시 조양동,경상사고,0,0,2,0,차대차 - 측면충돌,안전운전불이행,건조,맑음,교차로 - 교차로안,승용,남,38세,상해없음,승용,여,30세,경상
2021073100100187,2021년 7월 31일 12시,토요일,강원도 홍천군 홍천읍,경상사고,0,0,2,0,차대차 - 추돌,안전운전불이행,건조,맑음,단일로 - 기타,승용,남,39세,상해없음,승용,여,41세,경상
2021073100100188,2021년 7월 31일 12시,토요일,강원도 동해시 평릉동,경상사고,0,0,1,0,차대사람 - 기타,안전운전불이행,건조,맑음,기타 - 기타,자전거,남,50세,상해없음,보행자,남,41세,경상
2021073100100238,2021년 7월 31일 13시,토요일,강원도 원주시 태장동,경상사고,0,0,3,0,차대차 - 측면충돌,신호위반,건조,맑음,교차로 - 교차로안,이륜,남,36세,상해없음,승용,남,39세,경상
2021073100100239,2021년 7월 31일 13시,토요일,강원도 고성군 간성읍,중상사고,0,2,0,0,차대차 - 추돌,안전운전불이행,건조,맑음,기타 - 기타,승용,남,25세,상해없음,승용,남,32세,중상
2021073100100281,2021년 7월 31일 14시,토요일,강원도 삼척시 남양동,경상사고,0,0,1,0,차대차 - 정면충돌,안전운전불이행,건조,맑음,교차로 - 교차로안,승용,남,31세,상해없음,승용,남,45세,경상
2021073100100313,2021년 7월 31일 15시,토요일,강원도 영월군 남면,부상신고사고,0,0,0,1,차대차 - 기타,안전운전불이행,건조,맑음,교차로 - 교차로부근,승용,남,57세,상해없음,승용,여,51세,상해없음
2021073100100314,2021년 7월 31일 15시,토요일,강원도 횡성군 횡성읍,경상사고,0,0,1,0,차대차 - 측면충돌,안전운전불이행,건조,맑음,교차로 - 교차로횡단보도내,승용,남,51세,상해없음,자전거,남,12세,경상
2021073100100343,2021년 7월 31일 16시,토요일,강원도 속초시 조양동,중상사고,0,1,0,0,차대차 - 측면충돌,안전운전불이행,건조,맑음,교차로 - 교차로안,승용,남,37세,상해없음,이륜,남,38세,중상
2021073100100344,2021년 7월 31일 16시,토요일,강원도 평창군 대화면,중상사고,0,1,1,0,차대차 - 측면충돌,직진우회전진행방해,건조,맑음,교차로 - 교차로안,승용,여,39세,경상,승용,여,55세,중상
2021073100100345,2021년 7월 31일 16시,토요일,강원도 평창군 용평면,경상사고,0,0,1,0,차량단독 - 공작물충돌,안전운전불이행,건조,맑음,단일로 - 기타,화물,남,55세,경상,,,,
2021073100100378,2021년 7월 31일 17시,토요일,강원도 원주시 귀래면,중상사고,0,1,0,0,차대차 - 추돌,안전운전불이행,건조,맑음,단일로 - 기타,화물,남,28세,상해없음,화물,남,50세,중상
2021073100100379,2021년 7월 31일 17시,토요일,강원도 동해시 송정동,경상사고,0,0,1,0,차대차 - 기타,교차로운행방법위반,건조,맑음,교차로 - 교차로안,승용,여,50세,상해없음,원동기,남,29세,경상
2021073100100453,2021년 7월 31일 19시,토요일,강원도 속초시 교동,경상사고,0,0,1,0,차대사람 - 횡단중,안전운전불이행,건조,맑음,교차로 - 교차로부근,이륜,남,24세,상해없음,보행자,여,76세,경상
2021073100100484,2021년 7월 31일 20시,토요일,강원도 고성군 토성면,중상사고,0,1,1,0,차대차 - 측면충돌,안전운전불이행,건조,맑음,교차로 - 교차로부근,승용,남,26세,상해없음,화물,남,44세,경상
2021073100100485,2021년 7월 31일 20시,토요일,강원도 고성군 죽왕면,중상사고,0,1,0,0,차대사람 - 횡단중,안전운전불이행,건조,맑음,교차로 - 교차로부근,승용,남,69세,상해없음,보행자,여,63세,중상
2021073100100504,2021년 7월 31일 21시,토요일,강원도 춘천시 동산면,부상신고사고,0,0,0,1,차대차 - 측면충돌,직진우회전진행방해,건조,맑음,교차로 - 교차로안,승용,남,55세,상해없음,승용,남,54세,부상신고
2021073100100505,2021년 7월 31일 21시,토요일,강원도 정선군 고한읍,중상사고,0,1,4,0,차대차 - 기타,안전운전불이행,건조,흐림,단일로 - 기타,이륜,남,36세,중상,승용,남,41세,경상
2021073100100539,2021년 7월 31일 22시,토요일,강원도 속초시 교동,중상사고,0,1,0,0,차대사람 - 보도통행중,보행자보호의무위반,건조,맑음,교차로 - 교차로안,승용,여,55세,상해없음,보행자,여,39세,중상
2021073100100560,2021년 7월 31일 23시,토요일,강원도 강릉시 병산동,중상사고,0,1,1,0,차대차 - 기타,신호위반,건조,맑음,교차로 - 교차로안,승용,남,53세,기타불명,승용,남,54세,중상
2021080100100082,2021년 8월 1일 10시,일요일,강원도 원주시 문막읍,경상사고,0,0,2,0,차대차 - 추돌,직진우회전진행방해,건조,맑음,교차로 - 교차로안,승용,남,55세,경상,승용,남,54세,경상
2021080100100106,2021년 8월 1일 11시,일요일,강원도 춘천시 사농동,경상사고,0,0,1,0,차대차 - 측면충돌,교차로운행방법위반,건조,맑음,교차로 - 교차로안,승용,남,61세,상해없음,승용,여,64세,경상
2021080100100107,2021년 8월 1일 11시,일요일,강원도 춘천시 후평동,경상사고,0,0,2,0,차대차 - 측면충돌,안전거리미확보,건조,맑음,교차로 - 교차로부근,승용,여,37세,경상,화물,남,47세,경상
2021080100100108,2021년 8월 1일 11시,일요일,강원도 원주시 태장동,중상사고,0,1,2,0,차대차 - 기타,신호위반,건조,맑음,교차로 - 교차로안,승용,남,39세,상해없음,승용,남,62세,경상
2021080100100109,2021년 8월 1일 11시,일요일,강원도 횡성군 횡성읍,경상사고,0,0,4,0,차대차 - 측면충돌,안전거리미확보,건조,맑음,단일로 - 기타,승용,남,26세,상해없음,승합,여,44세,경상
2021080100100133,2021년 8월 1일 12시,일요일,강원도 태백시 황지동,중상사고,0,1,0,0,차대차 - 측면충돌,교차로운행방법위반,젖음/습기,비,교차로 - 교차로안,승용,여,69세,상해없음,승용,남,62세,중상
2021080100100185,2021년 8월 1일 14시,일요일,강원도 영월군 영월읍,부상신고사고,0,0,0,2,차대차 - 측면충돌,안전운전불이행,젖음/습기,비,단일로 - 기타,승용,남,67세,기타불명,승용,남,62세,부상신고
2021080100100207,2021년 8월 1일 15시,일요일,강원도 원주시 신림면,경상사고,0,0,1,0,차대차 - 추돌,중앙선침범,젖음/습기,비,단일로 - 기타,승용,남,28세,상해없음,화물,남,60세,경상
2021080100100208,2021년 8월 1일 15시,일요일,강원도 속초시 교동,중상사고,0,1,0,0,차대차 - 측면충돌,교차로운행방법위반,건조,맑음,교차로 - 교차로안,승용,남,35세,기타불명,승용,여,28세,중상
2021080100100209,2021년 8월 1일 15시,일요일,강원도 화천군 화천읍,경상사고,0,0,3,0,차대차 - 측면충돌,교차로운행방법위반,건조,맑음,교차로 - 교차로안,승용,남,30세,상해없음,승용,여,29세,경상
2021080100100210,2021년 8월 1일 15시,일요일,강원도 고성군 거진읍,중상사고,0,3,0,0,차대차 - 측면충돌,교차로운행방법위반,건조,흐림,교차로 - 교차로안,승용,여,33세,상해없음,승용,남,58세,중상
2021080100100236,2021년 8월 1일 16시,일요일,강원도 강릉시 내곡동,경상사고,0,0,2,0,차대차 - 측면충돌,안전운전불이행,건조,맑음,교차로 - 교차로안,화물,남,51세,상해없음,승용,남,28세,경상
2021080100100237,2021년 8월 1일 16시,일요일,강원도 홍천군 홍천읍,경상사고,0,0,2,0,차대차 - 측면충돌,교차로운행방법위반,젖음/습기,비,교차로 - 교차로안,승용,남,25세,상해없음,화물,남,56세,경상
2021080100100238,2021년 8월 1일 16시,일요일,강원도 횡성군 안흥면,중상사고,0,1,1,0,차대차 - 정면충돌,안전운전불이행,젖음/습기,비,단일로 - 기타,농기계,남,73세,중상,화물,남,60세,경상
2021080100100262,2021년 8월 1일 17시,일요일,강원도 춘천시 후평동,경상사고,0,0,1,0,차대차 - 측면충돌,차로위반,젖음/습기,비,단일로 - 기타,승용,남,61세,상해없음,이륜,남,37세,경상
2021080100100263,2021년 8월 1일 17시,일요일,강원도 원주시 관설동,부상신고사고,0,0,0,1,차대차 - 추돌,안전운전불이행,젖음/습기,비,교차로 - 교차로부근,승용,남,60세,상해없음,승용,여,59세,부상신고
2021080100100264,2021년 8월 1일 17시,일요일,강원도 양양군 현남면,경상사고,0,0,1,0,차대차 - 측면충돌,안전운전불이행,건조,흐림,교차로 - 교차로부근,이륜,남,38세,경상,승용,남,50세,상해없음
2021080100100265,2021년 8월 1일 17시,일요일,강원도 속초시 교동,경상사고,0,0,1,0,차대차 - 측면충돌,안전운전불이행,젖음/습기,비,교차로 - 교차로안,승용,남,60세,상해없음,이륜,남,23세,경상
2021080100100266,2021년 8월 1일 17시,일요일,강원도 홍천군 서석면,경상사고,0,0,1,0,차대차 - 추돌,안전운전불이행,젖음/습기,비,단일로 - 기타,화물,남,23세,상해없음,승용,남,51세,상해없음
2021080100100293,2021년 8월 1일 18시,일요일,강원도 춘천시 후평동,경상사고,0,0,1,0,차대차 - 측면충돌,신호위반,젖음/습기,비,교차로 - 교차로안,이륜,남,23세,상해없음,승용,남,47세,경상
2021080100100294,2021년 8월 1일 18시,일요일,강원도 평창군 용평면,경상사고,0,0,2,0,차대차 - 추돌,안전거리미확보,젖음/습기,비,단일로 - 기타,승용,남,47세,상해없음,승용,여,46세,경상
2021080100100332,2021년 8월 1일 19시,일요일,강원도 원주시 단계동,경상사고,0,0,2,0,차대차 - 측면충돌,직진우회전진행방해,젖음/습기,비,교차로 - 교차로안,승용,여,20세,상해없음,승용,남,35세,경상
2021080100100333,2021년 8월 1일 19시,일요일,강원도 평창군 봉평면,경상사고,0,0,6,0,차대차 - 추돌,안전운전불이행,건조,맑음,단일로 - 기타,승용,남,29세,상해없음,승용,남,35세,경상
2021080100100371,2021년 8월 1일 20시,일요일,강원도 속초시 청호동,중상사고,0,2,0,0,차대차 - 측면충돌,교차로운행방법위반,건조,맑음,교차로 - 교차로안,승용,남,60세,상해없음,승용,여,48세,중상
2021080100100411,2021년 8월 1일 21시,일요일,강원도 원주시 봉산동,경상사고,0,0,2,0,차대차 - 추돌,안전운전불이행,침수,비,교차로 - 교차로부근,승용,남,51세,상해없음,승용,여,59세,경상
2021080200100054,2021년 8월 2일 07시,월요일,강원도 강릉시 강문동,경상사고,0,0,3,0,차대차 - 추돌,안전운전불이행,건조,맑음,교차로 - 교차로부근,승용,여,45세,상해없음,승용,여,65세,경상
2021080200100055,2021년 8월 2일 07시,월요일,강원도 원주시 태장동,중상사고,0,1,0,0,차대사람 - 차도통행중,안전운전불이행,건조,맑음,교차로 - 교차로안,승용,여,43세,상해없음,보행자,여,87세,중상
2021080200100074,2021년 8월 2일 08시,월요일,강원도 춘천시 온의동,중상사고,0,1,0,0,차대사람 - 횡단중,안전운전불이행,건조,맑음,단일로 - 기타,승용,남,54세,상해없음,보행자,여,76세,중상
2021080200100075,2021년 8월 2일 08시,월요일,강원도 홍천군 북방면,경상사고,0,0,1,0,차대차 - 정면충돌,신호위반,건조,맑음,교차로 - 교차로안,승용,남,66세,상해없음,승용,남,57세,경상
2021080200100096,2021년 8월 2일 09시,월요일,강원도 강릉시 포남동,경상사고,0,0,1,0,차대차 - 기타,안전운전불이행,건조,맑음,주차장 - 주차장,승용,여,40세,상해없음,승용,남,45세,경상
2021080200100097,2021년 8월 2일 09시,월요일,강원도 원주시 학성동,중상사고,0,1,0,0,차대사람 - 횡단중,안전운전불이행,건조,맑음,단일로 - 기타,화물,남,57세,상해없음,보행자,남,71세,중상
2021080200100098,2021년 8월 2일 09시,월요일,강원도 홍천군 화촌면,중상사고,0,3,2,0,차대차 - 측면충돌,신호위반,건조,맑음,교차로 - 교차로안,승용,남,59세,경상,승용,남,50세,중상
2021080200100198,2021년 8월 2일 12시,월요일,강원도 춘천시 석사동,경상사고,0,0,1,0,차대차 - 추돌,안전거리미확보,건조,맑음,교차로 - 교차로안,화물,남,49세,상해없음,승용,남,50세,경상
2021080200100199,2021년 8월 2일 12시,월요일,강원도 속초시 조양동,경상사고,0,0,3,1,차대차 - 측면충돌,교차로운행방법위반,건조,맑음,교차로 - 교차로안,승용,남,80세,상해없음,승용,여,41세,부상신고
2021080200100200,2021년 8월 2일 12시,월요일,강원도 양양군 현남면,중상사고,0,2,1,0,차대차 - 추돌,안전운전불이행,건조,맑음,단일로 - 기타,승용,남,25세,상해없음,승용,남,43세,경상
2021080200100201,2021년 8월 2일 12시,월요일,강원도 양양군 양양읍,경상사고,0,0,1,0,차대차 - 측면충돌,교차로운행방법위반,건조,맑음,교차로 - 교차로안,승용,남,65세,상해없음,화물,남,62세,경상
2021080200100202,2021년 8월 2일 12시,월요일,강원도 횡성군 횡성읍,중상사고,0,1,0,0,차대사람 - 차도통행중,안전운전불이행,건조,맑음,단일로 - 기타,승용,남,29세,상해없음,보행자,남,71세,중상
2021080200100236,2021년 8월 2일 13시,월요일,강원도 태백시 황지동,경상사고,0,0,2,0,차대차 - 측면충돌,교차로운행방법위반,건조,맑음,교차로 - 교차로안,승용,남,63세,상해없음,승용,남,32세,경상
2021080200100271,2021년 8월 2일 14시,월요일,강원도 원주시 신림면,경상사고,0,0,1,0,차대차 - 정면충돌,중앙선침범,건조,맑음,단일로 - 기타,승용,남,39세,상해없음,화물,남,62세,경상
2021080200100320,2021년 8월 2일 15시,월요일,강원도 춘천시 남산면,경상사고,0,0,1,0,차대사람 - 길가장자리구역통행중,안전운전불이행,건조,맑음,단일로 - 기타,승용,여,35세,상해없음,보행자,여,26세,경상
2021080200100321,2021년 8월 2일 15시,월요일,강원도 속초시 동명동,중상사고,0,1,0,0,차대차 - 측면충돌,안전운전불이행,젖음/습기,비,교차로 - 교차로안,승용,여,53세,상해없음,승용,여,30세,중상
2021080200100322,2021년 8월 2일 15시,월요일,강원도 횡성군 청일면,중상사고,0,1,0,0,차대차 - 측면충돌,직진우회전진행방해,건조,맑음,교차로 - 교차로안,승용,남,63세,상해없음,화물,남,78세,중상
2021080200100347,2021년 8월 2일 16시,월요일,강원도 홍천군 내면,중상사고,0,3,1,0,차량단독 - 공작물충돌,안전운전불이행,건조,맑음,단일로 - 기타,승용,남,51세,경상,,,,
2021080200100348,2021년 8월 2일 16시,월요일,강원도 평창군 진부면,중상사고,0,1,4,3,차대차 - 추돌,안전거리미확보,젖음/습기,비,단일로 - 터널,승용,남,45세,상해없음,승용,여,28세,경상
2021080200100419,2021년 8월 2일 18시,월요일,강원도 원주시 행구동,경상사고,0,0,2,0,차대차 - 기타,신호위반,건조,맑음,교차로 - 교차로안,승용,남,67세,상해없음,승용,남,37세,경상
2021080200100472,2021년 8월 2일 19시,월요일,강원도 춘천시 동내면,경상사고,0,0,1,0,차대사람 - 횡단중,보행자보호의무위반,건조,맑음,교차로 - 교차로횡단보도내,승용,여,32세,상해없음,보행자,여,31세,경상
2021080200100473,2021년 8월 2일 19시,월요일,강원도 원주시 개운동,경상사고,0,0,1,0,차대차 - 측면충돌,중앙선침범,젖음/습기,비,단일로 - 기타,승용,여,50세,상해없음,승용,남,37세,경상
2021080200100474,2021년 8월 2일 19시,월요일,강원도 정선군 사북읍,경상사고,0,0,1,0,차대사람 - 보도통행중,기타,건조,맑음,기타 - 기타,승용,남,35세,상해없음,보행자,남,29세,경상
2021080200100523,2021년 8월 2일 21시,월요일,강원도 춘천시 동내면,경상사고,0,0,1,0,차대사람 - 횡단중,신호위반,건조,맑음,교차로 - 교차로횡단보도내,기타불명,기타불명,미분류,기타불명,보행자,남,50세,경상
2021080300100013,2021년 8월 3일 02시,화요일,강원도 강릉시 옥계면,경상사고,0,0,1,0,차대사람 - 차도통행중,안전운전불이행,건조,맑음,단일로 - 기타,승용,남,45세,상해없음,보행자,남,64세,경상
2021080300100074,2021년 8월 3일 09시,화요일,강원도 춘천시 후평동,경상사고,0,0,1,0,차대차 - 측면충돌,안전운전불이행,건조,맑음,단일로 - 기타,승용,여,50세,상해없음,자전거,남,73세,경상
2021080300100105,2021년 8월 3일 10시,화요일,강원도 화천군 사내면,경상사고,0,0,3,0,차대차 - 정면충돌,중앙선침범,건조,맑음,단일로 - 기타,이륜,남,42세,상해없음,승용,남,44세,경상
2021080300100144,2021년 8월 3일 11시,화요일,강원도 원주시 관설동,사망사고,1,0,0,0,차대사람 - 횡단중,보행자보호의무위반,건조,맑음,교차로 - 교차로횡단보도내,승합,남,54세,상해없음,보행자,여,87세,사망
2021080300100145,2021년 8월 3일 11시,화요일,강원도 고성군 거진읍,경상사고,0,0,2,0,차대차 - 측면충돌,안전운전불이행,건조,맑음,교차로 - 교차로안,승합,남,51세,상해없음,화물,남,53세,상해없음
2021080300100173,2021년 8월 3일 12시,화요일,강원도 춘천시 퇴계동,경상사고,0,0,1,0,차대차 - 추돌,안전거리미확보,건조,맑음,단일로 - 기타,이륜,남,41세,경상,승용,남,28세,상해없음
2021080300100174,2021년 8월 3일 12시,화요일,강원도 원주시 행구동,중상사고,0,1,0,0,차대차 - 측면충돌,안전운전불이행,건조,맑음,단일로 - 기타,승용,남,61세,상해없음,이륜,남,37세,중상
2021080300100199,2021년 8월 3일 13시,화요일,강원도 삼척시 당저동,경상사고,0,0,1,0,차대차 - 추돌,안전거리미확보,건조,맑음,교차로 - 교차로부근,승합,남,20세,상해없음,승용,남,59세,경상
2021080300100200,2021년 8월 3일 13시,화요일,강원도 영월군 주천면,중상사고,0,1,0,0,차량단독 - 기타,안전운전불이행,건조,맑음,단일로 - 기타,화물,남,56세,상해없음,,,,
2021080300100235,2021년 8월 3일 14시,화요일,강원도 속초시 조양동,경상사고,0,0,4,0,차대차 - 추돌,안전거리미확보,건조,맑음,단일로 - 지하차도(도로)내,승용,남,54세,상해없음,승용,여,46세,경상
2021080300100236,2021년 8월 3일 14시,화요일,강원도 영월군 영월읍,경상사고,0,0,1,0,차대사람 - 보도통행중,보행자보호의무위반,건조,맑음,교차로 - 교차로횡단보도내,승용,남,54세,상해없음,보행자,여,70세,경상
2021080300100282,2021년 8월 3일 15시,화요일,강원도 원주시 문막읍,경상사고,0,0,2,0,차대차 - 추돌,안전거리미확보,건조,맑음,교차로 - 교차로부근,화물,남,54세,상해없음,승용,여,47세,경상
2021080300100283,2021년 8월 3일 15시,화요일,강원도 속초시 대포동,경상사고,0,0,1,0,차대차 - 측면충돌,교차로운행방법위반,건조,맑음,교차로 - 교차로안,승용,여,59세,상해없음,이륜,남,43세,경상
2021080300100311,2021년 8월 3일 16시,화요일,강원도 인제군 북면,사망사고,2,3,0,0,차량단독 - 도로외이탈 - 추락,안전운전불이행,건조,맑음,단일로 - 기타,승합,여,63세,상해없음,,,,
2021080300100312,2021년 8월 3일 16시,화요일,강원도 동해시 효가동,사망사고,1,0,0,0,차량단독 - 공작물충돌,안전운전불이행,건조,맑음,단일로 - 기타,승용,여,49세,사망,,,,
2021080300100313,2021년 8월 3일 16시,화요일,강원도 동해시 쇄운동,경상사고,0,0,1,0,차대차 - 후진중충돌,안전운전불이행,건조,맑음,단일로 - 기타,화물,남,42세,상해없음,승용,남,57세,경상
2021080300100345,2021년 8월 3일 17시,화요일,강원도 홍천군 북방면,경상사고,0,0,1,0,차대차 - 후진중충돌,안전운전불이행,건조,맑음,단일로 - 지하차도(도로)내,화물,남,62세,상해없음,이륜,남,21세,경상
2021080400100023,2021년 8월 4일 04시,수요일,강원도 속초시 동명동,중상사고,0,1,0,0,차대사람 - 차도통행중,안전운전불이행,건조,맑음,교차로 - 교차로안,승합,남,63세,상해없음,보행자,남,97세,중상
2021080400100071,2021년 8월 4일 08시,수요일,강원도 강릉시 교동,중상사고,0,2,0,0,차대차 - 측면충돌,안전운전불이행,건조,맑음,교차로 - 교차로부근,승용,여,62세,상해없음,이륜,남,71세,중상
2021080400100072,2021년 8월 4일 08시,수요일,강원도 삼척시 원덕읍,중상사고,0,1,0,0,차대차 - 추돌,안전거리미확보,건조,맑음,단일로 - 기타,승용,남,27세,상해없음,승용,남,32세,중상
2021080400100106,2021년 8월 4일 09시,수요일,강원도 태백시 장성동,경상사고,0,0,1,0,차대차 - 측면충돌,신호위반,건조,맑음,교차로 - 교차로안,화물,남,55세,상해없음,승용,남,38세,경상
2021080400100107,2021년 8월 4일 09시,수요일,강원도 인제군 인제읍,부상신고사고,0,0,0,1,차대차 - 추돌,기타,건조,맑음,단일로 - 기타,승용,남,65세,상해없음,자전거,남,17세,부상신고
2021080400100136,2021년 8월 4일 10시,수요일,강원도 춘천시 효자동,경상사고,0,0,1,0,차대차 - 후진중충돌,안전운전불이행,건조,맑음,단일로 - 기타,승용,남,67세,상해없음,승용,남,25세,경상
2021080400100137,2021년 8월 4일 10시,수요일,강원도 영월군 영월읍,중상사고,0,3,1,1,차대차 - 정면충돌,안전운전불이행,건조,맑음,단일로 - 기타,화물,남,50세,상해없음,승합,남,28세,부상신고
2021080400100172,2021년 8월 4일 11시,수요일,강원도 춘천시 온의동,경상사고,0,0,1,0,차대차 - 측면충돌,안전거리미확보,건조,맑음,교차로 - 교차로부근,화물,남,76세,상해없음,승용,여,33세,경상
2021080400100173,2021년 8월 4일 11시,수요일,강원도 춘천시 후평동,부상신고사고,0,0,0,1,차대차 - 측면충돌,차로위반,건조,맑음,단일로 - 기타,승용,남,82세,상해없음,승용,여,65세,부상신고
2021080400100174,2021년 8월 4일 11시,수요일,강원도 홍천군 홍천읍,경상사고,0,0,1,0,차대차 - 측면충돌,중앙선침범,건조,맑음,단일로 - 기타,승용,여,48세,상해없음,화물,남,30세,경상
2021080400100175,2021년 8월 4일 11시,수요일,강원도 동해시 지흥동,중상사고,0,1,5,0,차대차 - 추돌,안전거리미확보,건조,맑음,단일로 - 기타,승용,남,43세,상해없음,승용,여,56세,중상
2021080400100271,2021년 8월 4일 14시,수요일,강원도 원주시 문막읍,경상사고,0,0,2,0,차대차 - 측면충돌,직진우회전진행방해,건조,맑음,교차로 - 교차로안,화물,남,74세,경상,승용,남,61세,상해없음
2021080400100272,2021년 8월 4일 14시,수요일,강원도 원주시 단계동,경상사고,0,0,7,0,차대차 - 추돌,안전운전불이행,건조,맑음,교차로 - 교차로안,승용,여,38세,경상,승용,남,41세,경상
2021080400100273,2021년 8월 4일 14시,수요일,강원도 양양군 현남면,경상사고,0,0,2,0,차대차 - 추돌,차로위반,건조,맑음,단일로 - 기타,승용,여,26세,상해없음,승용,남,62세,경상
2021080400100274,2021년 8월 4일 14시,수요일,강원도 홍천군 홍천읍,경상사고,0,0,1,0,차대사람 - 차도통행중,안전운전불이행,건조,맑음,교차로 - 교차로안,승용,남,58세,상해없음,보행자,남,61세,경상
2021080400100275,2021년 8월 4일 14시,수요일,강원도 동해시 천곡동,경상사고,0,0,1,0,차대차 - 측면충돌,교차로운행방법위반,건조,맑음,교차로 - 교차로안,승용,여,55세,상해없음,승용,남,33세,경상
2021080400100318,2021년 8월 4일 15시,수요일,강원도 홍천군 홍천읍,경상사고,0,0,2,0,차대차 - 기타,교차로운행방법위반,건조,맑음,교차로 - 교차로안,승용,남,49세,기타불명,승합,남,58세,기타불명
2021080400100349,2021년 8월 4일 16시,수요일,강원도 춘천시 후평동,경상사고,0,0,1,0,차대차 - 측면충돌,신호위반,건조,맑음,교차로 - 교차로안,이륜,남,22세,상해없음,승용,남,66세,경상
2021080400100350,2021년 8월 4일 16시,수요일,강원도 춘천시 후평동,경상사고,0,0,1,0,차대차 - 측면충돌,신호위반,건조,맑음,교차로 - 교차로안,승용,여,55세,상해없음,승용,남,43세,경상
2021080400100395,2021년 8월 4일 17시,수요일,강원도 춘천시 후평동,경상사고,0,0,1,0,차대차 - 기타,교차로운행방법위반,건조,맑음,교차로 - 교차로안,화물,남,69세,상해없음,승용,남,57세,경상
2021080400100454,2021년 8월 4일 18시,수요일,강원도 원주시 학성동,경상사고,0,0,1,0,차대차 - 측면충돌,차로위반,건조,맑음,단일로 - 기타,승용,여,60세,상해없음,승용,여,43세,경상
2021080400100455,2021년 8월 4일 18시,수요일,강원도 평창군 봉평면,중상사고,0,2,0,0,차대차 - 추돌,안전운전불이행,건조,맑음,단일로 - 교량,화물,남,37세,상해없음,승용,남,31세,중상
2021080500100002,2021년 8월 5일 00시,목요일,강원도 속초시 청호동,경상사고,0,0,1,0,차대차 - 측면충돌,직진우회전진행방해,건조,맑음,교차로 - 교차로안,승용,남,23세,상해없음,승합,남,26세,경상
2021080500100022,2021년 8월 5일 04시,목요일,강원도 홍천군 내촌면,경상사고,0,0,1,0,차대차 - 추돌,안전운전불이행,건조,맑음,단일로 - 터널,승용,남,41세,상해없음,승용,남,61세,상해없음
2021080500100035,2021년 8월 5일 06시,목요일,강원도 동해시 쇄운동,중상사고,0,1,0,0,차량단독 - 전도전복 - 전도,안전운전불이행,건조,맑음,단일로 - 기타,이륜,남,58세,중상,,,,
2021080500100081,2021년 8월 5일 08시,목요일,강원도 춘천시 신동면,경상사고,0,0,3,0,차대차 - 기타,중앙선침범,건조,맑음,단일로 - 기타,건설기계,남,54세,기타불명,화물,남,43세,경상
2021080500100138,2021년 8월 5일 10시,목요일,강원도 원주시 관설동,부상신고사고,0,0,0,1,차대차 - 추돌,안전운전불이행,건조,맑음,단일로 - 기타,승용,남,53세,상해없음,승용,여,51세,부상신고
2021080500100139,2021년 8월 5일 10시,목요일,강원도 원주시 소초면,중상사고,0,1,2,1,차대차 - 측면충돌,신호위반,건조,맑음,교차로 - 교차로안,승용,남,36세,부상신고,승용,남,63세,경상