사고번호,사고일시,요일,시군구,사고내용,사망자수,중상자수,경상자수,부상신고자수,사고유형,법규위반,노면상태,기상상태,도로형태,가해운전자 차종,가해운전자 성별,가해운전자 연령,가해운전자 상해정도,피해운전자 차종,피해운전자 성별,피해운전자 연령,피해운전자 상해정도
2021080500100140,2021년 8월 5일 10시,목요일,강원도 양양군 강현면,중상사고,0,1,1,0,차대차 - 측면충돌,안전운전불이행,건조,맑음,교차로 - 교차로안,화물,남,64세,상해없음,승용,남,31세,경상
2021080500100185,2021년 8월 5일 11시,목요일,강원도 고성군 간성읍,중상사고,0,2,0,0,차대차 - 측면충돌,교차로운행방법위반,건조,맑음,교차로 - 교차로안,화물,남,23세,상해없음,승용,남,75세,중상
2021080500100221,2021년 8월 5일 12시,목요일,강원도 춘천시 후평동,경상사고,0,0,2,0,차대차 - 기타,신호위반,건조,맑음,교차로 - 교차로안,이륜,기타불명,미분류,기타불명,승용,여,25세,경상
2021080500100256,2021년 8월 5일 13시,목요일,강원도 원주시 평원동,경상사고,0,0,2,0,차대차 - 추돌,안전운전불이행,건조,맑음,단일로 - 기타,승용,남,77세,상해없음,승용,남,57세,경상
2021080500100257,2021년 8월 5일 13시,목요일,강원도 영월군 영월읍,경상사고,0,0,1,0,차대차 - 측면충돌,교차로운행방법위반,건조,맑음,교차로 - 교차로안,이륜,남,63세,상해없음,승용,여,53세,상해없음
2021080500100258,2021년 8월 5일 13시,목요일,강원도 철원군 갈말읍,경상사고,0,0,1,0,차대차 - 추돌,안전운전불이행,건조,맑음,교차로 - 교차로부근,승용,남,46세,상해없음,승용,여,59세,경상
2021080500100298,2021년 8월 5일 14시,목요일,강원도 원주시 단계동,경상사고,0,0,1,0,차대차 - 측면충돌,안전운전불이행,건조,맑음,교차로 - 교차로안,승용,남,29세,상해없음,승용,남,60세,경상
2021080500100299,2021년 8월 5일 14시,목요일,강원도 속초시 설악동,경상사고,0,0,2,0,차대차 - 측면충돌,안전운전불이행,건조,맑음,주차장 - 주차장,승용,남,67세,상해없음,승용,남,41세,상해없음
2021080500100330,2021년 8월 5일 15시,목요일,강원도 춘천시 후평동,경상사고,0,0,1,0,차대사람 - 길가장자리구역통행중,안전운전불이행,건조,맑음,단일로 - 기타,승용,남,75세,상해없음,보행자,여,53세,경상
2021080500100414,2021년 8월 5일 17시,목요일,강원도 강릉시 옥천동,중상사고,0,1,0,0,차대사람 - 횡단중,보행자보호의무위반,건조,맑음,단일로 - 기타,승용,남,33세,상해없음,보행자,여,80세,중상
2021080500100415,2021년 8월 5일 17시,목요일,강원도 원주시 반곡동,경상사고,0,0,1,0,차대차 - 측면충돌,안전운전불이행,건조,맑음,단일로 - 기타,승용,남,36세,상해없음,승용,남,39세,경상
2021080500100458,2021년 8월 5일 18시,목요일,강원도 삼척시 당저동,중상사고,0,1,0,0,차대사람 - 횡단중,안전운전불이행,기타,맑음,교차로 - 교차로부근,승용,남,31세,상해없음,보행자,여,6세,중상
2021080500100459,2021년 8월 5일 18시,목요일,강원도 홍천군 북방면,경상사고,0,0,2,0,차대차 - 추돌,안전운전불이행,건조,맑음,교차로 - 교차로부근,승용,여,39세,상해없음,승용,여,35세,경상
2021080500100502,2021년 8월 5일 19시,목요일,강원도 정선군 정선읍,경상사고,0,0,1,0,차대차 - 기타,중앙선침범,건조,맑음,단일로 - 기타,승용,여,26세,경상,승용,남,64세,상해없음
2021080500100569,2021년 8월 5일 21시,목요일,강원도 강릉시 사천면,경상사고,0,0,1,0,차대차 - 측면충돌,안전운전불이행,건조,맑음,기타 - 기타,승용,남,51세,상해없음,승용,여,65세,경상
2021080600100114,2021년 8월 6일 09시,금요일,강원도 춘천시 후평동,경상사고,0,0,1,0,차대차 - 측면충돌,차로위반,건조,맑음,교차로 - 교차로부근,승용,남,77세,상해없음,승용,남,33세,경상
2021080600100115,2021년 8월 6일 09시,금요일,강원도 원주시 명륜동,중상사고,0,1,0,0,차대사람 - 횡단중,안전운전불이행,건조,맑음,교차로 - 교차로횡단보도내,승용,여,53세,상해없음,보행자,여,74세,중상
2021080600100116,2021년 8월 6일 09시,금요일,강원도 홍천군 홍천읍,경상사고,0,0,1,0,차대차 - 측면충돌,안전거리미확보,건조,맑음,단일로 - 교량,승용,남,71세,상해없음,승합,남,55세,경상
2021080600100246,2021년 8월 6일 13시,금요일,강원도 강릉시 연곡면,경상사고,0,0,4,0,차대차 - 기타,안전운전불이행,건조,맑음,교차로 - 교차로안,화물,남,64세,상해없음,승용,남,22세,경상
2021080600100247,2021년 8월 6일 13시,금요일,강원도 속초시 교동,중상사고,0,1,0,0,차대차 - 측면충돌,교차로운행방법위반,건조,맑음,교차로 - 교차로안,승용,남,45세,상해없음,이륜,남,28세,중상
2021080600100248,2021년 8월 6일 13시,금요일,강원도 삼척시 원덕읍,경상사고,0,0,1,0,차대사람 - 기타,안전운전불이행,건조,맑음,주차장 - 주차장,화물,남,62세,상해없음,보행자,여,55세,경상
2021080600100278,2021년 8월 6일 14시,금요일,강원도 춘천시 동면,경상사고,0,0,2,1,차대차 - 측면충돌,신호위반,건조,맑음,교차로 - 교차로안,승용,남,74세,부상신고,승용,여,20세,경상
2021080600100279,2021년 8월 6일 14시,금요일,강원도 강릉시 연곡면,중상사고,0,1,1,0,차대차 - 측면충돌,중앙선침범,건조,맑음,단일로 - 기타,화물,남,66세,상해없음,승용,남,67세,중상
2021080600100280,2021년 8월 6일 14시,금요일,강원도 정선군 임계면,경상사고,0,0,1,0,차대차 - 추돌,안전운전불이행,젖음/습기,비,교차로 - 교차로부근,승합,남,60세,상해없음,이륜,남,67세,경상
2021080600100332,2021년 8월 6일 15시,금요일,강원도 태백시 화전동,중상사고,0,3,3,0,차대차 - 추돌,안전운전불이행,젖음/습기,비,단일로 - 기타,화물,남,66세,기타불명,승용,남,35세,중상
2021080600100367,2021년 8월 6일 16시,금요일,강원도 춘천시 동산면,경상사고,0,0,1,0,차대차 - 측면충돌,직진우회전진행방해,건조,맑음,교차로 - 교차로안,승용,여,32세,상해없음,화물,남,67세,상해없음
2021080600100368,2021년 8월 6일 16시,금요일,강원도 정선군 화암면,중상사고,0,1,2,0,차대차 - 정면충돌,중앙선침범,젖음/습기,비,단일로 - 기타,승용,남,60세,상해없음,승용,남,38세,경상
2021080600100369,2021년 8월 6일 16시,금요일,강원도 철원군 근남면,경상사고,0,0,1,0,차량단독 - 공작물충돌,안전운전불이행,건조,맑음,단일로 - 기타,화물,남,49세,경상,,,,
2021080600100370,2021년 8월 6일 16시,금요일,강원도 강릉시 성산면,중상사고,0,1,5,2,차대차 - 추돌,안전거리미확보,젖음/습기,비,단일로 - 기타,화물,남,69세,상해없음,승용,남,42세,경상
2021080600100422,2021년 8월 6일 17시,금요일,강원도 평창군 봉평면,경상사고,0,0,1,0,차대차 - 측면충돌,안전운전불이행,건조,맑음,주차장 - 주차장,화물,기타불명,미분류,기타불명,승용,남,27세,상해없음
2021080600100423,2021년 8월 6일 17시,금요일,강원도 횡성군 청일면,중상사고,0,2,0,0,차대차 - 측면충돌,안전운전불이행,건조,흐림,기타 - 기타,화물,남,67세,상해없음,승용,남,74세,중상
2021080600100470,2021년 8월 6일 18시,금요일,강원도 원주시 반곡동,경상사고,0,0,3,0,차대차 - 기타,안전거리미확보,젖음/습기,비,단일로 - 기타,승용,남,65세,상해없음,승용,남,47세,경상
2021080600100607,2021년 8월 6일 22시,금요일,강원도 원주시 관설동,경상사고,0,0,1,0,차대차 - 정면충돌,중앙선침범,건조,맑음,단일로 - 기타,승용,남,25세,기타불명,승용,남,44세,경상
2021080600100626,2021년 8월 6일 23시,금요일,강원도 양구군 양구읍,경상사고,0,0,1,1,차대차 - 기타,안전운전불이행,건조,맑음,단일로 - 기타,승용,남,48세,상해없음,승용,남,26세,부상신고
2021080700100083,2021년 8월 7일 09시,토요일,강원도 양양군 양양읍,중상사고,0,2,1,0,차대차 - 측면충돌,신호위반,건조,흐림,교차로 - 교차로안,승용,남,72세,상해없음,승용,남,66세,중상
2021080700100084,2021년 8월 7일 09시,토요일,강원도 영월군 남면,부상신고사고,0,0,0,1,차대차 - 측면충돌,안전거리미확보,건조,맑음,기타 - 기타,승합,남,60세,상해없음,승용,남,58세,부상신고
2021080700100149,2021년 8월 7일 11시,토요일,강원도 영월군 무릉도원면,경상사고,0,0,1,0,차대차 - 측면충돌,교차로운행방법위반,건조,맑음,교차로 - 교차로안,승용,남,49세,상해없음,화물,남,59세,경상
2021080700100150,2021년 8월 7일 11시,토요일,강원도 철원군 동송읍,중상사고,0,1,0,0,차대차 - 측면충돌,안전운전불이행,건조,맑음,교차로 - 교차로안,농기계,남,50세,상해없음,이륜,여,63세,중상
2021080700100186,2021년 8월 7일 12시,토요일,강원도 춘천시 석사동,경상사고,0,0,1,0,차대차 - 측면충돌,안전운전불이행,건조,맑음,단일로 - 기타,자전거,남,56세,상해없음,자전거,남,67세,경상
2021080700100187,2021년 8월 7일 12시,토요일,강원도 춘천시 중앙로3가,경상사고,0,0,2,0,차대차 - 추돌,안전거리미확보,건조,맑음,교차로 - 교차로부근,승용,남,33세,상해없음,승용,남,70세,경상
2021080700100188,2021년 8월 7일 12시,토요일,강원도 속초시 노학동,경상사고,0,0,1,0,차대차 - 측면충돌,안전운전불이행,건조,맑음,교차로 - 교차로부근,승합,남,51세,상해없음,승합,남,58세,경상
2021080700100189,2021년 8월 7일 12시,토요일,강원도 철원군 갈말읍,중상사고,0,1,1,0,차대차 - 측면충돌,안전거리미확보,건조,맑음,기타 - 기타,화물,남,76세,중상,승용,여,74세,경상
2021080700100228,2021년 8월 7일 13시,토요일,강원도 원주시 소초면,경상사고,0,0,2,0,차대차 - 측면충돌,교차로운행방법위반,건조,맑음,교차로 - 교차로부근,농기계,남,63세,상해없음,승용,여,29세,경상
2021080700100266,2021년 8월 7일 14시,토요일,강원도 춘천시 후평동,경상사고,0,0,1,0,차대차 - 측면충돌,교차로운행방법위반,건조,맑음,교차로 - 교차로안,승용,여,33세,상해없음,이륜,남,18세,경상
2021080700100267,2021년 8월 7일 14시,토요일,강원도 춘천시 동내면,경상사고,0,0,1,0,차대차 - 측면충돌,안전운전불이행,건조,맑음,교차로 - 교차로안,승용,여,28세,상해없음,승용,여,43세,경상
2021080700100268,2021년 8월 7일 14시,토요일,강원도 강릉시 송정동,경상사고,0,0,1,0,차대차 - 측면충돌,안전운전불이행,건조,맑음,교차로 - 교차로안,승용,남,73세,상해없음,승용,남,69세,경상
2021080700100297,2021년 8월 7일 15시,토요일,강원도 속초시 조양동,경상사고,0,0,1,0,차대차 - 추돌,안전운전불이행,건조,맑음,교차로 - 교차로안,승용,여,50세,상해없음,승용,남,25세,경상
2021080700100322,2021년 8월 7일 16시,토요일,강원도 강릉시 옥천동,중상사고,0,1,0,0,차대차 - 기타,안전운전불이행,건조,맑음,교차로 - 교차로횡단보도내,승용,남,59세,기타불명,자전거,남,81세,중상
2021080700100323,2021년 8월 7일 16시,토요일,강원도 홍천군 두촌면,중상사고,0,1,6,0,차대차 - 정면충돌,중앙선침범,건조,맑음,교차로 - 교차로부근,승용,여,23세,상해없음,승용,남,45세,중상
2021080700100401,2021년 8월 7일 18시,토요일,강원도 강릉시 내곡동,경상사고,0,0,1,0,차대사람 - 기타,안전운전불이행,건조,맑음,단일로 - 기타,화물,남,53세,상해없음,보행자,여,42세,경상
2021080700100402,2021년 8월 7일 18시,토요일,강원도 원주시 단계동,경상사고,0,0,1,0,차대차 - 후진중충돌,안전운전불이행,건조,맑음,교차로 - 교차로부근,승용,남,63세,상해없음,승용,남,44세,경상
2021080700100403,2021년 8월 7일 18시,토요일,강원도 평창군 대관령면,경상사고,0,0,2,0,차대차 - 기타,교차로운행방법위반,젖음/습기,흐림,교차로 - 교차로안,승용,남,24세,상해없음,승용,남,46세,상해없음
2021080700100404,2021년 8월 7일 18시,토요일,강원도 화천군 상서면,중상사고,0,1,1,0,차대차 - 측면충돌,중앙선침범,건조,맑음,단일로 - 기타,승용,남,21세,상해없음,이륜,남,64세,중상
2021080700100438,2021년 8월 7일 19시,토요일,강원도 삼척시 근덕면,경상사고,0,0,1,0,차량단독 - 전도전복 - 전도,안전운전불이행,젖음/습기,비,단일로 - 지하차도(도로)내,원동기,남,58세,경상,,,,
2021080800100006,2021년 8월 8일 00시,일요일,강원도 춘천시 퇴계동,경상사고,0,0,1,0,차대차 - 정면충돌,신호위반,건조,맑음,교차로 - 교차로안,승용,남,37세,상해없음,이륜,남,21세,경상
2021080800100007,2021년 8월 8일 00시,일요일,강원도 원주시 명륜동,경상사고,0,0,1,0,차대차 - 추돌,기타,건조,맑음,단일로 - 기타,기타불명,기타불명,미분류,기타불명,이륜,남,24세,경상
2021080800100008,2021년 8월 8일 00시,일요일,강원도 동해시 이도동,중상사고,0,1,0,0,차대사람 - 기타,안전운전불이행,건조,맑음,교차로 - 교차로부근,승용,남,48세,상해없음,보행자,여,60세,중상
2021080800100022,2021년 8월 8일 01시,일요일,강원도 양양군 현북면,중상사고,0,1,0,0,차량단독 - 전도전복 - 전도,안전운전불이행,건조,맑음,단일로 - 기타,이륜,남,24세,상해없음,,,,
2021080800100040,2021년 8월 8일 05시,일요일,강원도 원주시 태장동,중상사고,0,1,1,1,차대차 - 추돌,교차로운행방법위반,건조,맑음,교차로 - 교차로부근,화물,남,65세,부상신고,화물,남,69세,경상
2021080800100044,2021년 8월 8일 06시,일요일,강원도 춘천시 후평동,경상사고,0,0,1,1,차대차 - 기타,안전운전불이행,건조,맑음,단일로 - 기타,이륜,남,72세,부상신고,승용,남,60세,경상
2021080800100061,2021년 8월 8일 08시,일요일,강원도 영월군 산솔면,중상사고,0,2,1,0,차대차 - 측면충돌,교차로운행방법위반,건조,맑음,교차로 - 교차로안,화물,여,53세,상해없음,화물,남,58세,중상
2021080800100062,2021년 8월 8일 08시,일요일,강원도 홍천군 서석면,중상사고,0,1,0,0,차대차 - 측면충돌,직진우회전진행방해,건조,맑음,교차로 - 교차로안,승용,여,64세,상해없음,승용,여,28세,중상
2021080800100154,2021년 8월 8일 13시,일요일,강원도 원주시 우산동,경상사고,0,0,1,0,차대차 - 추돌,안전운전불이행,젖음/습기,비,단일로 - 기타,화물,남,55세,상해없음,이륜,남,34세,경상
2021080800100155,2021년 8월 8일 13시,일요일,강원도 원주시 지정면,경상사고,0,0,2,0,차대차 - 추돌,안전운전불이행,건조,맑음,교차로 - 교차로부근,승용,여,60세,상해없음,승용,남,49세,경상
2021080800100180,2021년 8월 8일 14시,일요일,강원도 춘천시 남면,중상사고,0,1,0,0,차대사람 - 횡단중,안전운전불이행,젖음/습기,비,단일로 - 기타,승용,남,64세,상해없음,보행자,여,63세,중상
2021080800100259,2021년 8월 8일 17시,일요일,강원도 강릉시 강문동,경상사고,0,0,1,0,차대차 - 측면충돌,안전운전불이행,젖음/습기,비,단일로 - 기타,승용,여,61세,기타불명,승용,여,22세,경상
2021080800100260,2021년 8월 8일 17시,일요일,강원도 원주시 행구동,경상사고,0,0,2,0,차대차 - 기타,중앙선침범,건조,맑음,단일로 - 기타,승용,남,50세,상해없음,승용,여,53세,경상
2021080800100293,2021년 8월 8일 18시,일요일,강원도 삼척시 정상동,경상사고,0,0,1,0,차대차 - 측면충돌,안전운전불이행,젖음/습기,비,교차로 - 교차로안,승용,남,25세,상해없음,승용,남,22세,경상
2021080800100294,2021년 8월 8일 18시,일요일,강원도 평창군 대화면,경상사고,0,0,2,0,차대차 - 정면충돌,직진우회전진행방해,건조,맑음,교차로 - 교차로안,화물,남,63세,상해없음,화물,남,41세,경상
2021080800100391,2021년 8월 8일 21시,일요일,강원도 동해시 나안동,중상사고,0,2,0,0,차대차 - 정면충돌,신호위반,젖음/습기,맑음,교차로 - 교차로안,승용,여,31세,중상,승용,남,25세,중상
2021080800100409,2021년 8월 8일 22시,일요일,강원도 원주시 판부면,경상사고,0,0,1,0,차대차 - 추돌,안전운전불이행,건조,맑음,교차로 - 교차로안,승용,남,30세,상해없음,승용,남,51세,경상
2021080900100006,2021년 8월 9일 00시,월요일,강원도 정선군 사북읍,경상사고,0,0,1,0,차대차 - 측면충돌,안전운전불이행,젖음/습기,비,교차로 - 교차로부근,승용,남,36세,상해없음,승용,남,58세,경상
2021080900100016,2021년 8월 9일 04시,월요일,강원도 춘천시 퇴계동,경상사고,0,0,1,0,차대차 - 측면충돌,안전운전불이행,건조,맑음,단일로 - 기타,원동기,남,17세,상해없음,원동기,남,54세,경상
2021080900100033,2021년 8월 9일 06시,월요일,강원도 춘천시 신동면,경상사고,0,0,2,0,차대차 - 측면충돌,직진우회전진행방해,건조,맑음,교차로 - 교차로안,승용,남,50세,경상,승용,여,24세,경상
2021080900100034,2021년 8월 9일 06시,월요일,강원도 원주시 무실동,경상사고,0,0,1,1,차대차 - 측면충돌,안전운전불이행,건조,맑음,교차로 - 교차로안,승용,여,55세,부상신고,승용,남,51세,경상
2021080900100086,2021년 8월 9일 08시,월요일,강원도 춘천시 온의동,경상사고,0,0,3,0,차대차 - 추돌,안전거리미확보,건조,맑음,교차로 - 교차로부근,승용,여,60세,상해없음,승용,남,37세,경상
2021080900100087,2021년 8월 9일 08시,월요일,강원도 원주시 단구동,중상사고,0,1,0,0,차대사람 - 횡단중,보행자보호의무위반,건조,맑음,교차로 - 교차로횡단보도내,화물,남,55세,상해없음,보행자,여,76세,중상
2021080900100088,2021년 8월 9일 08시,월요일,강원도 원주시 우산동,중상사고,0,1,1,0,차대차 - 추돌,안전운전불이행,건조,맑음,교차로 - 교차로부근,특수,남,48세,상해없음,승용,여,45세,중상
2021080900100127,2021년 8월 9일 09시,월요일,강원도 원주시 단구동,경상사고,0,0,1,0,차대차 - 측면충돌,안전운전불이행,건조,맑음,교차로 - 교차로부근,화물,남,67세,상해없음,승용,여,53세,경상
2021080900100128,2021년 8월 9일 09시,월요일,강원도 고성군 간성읍,중상사고,0,2,1,0,차대차 - 측면충돌,교차로운행방법위반,젖음/습기,흐림,교차로 - 교차로안,승용,여,55세,상해없음,승용,남,63세,상해없음
2021080900100197,2021년 8월 9일 11시,월요일,강원도 춘천시 온의동,경상사고,0,0,1,0,차대차 - 측면충돌,직진우회전진행방해,건조,맑음,교차로 - 교차로안,승용,남,61세,상해없음,화물,남,53세,경상
2021080900100198,2021년 8월 9일 11시,월요일,강원도 정선군 고한읍,경상사고,0,0,2,0,차대차 - 측면충돌,안전운전불이행,건조,맑음,단일로 - 기타,승용,여,62세,경상,승용,남,60세,경상
2021080900100240,2021년 8월 9일 12시,월요일,강원도 춘천시 동면,경상사고,0,0,1,0,차대차 - 기타,신호위반,건조,맑음,교차로 - 교차로안,승용,남,42세,상해없음,승용,남,38세,경상
2021080900100273,2021년 8월 9일 13시,월요일,강원도 원주시 문막읍,중상사고,0,1,1,0,차대차 - 추돌,안전거리미확보,건조,맑음,단일로 - 기타,승용,여,69세,상해없음,승합,남,58세,중상
2021080900100340,2021년 8월 9일 15시,월요일,강원도 춘천시 동면,경상사고,0,0,3,0,차대차 - 측면충돌,교차로운행방법위반,건조,맑음,교차로 - 교차로안,승합,남,29세,상해없음,승용,남,67세,경상
2021080900100341,2021년 8월 9일 15시,월요일,강원도 평창군 대화면,중상사고,0,2,1,0,차대차 - 측면충돌,중앙선침범,건조,맑음,기타 - 기타,화물,여,68세,중상,화물,남,74세,상해없음
2021080900100381,2021년 8월 9일 16시,월요일,강원도 춘천시 온의동,경상사고,0,0,2,0,차대차 - 기타,안전거리미확보,건조,맑음,단일로 - 기타,화물,남,60세,상해없음,승용,남,68세,상해없음
2021080900100382,2021년 8월 9일 16시,월요일,강원도 횡성군 횡성읍,중상사고,0,1,0,0,차대차 - 측면충돌,신호위반,건조,맑음,교차로 - 교차로안,화물,남,64세,상해없음,승용,남,62세,중상
2021080900100423,2021년 8월 9일 17시,월요일,강원도 강릉시 포남동,중상사고,0,1,0,0,차대사람 - 기타,안전운전불이행,건조,맑음,단일로 - 기타,승용,남,26세,기타불명,보행자,남,29세,중상
2021080900100470,2021년 8월 9일 18시,월요일,강원도 원주시 문막읍,경상사고,0,0,1,0,차대차 - 측면충돌,안전운전불이행,건조,맑음,단일로 - 기타,승용,여,52세,상해없음,화물,남,46세,경상
2021080900100539,2021년 8월 9일 20시,월요일,강원도 강릉시 안현동,경상사고,0,0,1,0,차대차 - 추돌,안전운전불이행,건조,맑음,교차로 - 교차로부근,승용,남,18세,상해없음,승용,남,34세,경상
2021080900100592,2021년 8월 9일 22시,월요일,강원도 속초시 교동,중상사고,0,1,0,0,차대차 - 측면충돌,중앙선침범,건조,맑음,교차로 - 교차로부근,개인형이동수단(PM),여,21세,중상,승용,남,37세,상해없음
2021080900100612,2021년 8월 9일 23시,월요일,강원도 홍천군 서면,경상사고,0,0,2,0,차대차 - 추돌,기타,건조,맑음,단일로 - 기타,승용,남,25세,상해없음,승용,남,37세,경상
2021081000100002,2021년 8월 10일 00시,화요일,강원도 원주시 인동,경상사고,0,0,1,0,차대차 - 추돌,안전운전불이행,건조,맑음,교차로 - 교차로안,승용,남,46세,상해없음,자전거,남,19세,경상
2021081000100063,2021년 8월 10일 08시,화요일,강원도 강릉시 사천면,경상사고,0,0,1,0,차대차 - 추돌,기타,건조,맑음,교차로 - 교차로부근,화물,남,59세,상해없음,승용,여,59세,경상
2021081000100113,2021년 8월 10일 10시,화요일,강원도 원주시 태장동,중상사고,0,1,0,0,차대차 - 추돌,안전거리미확보,건조,맑음,교차로 - 교차로부근,승합,남,43세,상해없음,화물,남,78세,상해없음
2021081000100114,2021년 8월 10일 10시,화요일,강원도 홍천군 서면,경상사고,0,0,2,0,차대차 - 측면충돌,불법유턴,젖음/습기,비,단일로 - 지하차도(도로)내,승용,남,47세,상해없음,승용,남,23세,경상
2021081000100115,2021년 8월 10일 10시,화요일,강원도 횡성군 갑천면,중상사고,0,1,0,0,차대차 - 측면충돌,안전운전불이행,건조,맑음,교차로 - 교차로안,화물,남,80세,상해없음,자전거,남,65세,중상
2021081000100192,2021년 8월 10일 12시,화요일,강원도 삼척시 오분동,경상사고,0,0,2,0,차대차 - 추돌,안전운전불이행,기타,맑음,기타 - 기타,승용,남,28세,상해없음,승용,여,41세,경상
2021081000100193,2021년 8월 10일 12시,화요일,강원도 평창군 진부면,중상사고,0,4,0,1,차대차 - 추돌,안전거리미확보,건조,맑음,단일로 - 터널,승용,남,56세,상해없음,화물,남,18세,부상신고
2021081000100261,2021년 8월 10일 14시,화요일,강원도 속초시 교동,중상사고,0,1,0,0,차대차 - 측면충돌,안전운전불이행,건조,맑음,교차로 - 교차로안,화물,남,64세,상해없음,승용,남,50세,중상
2021081000100329,2021년 8월 10일 16시,화요일,강원도 춘천시 효자동,경상사고,0,0,1,0,차대사람 - 횡단중,안전운전불이행,건조,맑음,단일로 - 기타,승용,남,68세,상해없음,보행자,남,14세,경상
2021081000100393,2021년 8월 10일 18시,화요일,강원도 춘천시 송암동,경상사고,0,0,1,0,차대차 - 측면충돌,신호위반,젖음/습기,비,단일로 - 기타,승용,남,42세,상해없음,승용,남,38세,경상
2021081000100394,2021년 8월 10일 18시,화요일,강원도 원주시 단계동,경상사고,0,0,1,0,차대차 - 추돌,안전운전불이행,건조,맑음,단일로 - 기타,승용,남,61세,상해없음,이륜,남,17세,경상
2021081000100505,2021년 8월 10일 21시,화요일,강원도 속초시 중앙동,경상사고,0,0,1,0,차대사람 - 차도통행중,안전운전불이행,건조,맑음,단일로 - 기타,화물,남,69세,상해없음,보행자,여,64세,경상
2021081000100554,2021년 8월 10일 23시,화요일,강원도 양양군 양양읍,중상사고,0,1,0,0,차대사람 - 기타,중앙선침범,건조,맑음,단일로 - 기타,승용,남,41세,상해없음,보행자,여,17세,중상
2021081100100071,2021년 8월 11일 08시,수요일,강원도 원주시 명륜동,경상사고,0,0,1,0,차대차 - 측면충돌,안전거리미확보,건조,맑음,단일로 - 기타,승용,여,43세,기타불명,승용,남,50세,경상
2021081100100107,2021년 8월 11일 09시,수요일,강원도 원주시 무실동,경상사고,0,0,2,0,차대차 - 측면충돌,안전거리미확보,건조,맑음,교차로 - 교차로안,승합,남,66세,상해없음,승용,남,43세,경상
2021081100100108,2021년 8월 11일 09시,수요일,강원도 양구군 해안면,중상사고,0,1,0,0,차대차 - 추돌,중앙선침범,건조,맑음,단일로 - 기타,화물,남,69세,상해없음,농기계,남,82세,중상
2021081100100132,2021년 8월 11일 10시,수요일,강원도 춘천시 효자동,경상사고,0,0,3,0,차대차 - 측면충돌,안전운전불이행,건조,맑음,단일로 - 기타,승용,여,36세,상해없음,화물,남,45세,경상
2021081100100201,2021년 8월 11일 12시,수요일,강원도 원주시 흥업면,경상사고,0,0,3,0,차대차 - 측면충돌,교차로운행방법위반,건조,맑음,교차로 - 교차로안,승용,여,49세,상해없음,승용,여,48세,경상
2021081100100202,2021년 8월 11일 12시,수요일,강원도 원주시 신림면,경상사고,0,0,2,0,차대차 - 기타,중앙선침범,건조,맑음,단일로 - 기타,승용,여,49세,상해없음,승용,남,69세,경상
2021081100100203,2021년 8월 11일 12시,수요일,강원도 속초시 교동,경상사고,0,0,1,0,차대차 - 측면충돌,신호위반,건조,맑음,교차로 - 교차로안,승용,남,81세,상해없음,이륜,남,28세,경상
2021081100100204,2021년 8월 11일 12시,수요일,강원도 속초시 교동,경상사고,0,0,1,0,차대차 - 측면충돌,안전운전불이행,건조,맑음,교차로 - 교차로안,승용,여,61세,상해없음,이륜,남,29세,경상
2021081100100224,2021년 8월 11일 13시,수요일,강원도 춘천시 효자동,경상사고,0,0,1,0,차대차 - 측면충돌,안전거리미확보,건조,맑음,교차로 - 교차로부근,승용,남,60세,상해없음,승용,남,28세,경상
2021081100100290,2021년 8월 11일 15시,수요일,강원도 강릉시 저동,경상사고,0,0,12,0,차대차 - 측면충돌,기타,건조,맑음,기타 - 기타,승용,남,15세,상해없음,승용,여,37세,상해없음
2021081100100354,2021년 8월 11일 17시,수요일,강원도 홍천군 서면,중상사고,0,1,0,0,차량단독 - 기타,안전운전불이행,건조,맑음,기타 - 기타,사륜오토바이(ATV),여,34세,중상,,,,
2021081100100355,2021년 8월 11일 17시,수요일,강원도 동해시 이도동,경상사고,0,0,3,0,차대차 - 추돌,안전운전불이행,건조,맑음,단일로 - 기타,승용,여,67세,기타불명,승용,여,48세,경상
2021081100100424,2021년 8월 11일 19시,수요일,강원도 춘천시 칠전동,경상사고,0,0,1,0,차대차 - 측면충돌,중앙선침범,건조,맑음,단일로 - 터널,승용,여,43세,상해없음,승용,여,48세,경상
2021081100100463,2021년 8월 11일 20시,수요일,강원도 춘천시 퇴계동,경상사고,0,0,1,0,차대차 - 후진중충돌,안전운전불이행,건조,맑음,단일로 - 기타,승용,남,53세,상해없음,승용,여,36세,경상
2021081100100464,2021년 8월 11일 20시,수요일,강원도 속초시 교동,경상사고,0,0,1,0,차대차 - 측면충돌,교차로운행방법위반,건조,흐림,교차로 - 교차로안,승용,남,46세,상해없음,이륜,남,35세,경상
2021081100100465,2021년 8월 11일 20시,수요일,강원도 동해시 효가동,경상사고,0,0,2,0,차대차 - 측면충돌,안전운전불이행,건조,맑음,교차로 - 교차로안,승용,남,49세,상해없음,승용,남,44세,경상
2021081100100540,2021년 8월 11일 23시,수요일,강원도 원주시 문막읍,경상사고,0,0,1,0,차대차 - 추돌,안전운전불이행,건조,맑음,단일로 - 기타,화물,남,41세,상해없음,승용,남,57세,경상
2021081200100078,2021년 8월 12일 08시,목요일,강원도 홍천군 홍천읍,경상사고,0,0,1,0,차대차 - 측면충돌,교차로운행방법위반,건조,맑음,교차로 - 교차로안,승용,남,24세,상해없음,승용,여,61세,경상
2021081200100119,2021년 8월 12일 09시,목요일,강원도 원주시 단계동,중상사고,0,1,0,0,차대사람 - 횡단중,안전운전불이행,건조,맑음,교차로 - 교차로부근,승용,남,40세,상해없음,보행자,여,52세,중상