사고번호,사고일시,요일,시군구,사고내용,사망자수,중상자수,경상자수,부상신고자수,사고유형,법규위반,노면상태,기상상태,도로형태,가해운전자 차종,가해운전자 성별,가해운전자 연령,가해운전자 상해정도,피해운전자 차종,피해운전자 성별,피해운전자 연령,피해운전자 상해정도
2021081200100150,2021년 8월 12일 10시,목요일,강원도 원주시 명륜동,경상사고,0,0,1,0,차대차 - 추돌,안전거리미확보,건조,맑음,단일로 - 기타,화물,남,67세,상해없음,승용,남,32세,경상
2021081200100216,2021년 8월 12일 12시,목요일,강원도 원주시 봉산동,경상사고,0,0,1,0,차대차 - 측면충돌,안전거리미확보,건조,맑음,기타 - 기타,승용,남,77세,상해없음,승용,남,28세,경상
2021081200100250,2021년 8월 12일 13시,목요일,강원도 춘천시 후평동,경상사고,0,0,3,0,차대차 - 측면충돌,안전운전불이행,건조,맑음,교차로 - 교차로안,승용,여,48세,경상,화물,남,37세,경상
2021081200100278,2021년 8월 12일 14시,목요일,강원도 홍천군 북방면,경상사고,0,0,2,0,차대차 - 정면충돌,직진우회전진행방해,건조,맑음,교차로 - 교차로안,이륜,남,29세,경상,이륜,남,65세,경상
2021081200100307,2021년 8월 12일 15시,목요일,강원도 홍천군 홍천읍,경상사고,0,0,1,0,차대차 - 추돌,안전운전불이행,건조,맑음,단일로 - 기타,승용,남,42세,상해없음,승합,남,57세,경상
2021081200100308,2021년 8월 12일 15시,목요일,강원도 양구군 양구읍,경상사고,0,0,1,0,차대차 - 기타,기타,건조,맑음,교차로 - 교차로안,승용,남,65세,상해없음,승용,여,50세,경상
2021081200100343,2021년 8월 12일 16시,목요일,강원도 원주시 판부면,중상사고,0,1,0,1,차대차 - 측면충돌,안전운전불이행,건조,맑음,단일로 - 기타,이륜,남,15세,기타불명,승용,여,42세,부상신고
2021081200100344,2021년 8월 12일 16시,목요일,강원도 원주시 단구동,중상사고,0,1,0,0,차대사람 - 횡단중,보행자보호의무위반,건조,맑음,교차로 - 교차로횡단보도내,승용,여,58세,상해없음,보행자,남,63세,중상
2021081200100383,2021년 8월 12일 17시,목요일,강원도 춘천시 요선동,부상신고사고,0,0,0,1,차대차 - 측면충돌,중앙선침범,건조,맑음,교차로 - 교차로횡단보도내,자전거,남,64세,부상신고,승용,남,70세,상해없음
2021081200100545,2021년 8월 12일 22시,목요일,강원도 춘천시 후평동,중상사고,0,1,0,0,차대사람 - 기타,안전운전불이행,건조,맑음,단일로 - 기타,승용,여,64세,상해없음,보행자,남,68세,중상
2021081300100021,2021년 8월 13일 04시,금요일,강원도 춘천시 효자동,사망사고,1,1,0,0,차대차 - 추돌,안전거리미확보,건조,맑음,교차로 - 교차로부근,승용,남,73세,사망,승용,남,47세,중상
2021081300100026,2021년 8월 13일 05시,금요일,강원도 춘천시 신동면,경상사고,0,0,1,0,차대차 - 측면충돌,안전거리미확보,건조,맑음,단일로 - 기타,화물,남,74세,상해없음,승용,여,21세,경상
2021081300100027,2021년 8월 13일 05시,금요일,강원도 양구군 국토정중앙면,경상사고,0,0,3,0,차대차 - 측면충돌,신호위반,건조,맑음,교차로 - 교차로안,승용,남,74세,상해없음,승용,남,63세,경상
2021081300100038,2021년 8월 13일 07시,금요일,강원도 원주시 소초면,중상사고,0,1,0,0,차대차 - 후진중충돌,안전운전불이행,건조,맑음,단일로 - 기타,화물,남,65세,상해없음,승용,남,42세,중상
2021081300100039,2021년 8월 13일 07시,금요일,강원도 태백시 혈동,경상사고,0,0,1,0,차대차 - 기타,중앙선침범,젖음/습기,비,단일로 - 기타,승용,남,52세,상해없음,이륜,남,54세,경상
2021081300100062,2021년 8월 13일 08시,금요일,강원도 원주시 문막읍,경상사고,0,0,1,1,차대차 - 정면충돌,안전운전불이행,건조,맑음,교차로 - 교차로안,승용,여,47세,부상신고,승용,남,26세,경상
2021081300100063,2021년 8월 13일 08시,금요일,강원도 영월군 한반도면,중상사고,0,1,0,0,차대차 - 정면충돌,안전운전불이행,건조,맑음,교차로 - 교차로부근,승합,남,42세,상해없음,승용,여,54세,중상
2021081300100064,2021년 8월 13일 08시,금요일,강원도 화천군 화천읍,경상사고,0,0,2,1,차대차 - 추돌,안전운전불이행,건조,맑음,교차로 - 교차로안,승용,남,55세,부상신고,승용,남,30세,경상
2021081300100065,2021년 8월 13일 08시,금요일,강원도 철원군 갈말읍,경상사고,0,0,1,0,차대차 - 정면충돌,기타,건조,맑음,교차로 - 교차로안,승용,남,26세,상해없음,승용,여,57세,경상
2021081300100119,2021년 8월 13일 10시,금요일,강원도 원주시 학성동,부상신고사고,0,0,0,1,차대차 - 추돌,안전운전불이행,건조,맑음,교차로 - 교차로부근,승용,남,46세,상해없음,승용,남,60세,부상신고
2021081300100120,2021년 8월 13일 10시,금요일,강원도 영월군 영월읍,경상사고,0,0,1,0,차대차 - 추돌,안전운전불이행,건조,맑음,단일로 - 기타,화물,남,51세,상해없음,승용,여,65세,경상
2021081300100147,2021년 8월 13일 11시,금요일,강원도 춘천시 퇴계동,경상사고,0,0,1,0,차대차 - 기타,교차로운행방법위반,건조,맑음,교차로 - 교차로안,승용,남,70세,상해없음,이륜,남,37세,경상
2021081300100194,2021년 8월 13일 12시,금요일,강원도 동해시 이로동,중상사고,0,2,0,0,차대차 - 추돌,교차로운행방법위반,건조,맑음,교차로 - 교차로안,승용,여,69세,중상,화물,남,76세,중상
2021081300100384,2021년 8월 13일 17시,금요일,강원도 화천군 화천읍,경상사고,0,0,1,6,차량단독 - 공작물충돌,안전운전불이행,건조,맑음,단일로 - 기타,승용,남,21세,상해없음,,,,
2021081300100385,2021년 8월 13일 17시,금요일,강원도 인제군 인제읍,경상사고,0,0,1,0,차대차 - 측면충돌,중앙선침범,건조,맑음,단일로 - 기타,승용,여,21세,상해없음,이륜,남,58세,경상
2021081300100485,2021년 8월 13일 19시,금요일,강원도 원주시 판부면,경상사고,0,0,1,0,차대차 - 측면충돌,안전운전불이행,건조,맑음,단일로 - 교량,화물,남,62세,상해없음,승용,여,46세,경상
2021081300100501,2021년 8월 13일 20시,금요일,강원도 춘천시 퇴계동,경상사고,0,0,1,0,차대차 - 정면충돌,중앙선침범,건조,맑음,단일로 - 기타,승용,남,59세,상해없음,이륜,남,53세,경상
2021081300100502,2021년 8월 13일 20시,금요일,강원도 춘천시 조양동,중상사고,0,1,0,0,차대사람 - 보도통행중,기타,건조,맑음,기타 - 기타,개인형이동수단(PM),기타불명,미분류,기타불명,보행자,여,28세,중상
2021081300100503,2021년 8월 13일 20시,금요일,강원도 원주시 문막읍,경상사고,0,0,2,0,차대차 - 추돌,기타,건조,맑음,단일로 - 기타,승용,남,27세,경상,승용,남,24세,경상
2021081300100529,2021년 8월 13일 21시,금요일,강원도 원주시 단구동,경상사고,0,0,1,0,차대차 - 기타,안전거리미확보,건조,맑음,단일로 - 기타,승용,남,64세,상해없음,이륜,남,59세,경상
2021081400100004,2021년 8월 14일 00시,토요일,강원도 평창군 평창읍,경상사고,0,0,1,0,차대차 - 추돌,안전운전불이행,건조,맑음,기타 - 기타,승용,남,27세,경상,화물,남,58세,상해없음
2021081400100037,2021년 8월 14일 05시,토요일,강원도 삼척시 도계읍,중상사고,0,1,0,0,차대사람 - 횡단중,안전운전불이행,건조,흐림,교차로 - 교차로안,승용,남,64세,상해없음,보행자,여,59세,중상
2021081400100054,2021년 8월 14일 07시,토요일,강원도 동해시 나안동,중상사고,0,2,0,0,차대차 - 기타,신호위반,젖음/습기,비,교차로 - 교차로안,승용,남,65세,상해없음,승용,여,69세,중상
2021081400100196,2021년 8월 14일 13시,토요일,강원도 춘천시 동면,경상사고,0,0,2,0,차대차 - 측면충돌,신호위반,건조,맑음,교차로 - 교차로안,승용,남,56세,상해없음,승용,남,29세,경상
2021081400100198,2021년 8월 14일 13시,토요일,강원도 춘천시 중앙로3가,경상사고,0,0,1,0,차대차 - 기타,안전거리미확보,건조,맑음,교차로 - 교차로부근,승용,남,44세,상해없음,승합,남,53세,상해없음
2021081400100199,2021년 8월 14일 13시,토요일,강원도 춘천시 후평동,경상사고,0,0,1,0,차대차 - 추돌,안전거리미확보,건조,맑음,교차로 - 교차로부근,승합,남,66세,상해없음,승용,남,58세,경상
2021081400100237,2021년 8월 14일 14시,토요일,강원도 화천군 하남면,경상사고,0,0,2,0,차대차 - 기타,중앙선침범,건조,맑음,단일로 - 기타,승용,남,81세,상해없음,화물,남,61세,경상
2021081400100238,2021년 8월 14일 14시,토요일,강원도 철원군 동송읍,경상사고,0,0,2,0,차대차 - 측면충돌,신호위반,건조,맑음,교차로 - 교차로안,승용,여,36세,경상,승용,남,77세,경상
2021081400100297,2021년 8월 14일 16시,토요일,강원도 원주시 봉산동,경상사고,0,0,3,0,차대차 - 측면충돌,안전운전불이행,건조,맑음,단일로 - 기타,화물,남,37세,상해없음,승용,남,48세,경상
2021081400100404,2021년 8월 14일 19시,토요일,강원도 강릉시 옥천동,경상사고,0,0,1,0,차대사람 - 횡단중,안전운전불이행,젖음/습기,비,교차로 - 교차로안,승용,남,29세,상해없음,보행자,남,65세,경상
2021081400100405,2021년 8월 14일 19시,토요일,강원도 고성군 토성면,경상사고,0,0,1,0,차대차 - 측면충돌,안전거리미확보,젖음/습기,흐림,기타 - 기타,승용,여,62세,상해없음,승용,여,26세,경상
2021081400100464,2021년 8월 14일 21시,토요일,강원도 춘천시 석사동,경상사고,0,0,1,0,차대사람 - 기타,안전운전불이행,건조,맑음,단일로 - 기타,기타불명,기타불명,미분류,기타불명,보행자,남,28세,경상
2021081400100465,2021년 8월 14일 21시,토요일,강원도 평창군 진부면,중상사고,0,1,1,0,차대차 - 추돌,안전거리미확보,건조,맑음,단일로 - 지하차도(도로)내,승용,남,47세,중상,화물,남,41세,경상
2021081400100507,2021년 8월 14일 23시,토요일,강원도 홍천군 홍천읍,중상사고,0,1,0,0,차대사람 - 횡단중,안전운전불이행,건조,맑음,단일로 - 기타,승용,여,48세,상해없음,보행자,여,83세,중상
2021081500100016,2021년 8월 15일 01시,일요일,강원도 양구군 양구읍,경상사고,0,0,3,1,차대차 - 측면충돌,안전운전불이행,건조,맑음,단일로 - 기타,승용,남,26세,상해없음,승용,남,18세,부상신고
2021081500100071,2021년 8월 15일 09시,일요일,강원도 춘천시 후평동,경상사고,0,0,1,0,차대사람 - 길가장자리구역통행중,안전운전불이행,건조,맑음,단일로 - 기타,화물,남,57세,상해없음,보행자,남,55세,경상
2021081500100107,2021년 8월 15일 11시,일요일,강원도 원주시 판부면,경상사고,0,0,2,1,차대차 - 측면충돌,안전운전불이행,건조,맑음,단일로 - 기타,승용,남,64세,상해없음,승용,여,37세,경상
2021081500100163,2021년 8월 15일 13시,일요일,강원도 평창군 봉평면,경상사고,0,0,1,1,차대차 - 정면충돌,중앙선침범,건조,맑음,교차로 - 교차로부근,승용,남,25세,상해없음,승용,여,34세,경상
2021081500100164,2021년 8월 15일 13시,일요일,강원도 홍천군 화촌면,중상사고,0,2,0,0,차대차 - 추돌,안전거리미확보,건조,맑음,단일로 - 터널,승용,남,27세,상해없음,승용,여,67세,중상
2021081500100197,2021년 8월 15일 14시,일요일,강원도 춘천시 효자동,경상사고,0,0,1,1,차대차 - 기타,교차로운행방법위반,건조,맑음,교차로 - 교차로안,이륜,남,51세,부상신고,승용,남,54세,경상
2021081500100198,2021년 8월 15일 14시,일요일,강원도 속초시 교동,경상사고,0,0,1,0,차대차 - 측면충돌,안전운전불이행,건조,맑음,단일로 - 고가도로위,원동기,남,20세,상해없음,승용,남,36세,경상
2021081500100230,2021년 8월 15일 15시,일요일,강원도 강릉시 안현동,경상사고,0,0,1,0,차대차 - 측면충돌,안전운전불이행,건조,맑음,교차로 - 교차로부근,이륜,남,27세,상해없음,승용,여,56세,경상
2021081500100231,2021년 8월 15일 15시,일요일,강원도 강릉시 초당동,경상사고,0,0,4,0,차대차 - 후진중충돌,안전운전불이행,건조,맑음,주차장 - 주차장,승용,남,43세,상해없음,승용,남,26세,경상
2021081500100232,2021년 8월 15일 15시,일요일,강원도 고성군 토성면,중상사고,0,1,0,0,차대사람 - 횡단중,안전운전불이행,건조,흐림,교차로 - 교차로부근,승용,남,31세,상해없음,보행자,남,50세,중상
2021081500100255,2021년 8월 15일 16시,일요일,강원도 춘천시 운교동,경상사고,0,0,1,0,차대차 - 기타,안전거리미확보,건조,맑음,교차로 - 교차로부근,승용,남,32세,상해없음,승용,남,65세,경상
2021081500100256,2021년 8월 15일 16시,일요일,강원도 양양군 양양읍,경상사고,0,0,1,0,차대차 - 추돌,안전거리미확보,건조,맑음,단일로 - 지하차도(도로)내,승용,여,42세,상해없음,승용,남,52세,경상
2021081500100257,2021년 8월 15일 16시,일요일,강원도 홍천군 홍천읍,경상사고,0,0,4,0,차대차 - 추돌,안전거리미확보,건조,맑음,단일로 - 지하차도(도로)내,승용,여,47세,상해없음,승용,남,23세,경상
2021081500100335,2021년 8월 15일 19시,일요일,강원도 태백시 황지동,중상사고,0,1,0,0,차대사람 - 횡단중,보행자보호의무위반,젖음/습기,흐림,교차로 - 교차로횡단보도내,승용,남,22세,상해없음,보행자,여,82세,중상
2021081500100412,2021년 8월 15일 23시,일요일,강원도 원주시 단구동,경상사고,0,0,2,0,차대차 - 추돌,안전운전불이행,건조,기타,기타 - 기타,승용,여,25세,상해없음,승용,남,30세,경상
2021081600100024,2021년 8월 16일 06시,월요일,강원도 강릉시 죽헌동,중상사고,0,1,0,0,차대차 - 측면충돌,신호위반,건조,맑음,교차로 - 교차로안,승용,남,73세,상해없음,화물,남,70세,중상
2021081600100046,2021년 8월 16일 08시,월요일,강원도 원주시 학성동,중상사고,0,1,0,0,차대차 - 측면충돌,안전거리미확보,건조,맑음,단일로 - 기타,승용,남,56세,상해없음,이륜,남,70세,중상
2021081600100105,2021년 8월 16일 11시,월요일,강원도 횡성군 횡성읍,중상사고,0,1,0,0,차대차 - 측면충돌,안전거리미확보,건조,맑음,단일로 - 기타,승용,남,23세,상해없음,이륜,여,34세,중상
2021081600100106,2021년 8월 16일 11시,월요일,강원도 동해시 신흥동,경상사고,0,0,1,0,차대차 - 측면충돌,중앙선침범,건조,맑음,단일로 - 기타,건설기계,남,59세,상해없음,건설기계,남,49세,경상
2021081600100130,2021년 8월 16일 12시,월요일,강원도 인제군 남면,경상사고,0,0,1,0,차량단독 - 공작물충돌,안전운전불이행,건조,맑음,단일로 - 교량,화물,남,44세,상해없음,,,,
2021081600100206,2021년 8월 16일 14시,월요일,강원도 원주시 단구동,경상사고,0,0,1,0,차대차 - 측면충돌,불법유턴,건조,맑음,교차로 - 교차로안,이륜,남,17세,상해없음,승용,남,43세,상해없음
2021081600100207,2021년 8월 16일 14시,월요일,강원도 속초시 노학동,중상사고,0,2,1,0,차대차 - 추돌,안전운전불이행,건조,흐림,교차로 - 교차로안,화물,남,64세,상해없음,승합,여,46세,중상
2021081600100271,2021년 8월 16일 16시,월요일,강원도 원주시 일산동,부상신고사고,0,0,0,1,차대사람 - 보도통행중,안전운전불이행,건조,맑음,기타 - 기타,자전거,기타불명,미분류,기타불명,보행자,남,38세,부상신고
2021081600100272,2021년 8월 16일 16시,월요일,강원도 양양군 현남면,경상사고,0,0,2,0,차대차 - 측면충돌,안전운전불이행,건조,맑음,단일로 - 기타,승용,여,46세,상해없음,승용,남,27세,경상
2021081600100273,2021년 8월 16일 16시,월요일,강원도 속초시 설악동,경상사고,0,0,2,0,차대차 - 측면충돌,중앙선침범,건조,맑음,교차로 - 교차로부근,건설기계,남,56세,상해없음,승용,남,31세,경상
2021081600100311,2021년 8월 16일 17시,월요일,강원도 정선군 정선읍,중상사고,0,1,0,0,차대차 - 정면충돌,중앙선침범,건조,맑음,교차로 - 교차로부근,화물,남,76세,상해없음,이륜,여,56세,중상
2021081600100348,2021년 8월 16일 18시,월요일,강원도 원주시 중앙동,중상사고,0,1,1,0,차대차 - 측면충돌,신호위반,건조,맑음,교차로 - 교차로안,승용,여,61세,상해없음,승용,남,68세,경상
2021081600100372,2021년 8월 16일 19시,월요일,강원도 평창군 방림면,중상사고,0,1,2,0,차대차 - 기타,중앙선침범,건조,맑음,단일로 - 지하차도(도로)내,승용,남,66세,중상,승용,여,40세,경상
2021081600100373,2021년 8월 16일 19시,월요일,강원도 횡성군 횡성읍,경상사고,0,0,1,0,차대차 - 기타,안전운전불이행,건조,맑음,단일로 - 기타,기타불명,기타불명,미분류,기타불명,자전거,남,12세,경상
2021081600100404,2021년 8월 16일 20시,월요일,강원도 원주시 흥업면,경상사고,0,0,4,0,차대차 - 추돌,안전운전불이행,건조,맑음,교차로 - 교차로부근,승용,남,73세,상해없음,승용,남,40세,경상
2021081600100405,2021년 8월 16일 20시,월요일,강원도 속초시 청호동,경상사고,0,0,2,0,차대차 - 추돌,안전운전불이행,건조,맑음,단일로 - 기타,승용,남,60세,상해없음,승용,남,30세,경상
2021081600100428,2021년 8월 16일 21시,월요일,강원도 횡성군 횡성읍,중상사고,0,1,0,0,차대차 - 측면충돌,안전운전불이행,건조,맑음,단일로 - 기타,자전거,남,6세,상해없음,자전거,남,44세,중상
2021081700100005,2021년 8월 17일 00시,화요일,강원도 태백시 동점동,중상사고,0,1,0,0,차대차 - 정면충돌,중앙선침범,건조,맑음,단일로 - 기타,화물,남,51세,상해없음,승용,남,48세,중상
2021081700100040,2021년 8월 17일 07시,화요일,강원도 원주시 문막읍,경상사고,0,0,2,0,차대차 - 측면충돌,신호위반,건조,맑음,교차로 - 교차로안,승용,여,56세,상해없음,승합,남,48세,경상
2021081700100072,2021년 8월 17일 08시,화요일,강원도 태백시 황지동,경상사고,0,0,1,0,차대차 - 기타,교차로운행방법위반,젖음/습기,비,교차로 - 교차로안,승용,여,34세,상해없음,승용,여,65세,경상
2021081700100137,2021년 8월 17일 10시,화요일,강원도 동해시 천곡동,경상사고,0,0,1,0,차대차 - 측면충돌,신호위반,젖음/습기,비,교차로 - 교차로안,승용,여,33세,상해없음,승용,여,56세,경상
2021081700100246,2021년 8월 17일 13시,화요일,강원도 원주시 학성동,경상사고,0,0,1,0,차대차 - 측면충돌,안전운전불이행,건조,맑음,단일로 - 기타,승용,남,31세,상해없음,특수,남,26세,경상
2021081700100278,2021년 8월 17일 14시,화요일,강원도 원주시 지정면,경상사고,0,0,4,0,차량단독 - 기타,안전운전불이행,건조,맑음,단일로 - 기타,승합,남,62세,상해없음,,,,
2021081700100279,2021년 8월 17일 14시,화요일,강원도 고성군 죽왕면,중상사고,0,1,0,0,차대차 - 측면충돌,교차로운행방법위반,젖음/습기,비,기타 - 기타,건설기계,남,21세,상해없음,승용,여,28세,중상
2021081700100319,2021년 8월 17일 15시,화요일,강원도 춘천시 석사동,경상사고,0,0,1,0,차대차 - 측면충돌,신호위반,건조,맑음,교차로 - 교차로안,원동기,남,55세,상해없음,승용,여,41세,경상
2021081700100350,2021년 8월 17일 16시,화요일,강원도 춘천시 동내면,경상사고,0,0,1,0,차대차 - 기타,신호위반,건조,맑음,교차로 - 교차로안,화물,여,58세,상해없음,승용,남,74세,경상
2021081700100351,2021년 8월 17일 16시,화요일,강원도 정선군 임계면,경상사고,0,0,1,0,차대차 - 기타,안전운전불이행,젖음/습기,흐림,단일로 - 기타,이륜,남,78세,경상,승용,남,74세,상해없음
2021081700100478,2021년 8월 17일 19시,화요일,강원도 인제군 인제읍,중상사고,0,1,0,0,차대사람 - 차도통행중,안전운전불이행,건조,맑음,교차로 - 교차로부근,승용,남,54세,상해없음,보행자,여,60세,중상
2021081800100002,2021년 8월 18일 00시,수요일,강원도 강릉시 교동,사망사고,1,0,0,0,차대차 - 추돌,안전운전불이행,젖음/습기,비,단일로 - 기타,이륜,남,26세,사망,건설기계,남,49세,기타불명
2021081800100003,2021년 8월 18일 00시,수요일,강원도 원주시 단계동,중상사고,0,1,0,0,차대차 - 기타,교차로운행방법위반,건조,맑음,교차로 - 교차로안,승용,남,29세,상해없음,승용,남,55세,중상
2021081800100098,2021년 8월 18일 09시,수요일,강원도 철원군 서면,경상사고,0,0,3,0,차대차 - 측면충돌,교차로운행방법위반,건조,맑음,교차로 - 교차로안,화물,남,53세,경상,승용,여,54세,경상
2021081800100126,2021년 8월 18일 10시,수요일,강원도 춘천시 온의동,중상사고,0,1,0,0,차대사람 - 기타,안전운전불이행,건조,맑음,단일로 - 기타,승용,남,72세,상해없음,보행자,여,77세,중상
2021081800100159,2021년 8월 18일 11시,수요일,강원도 춘천시 퇴계동,경상사고,0,0,1,0,차대차 - 측면충돌,안전운전불이행,건조,맑음,단일로 - 기타,이륜,남,76세,상해없음,승용,남,37세,경상
2021081800100160,2021년 8월 18일 11시,수요일,강원도 태백시 문곡동,경상사고,0,0,1,0,차대차 - 추돌,안전거리미확보,젖음/습기,비,단일로 - 기타,화물,남,59세,상해없음,승용,여,44세,경상
2021081800100191,2021년 8월 18일 12시,수요일,강원도 강릉시 금학동,경상사고,0,0,1,0,차대사람 - 횡단중,안전운전불이행,젖음/습기,흐림,교차로 - 교차로부근,승용,남,64세,상해없음,보행자,여,69세,경상
2021081800100259,2021년 8월 18일 14시,수요일,강원도 강릉시 초당동,중상사고,0,1,0,0,차대차 - 측면충돌,안전운전불이행,젖음/습기,맑음,교차로 - 교차로안,이륜,남,60세,상해없음,이륜,남,53세,중상
2021081800100260,2021년 8월 18일 14시,수요일,강원도 원주시 단계동,중상사고,0,2,0,0,차대차 - 측면충돌,안전거리미확보,건조,맑음,교차로 - 교차로부근,이륜,남,63세,중상,승합,여,44세,상해없음
2021081800100292,2021년 8월 18일 15시,수요일,강원도 태백시 황지동,경상사고,0,0,1,0,차대차 - 기타,안전운전불이행,건조,맑음,교차로 - 교차로안,승용,남,70세,상해없음,승용,여,60세,경상
2021081800100321,2021년 8월 18일 16시,수요일,강원도 원주시 단구동,부상신고사고,0,0,0,1,차대차 - 측면충돌,안전운전불이행,건조,맑음,주차장 - 주차장,원동기,남,18세,부상신고,화물,남,35세,상해없음
2021081800100370,2021년 8월 18일 17시,수요일,강원도 춘천시 석사동,경상사고,0,0,3,0,차대차 - 측면충돌,안전거리미확보,건조,맑음,단일로 - 기타,건설기계,남,62세,상해없음,승용,남,91세,상해없음
2021081800100371,2021년 8월 18일 17시,수요일,강원도 춘천시 동내면,경상사고,0,0,1,0,차량단독 - 기타,기타,건조,맑음,단일로 - 기타,승합,남,60세,상해없음,,,,
2021081800100372,2021년 8월 18일 17시,수요일,강원도 춘천시 동내면,경상사고,0,0,1,0,차대차 - 기타,안전운전불이행,건조,맑음,단일로 - 기타,화물,남,63세,상해없음,승용,여,26세,경상
2021081800100373,2021년 8월 18일 17시,수요일,강원도 원주시 무실동,경상사고,0,0,1,0,차대사람 - 기타,기타,건조,맑음,교차로 - 교차로부근,화물,남,54세,상해없음,보행자,남,4세,경상
2021081800100374,2021년 8월 18일 17시,수요일,강원도 화천군 사내면,경상사고,0,0,2,0,차대차 - 정면충돌,신호위반,건조,맑음,기타 - 기타,승용,남,48세,상해없음,승용,남,26세,경상
2021081800100375,2021년 8월 18일 17시,수요일,강원도 횡성군 횡성읍,중상사고,0,1,0,0,차대차 - 측면충돌,안전운전불이행,건조,맑음,교차로 - 교차로안,승용,여,47세,상해없음,자전거,여,70세,중상
2021081800100420,2021년 8월 18일 18시,수요일,강원도 원주시 관설동,경상사고,0,0,1,0,차대차 - 측면충돌,기타,건조,맑음,교차로 - 교차로안,기타불명,기타불명,미분류,기타불명,승용,남,65세,경상
2021081800100503,2021년 8월 18일 20시,수요일,강원도 속초시 청학동,경상사고,0,0,2,0,차대차 - 측면충돌,교차로운행방법위반,건조,맑음,교차로 - 교차로안,승용,남,19세,상해없음,화물,여,54세,경상
2021081800100560,2021년 8월 18일 22시,수요일,강원도 원주시 명륜동,경상사고,0,0,1,0,차대차 - 기타,신호위반,건조,맑음,교차로 - 교차로안,이륜,남,17세,기타불명,승용,남,64세,경상
2021081900100040,2021년 8월 19일 07시,목요일,강원도 삼척시 교동,경상사고,0,0,1,0,차대차 - 측면충돌,안전운전불이행,젖음/습기,흐림,단일로 - 기타,승용,남,53세,상해없음,승용,남,70세,경상
2021081900100106,2021년 8월 19일 09시,목요일,강원도 원주시 학성동,경상사고,0,0,2,0,차대차 - 추돌,안전거리미확보,건조,맑음,교차로 - 교차로부근,승용,남,85세,상해없음,승용,여,36세,경상
2021081900100107,2021년 8월 19일 09시,목요일,강원도 원주시 단구동,경상사고,0,0,1,0,차대차 - 측면충돌,직진우회전진행방해,건조,맑음,교차로 - 교차로안,승용,여,55세,경상,승용,남,62세,상해없음
2021081900100144,2021년 8월 19일 10시,목요일,강원도 원주시 지정면,경상사고,0,0,1,0,차대차 - 측면충돌,중앙선침범,건조,맑음,단일로 - 기타,승용,여,54세,기타불명,승용,남,39세,경상
2021081900100181,2021년 8월 19일 11시,목요일,강원도 춘천시 우두동,경상사고,0,0,1,0,차대차 - 기타,안전운전불이행,건조,맑음,단일로 - 기타,이륜,남,62세,상해없음,승용,여,48세,경상
2021081900100182,2021년 8월 19일 11시,목요일,강원도 춘천시 우두동,중상사고,0,1,0,0,차대차 - 후진중충돌,불법유턴,건조,맑음,교차로 - 교차로부근,승용,남,31세,상해없음,승용,남,33세,중상
2021081900100183,2021년 8월 19일 11시,목요일,강원도 원주시 문막읍,경상사고,0,0,2,0,차대차 - 기타,기타,건조,맑음,단일로 - 기타,승용,남,35세,상해없음,승용,여,53세,경상
2021081900100184,2021년 8월 19일 11시,목요일,강원도 양양군 손양면,경상사고,0,0,2,0,차대차 - 추돌,안전거리미확보,건조,맑음,단일로 - 고가도로위,건설기계,남,62세,상해없음,승용,남,40세,경상
2021081900100251,2021년 8월 19일 13시,목요일,강원도 철원군 갈말읍,중상사고,0,3,0,0,차대차 - 정면충돌,직진우회전진행방해,건조,맑음,교차로 - 교차로안,승용,여,52세,상해없음,승용,여,45세,중상
2021081900100283,2021년 8월 19일 14시,목요일,강원도 정선군 정선읍,중상사고,0,1,0,0,차대차 - 기타,기타,건조,맑음,교차로 - 교차로안,승용,여,32세,상해없음,이륜,여,68세,중상
2021081900100317,2021년 8월 19일 15시,목요일,강원도 고성군 거진읍,중상사고,0,1,0,1,차대차 - 측면충돌,직진우회전진행방해,건조,맑음,교차로 - 교차로안,승용,여,60세,상해없음,승합,남,34세,부상신고
2021081900100358,2021년 8월 19일 16시,목요일,강원도 춘천시 효자동,경상사고,0,0,1,0,차대차 - 측면충돌,안전거리미확보,건조,맑음,단일로 - 기타,이륜,남,68세,상해없음,승용,여,23세,경상
2021081900100359,2021년 8월 19일 16시,목요일,강원도 강릉시 임당동,중상사고,0,1,0,0,차대사람 - 횡단중,보행자보호의무위반,젖음/습기,비,단일로 - 기타,승용,여,63세,상해없음,보행자,여,80세,중상
2021081900100402,2021년 8월 19일 17시,목요일,강원도 춘천시 효자동,경상사고,0,0,1,0,차대차 - 기타,신호위반,건조,맑음,교차로 - 교차로안,승용,여,53세,상해없음,이륜,남,29세,경상
2021081900100403,2021년 8월 19일 17시,목요일,강원도 원주시 태장동,경상사고,0,0,2,0,차대차 - 추돌,안전운전불이행,건조,맑음,기타 - 기타,승용,남,67세,경상,승용,여,47세,경상
2021081900100441,2021년 8월 19일 18시,목요일,강원도 춘천시 칠전동,경상사고,0,0,1,0,차대차 - 기타,안전운전불이행,기타,맑음,단일로 - 기타,자전거,남,47세,상해없음,자전거,남,57세,경상
2021081900100442,2021년 8월 19일 18시,목요일,강원도 인제군 기린면,중상사고,0,1,0,0,차대차 - 측면충돌,안전운전불이행,건조,맑음,단일로 - 기타,승용,남,63세,중상,승용,남,27세,상해없음
2021081900100482,2021년 8월 19일 19시,목요일,강원도 춘천시 동산면,경상사고,0,0,1,0,차대차 - 기타,중앙선침범,건조,맑음,단일로 - 기타,승용,여,56세,상해없음,승용,남,62세,경상