사고번호,사고일시,요일,시군구,사고내용,사망자수,중상자수,경상자수,부상신고자수,사고유형,법규위반,노면상태,기상상태,도로형태,가해운전자 차종,가해운전자 성별,가해운전자 연령,가해운전자 상해정도,피해운전자 차종,피해운전자 성별,피해운전자 연령,피해운전자 상해정도
2021090200100067,2021년 9월 2일 08시,목요일,강원도 춘천시 동내면,경상사고,0,0,1,0,차대차 - 추돌,안전거리미확보,건조,맑음,단일로 - 기타,화물,남,31세,상해없음,승용,남,69세,경상
2021090200100068,2021년 9월 2일 08시,목요일,강원도 원주시 학성동,경상사고,0,0,2,0,차대차 - 추돌,안전운전불이행,건조,맑음,단일로 - 기타,승용,남,59세,상해없음,승용,여,45세,경상
2021090200100069,2021년 9월 2일 08시,목요일,강원도 정선군 정선읍,경상사고,0,0,1,0,차대차 - 기타,안전운전불이행,건조,흐림,교차로 - 교차로부근,승용,여,72세,기타불명,승용,여,48세,경상
2021090200100070,2021년 9월 2일 08시,목요일,강원도 동해시 발한동,경상사고,0,0,1,0,차대차 - 추돌,안전운전불이행,건조,맑음,단일로 - 기타,승용,여,54세,상해없음,승용,남,47세,경상
2021090200100102,2021년 9월 2일 09시,목요일,강원도 춘천시 온의동,중상사고,0,1,0,0,차대사람 - 기타,기타,건조,맑음,단일로 - 기타,승합,남,55세,상해없음,보행자,여,78세,중상
2021090200100135,2021년 9월 2일 10시,목요일,강원도 속초시 금호동,경상사고,0,0,3,0,차대차 - 측면충돌,교차로운행방법위반,건조,맑음,교차로 - 교차로안,화물,여,56세,상해없음,승용,남,31세,경상
2021090200100159,2021년 9월 2일 11시,목요일,강원도 정선군 사북읍,경상사고,0,0,1,0,차대차 - 기타,직진우회전진행방해,건조,맑음,교차로 - 교차로부근,화물,남,53세,상해없음,승용,남,62세,경상
2021090200100190,2021년 9월 2일 12시,목요일,강원도 춘천시 죽림동,경상사고,0,0,2,0,차대차 - 기타,안전운전불이행,건조,맑음,단일로 - 기타,승용,남,34세,상해없음,승용,여,36세,경상
2021090200100215,2021년 9월 2일 13시,목요일,강원도 횡성군 우천면,경상사고,0,0,5,0,차대차 - 측면충돌,교차로운행방법위반,건조,맑음,교차로 - 교차로안,승용,여,42세,상해없음,승용,남,64세,경상
2021090200100246,2021년 9월 2일 14시,목요일,강원도 춘천시 석사동,경상사고,0,0,1,0,차대사람 - 기타,안전운전불이행,건조,맑음,단일로 - 기타,승용,남,34세,상해없음,보행자,남,57세,경상
2021090200100247,2021년 9월 2일 14시,목요일,강원도 원주시 개운동,경상사고,0,0,2,0,차대차 - 측면충돌,교차로운행방법위반,건조,맑음,교차로 - 교차로안,승용,남,62세,상해없음,승용,남,66세,경상
2021090200100276,2021년 9월 2일 15시,목요일,강원도 원주시 봉산동,경상사고,0,0,1,0,차대차 - 측면충돌,교차로운행방법위반,건조,맑음,교차로 - 교차로안,승용,남,54세,상해없음,승용,남,51세,경상
2021090200100277,2021년 9월 2일 15시,목요일,강원도 원주시 흥업면,중상사고,0,1,0,0,차대사람 - 차도통행중,안전운전불이행,건조,맑음,교차로 - 교차로횡단보도내,화물,남,47세,상해없음,보행자,여,86세,중상
2021090200100278,2021년 9월 2일 15시,목요일,강원도 원주시 문막읍,경상사고,0,0,2,0,차대차 - 추돌,안전운전불이행,건조,맑음,교차로 - 교차로부근,특수,남,62세,상해없음,화물,남,58세,경상
2021090200100316,2021년 9월 2일 16시,목요일,강원도 원주시 우산동,경상사고,0,0,1,0,차대차 - 추돌,안전운전불이행,건조,맑음,교차로 - 교차로횡단보도내,화물,남,63세,상해없음,승용,남,32세,경상
2021090200100358,2021년 9월 2일 17시,목요일,강원도 철원군 동송읍,경상사고,0,0,1,0,차대차 - 추돌,안전거리미확보,건조,맑음,교차로 - 교차로부근,화물,남,66세,기타불명,승용,남,43세,상해없음
2021090200100456,2021년 9월 2일 19시,목요일,강원도 원주시 문막읍,중상사고,0,1,1,0,차대차 - 추돌,기타,건조,맑음,단일로 - 교량,승용,남,56세,상해없음,승용,남,50세,중상
2021090200100488,2021년 9월 2일 20시,목요일,강원도 원주시 태장동,경상사고,0,0,1,0,차대사람 - 길가장자리구역통행중,안전운전불이행,건조,맑음,기타 - 기타,승용,여,64세,상해없음,보행자,남,44세,경상
2021090200100541,2021년 9월 2일 22시,목요일,강원도 춘천시 후평동,중상사고,0,1,0,0,차대사람 - 횡단중,보행자보호의무위반,젖음/습기,비,교차로 - 교차로횡단보도내,승용,남,36세,상해없음,보행자,남,31세,중상
2021090200100557,2021년 9월 2일 23시,목요일,강원도 속초시 영랑동,경상사고,0,0,1,0,차대사람 - 차도통행중,안전운전불이행,건조,맑음,교차로 - 교차로안,승용,남,77세,상해없음,보행자,여,27세,경상
2021090300100051,2021년 9월 3일 07시,금요일,강원도 춘천시 북산면,경상사고,0,0,1,0,차대차 - 측면충돌,안전운전불이행,건조,맑음,단일로 - 기타,승용,여,66세,상해없음,승용,여,29세,경상
2021090300100052,2021년 9월 3일 07시,금요일,강원도 강릉시 홍제동,중상사고,0,1,0,0,차대차 - 기타,신호위반,건조,맑음,교차로 - 교차로안,승용,여,65세,상해없음,승용,여,51세,중상
2021090300100053,2021년 9월 3일 07시,금요일,강원도 인제군 기린면,중상사고,0,2,0,0,차대차 - 측면충돌,중앙선침범,건조,맑음,단일로 - 기타,화물,남,77세,상해없음,사륜오토바이(ATV),남,80세,중상
2021090300100077,2021년 9월 3일 08시,금요일,강원도 춘천시 퇴계동,부상신고사고,0,0,0,1,차대사람 - 횡단중,신호위반,건조,맑음,교차로 - 교차로횡단보도내,화물,남,64세,상해없음,보행자,남,8세,부상신고
2021090300100078,2021년 9월 3일 08시,금요일,강원도 춘천시 후평동,중상사고,0,2,0,0,차대사람 - 횡단중,신호위반,건조,맑음,교차로 - 교차로부근,승용,남,59세,상해없음,보행자,여,8세,중상
2021090300100079,2021년 9월 3일 08시,금요일,강원도 정선군 화암면,경상사고,0,0,1,0,차대차 - 기타,중앙선침범,건조,맑음,교차로 - 교차로안,건설기계,남,60세,상해없음,승합,남,48세,상해없음
2021090300100080,2021년 9월 3일 08시,금요일,강원도 정선군 정선읍,경상사고,0,0,1,0,차대차 - 기타,안전운전불이행,건조,맑음,단일로 - 기타,승용,남,78세,경상,승합,남,51세,상해없음
2021090300100115,2021년 9월 3일 09시,금요일,강원도 정선군 여량면,경상사고,0,0,1,0,차량단독 - 전도전복 - 전도,안전운전불이행,건조,맑음,기타 - 기타,건설기계,남,65세,상해없음,,,,
2021090300100137,2021년 9월 3일 10시,금요일,강원도 속초시 중앙동,경상사고,0,0,1,0,차대사람 - 길가장자리구역통행중,안전운전불이행,건조,맑음,단일로 - 기타,승용,남,62세,상해없음,보행자,남,43세,경상
2021090300100161,2021년 9월 3일 11시,금요일,강원도 홍천군 홍천읍,중상사고,0,1,0,0,차대사람 - 차도통행중,안전운전불이행,건조,맑음,단일로 - 기타,승용,여,60세,상해없음,보행자,여,65세,중상
2021090300100277,2021년 9월 3일 15시,금요일,강원도 춘천시 퇴계동,중상사고,0,1,1,0,차대차 - 추돌,안전운전불이행,건조,맑음,단일로 - 기타,승용,남,46세,상해없음,승용,남,53세,중상
2021090300100278,2021년 9월 3일 15시,금요일,강원도 동해시 북평동,경상사고,0,0,1,0,차대차 - 측면충돌,교차로운행방법위반,건조,맑음,교차로 - 교차로안,승용,여,62세,상해없음,승용,남,68세,경상
2021090300100362,2021년 9월 3일 17시,금요일,강원도 원주시 태장동,경상사고,0,0,1,0,차대차 - 측면충돌,교차로운행방법위반,건조,맑음,교차로 - 교차로안,승용,남,64세,상해없음,자전거,남,18세,경상
2021090300100420,2021년 9월 3일 18시,금요일,강원도 속초시 청학동,경상사고,0,0,1,0,차대사람 - 보도통행중,안전운전불이행,건조,맑음,기타 - 기타,승합,남,62세,상해없음,보행자,남,56세,경상
2021090300100513,2021년 9월 3일 20시,금요일,강원도 원주시 단구동,중상사고,0,1,0,0,차대차 - 측면충돌,직진우회전진행방해,건조,맑음,교차로 - 교차로안,이륜,남,40세,중상,승용,남,23세,상해없음
2021090300100553,2021년 9월 3일 21시,금요일,강원도 원주시 일산동,경상사고,0,0,2,0,차대사람 - 보도통행중,기타,건조,맑음,단일로 - 기타,이륜,남,53세,상해없음,보행자,남,59세,경상
2021090300100585,2021년 9월 3일 22시,금요일,강원도 춘천시 후평동,경상사고,0,0,2,0,차대차 - 정면충돌,중앙선침범,건조,맑음,교차로 - 교차로부근,승용,여,35세,상해없음,승용,남,24세,경상
2021090300100586,2021년 9월 3일 22시,금요일,강원도 원주시 단계동,경상사고,0,0,1,0,차대사람 - 기타,안전운전불이행,건조,맑음,단일로 - 기타,승용,여,33세,상해없음,보행자,남,18세,경상
2021090400100150,2021년 9월 4일 11시,토요일,강원도 춘천시 후평동,경상사고,0,0,1,0,차대차 - 측면충돌,직진우회전진행방해,건조,맑음,교차로 - 교차로안,승용,여,49세,상해없음,승용,여,50세,경상
2021090400100229,2021년 9월 4일 13시,토요일,강원도 횡성군 횡성읍,경상사고,0,0,1,0,차대차 - 기타,직진우회전진행방해,건조,맑음,교차로 - 교차로안,화물,남,77세,상해없음,승용,여,41세,경상
2021090400100251,2021년 9월 4일 14시,토요일,강원도 춘천시 사북면,부상신고사고,0,0,0,2,차대차 - 측면충돌,중앙선침범,건조,맑음,교차로 - 교차로부근,이륜,여,26세,상해없음,승용,남,45세,부상신고
2021090400100252,2021년 9월 4일 14시,토요일,강원도 춘천시 석사동,중상사고,0,2,0,0,차대차 - 기타,안전거리미확보,건조,맑음,단일로 - 기타,승용,남,19세,상해없음,승용,남,61세,중상
2021090400100253,2021년 9월 4일 14시,토요일,강원도 강릉시 강동면,경상사고,0,0,2,0,차대차 - 기타,중앙선침범,건조,맑음,단일로 - 기타,승용,남,53세,상해없음,승용,남,41세,경상
2021090400100254,2021년 9월 4일 14시,토요일,강원도 원주시 귀래면,부상신고사고,0,0,0,1,차대사람 - 기타,안전운전불이행,건조,맑음,단일로 - 기타,승용,남,85세,상해없음,보행자,남,28세,부상신고
2021090400100255,2021년 9월 4일 14시,토요일,강원도 춘천시 남면,경상사고,0,0,2,0,차대차 - 정면충돌,신호위반,건조,맑음,단일로 - 터널,승용,남,28세,상해없음,승용,여,44세,경상
2021090400100347,2021년 9월 4일 17시,토요일,강원도 삼척시 정상동,경상사고,0,0,1,0,차대사람 - 횡단중,보행자보호의무위반,건조,맑음,기타 - 기타,승용,남,51세,상해없음,보행자,여,18세,경상
2021090400100444,2021년 9월 4일 20시,토요일,강원도 원주시 판부면,경상사고,0,0,1,0,차대차 - 측면충돌,안전거리미확보,건조,기타,기타 - 기타,승용,남,27세,상해없음,승용,남,56세,경상
2021090400100465,2021년 9월 4일 21시,토요일,강원도 홍천군 홍천읍,경상사고,0,0,2,0,차대차 - 정면충돌,중앙선침범,건조,맑음,단일로 - 지하차도(도로)내,승용,여,60세,경상,화물,남,70세,경상
2021090400100466,2021년 9월 4일 21시,토요일,강원도 양구군 양구읍,경상사고,0,0,1,0,차대사람 - 기타,안전운전불이행,건조,맑음,단일로 - 기타,승용,남,48세,상해없음,보행자,여,22세,경상
2021090400100493,2021년 9월 4일 22시,토요일,강원도 원주시 관설동,경상사고,0,0,1,0,차대차 - 기타,중앙선침범,건조,맑음,단일로 - 기타,승용,남,35세,상해없음,승용,남,28세,경상
2021090500100015,2021년 9월 5일 04시,일요일,강원도 원주시 지정면,경상사고,0,0,2,0,차대차 - 추돌,안전운전불이행,건조,맑음,단일로 - 터널,승용,남,33세,상해없음,승합,남,27세,상해없음
2021090500100043,2021년 9월 5일 09시,일요일,강원도 횡성군 강림면,중상사고,0,1,0,0,차대차 - 측면충돌,기타,건조,맑음,교차로 - 교차로안,승용,남,67세,상해없음,이륜,남,77세,중상
2021090500100056,2021년 9월 5일 10시,일요일,강원도 춘천시 동산면,부상신고사고,0,0,0,1,차대차 - 측면충돌,안전운전불이행,건조,맑음,단일로 - 기타,승용,남,43세,상해없음,이륜,남,62세,부상신고
2021090500100106,2021년 9월 5일 12시,일요일,강원도 홍천군 영귀미면,중상사고,0,2,0,0,차대차 - 정면충돌,중앙선침범,건조,맑음,단일로 - 기타,승용,여,67세,중상,화물,남,37세,중상
2021090500100163,2021년 9월 5일 14시,일요일,강원도 원주시 단계동,경상사고,0,0,1,0,차대차 - 측면충돌,직진우회전진행방해,건조,맑음,교차로 - 교차로안,승용,여,55세,기타불명,승용,여,51세,경상
2021090500100164,2021년 9월 5일 14시,일요일,강원도 태백시 문곡동,경상사고,0,0,1,0,차대차 - 추돌,안전운전불이행,건조,맑음,단일로 - 기타,승용,남,55세,상해없음,승용,남,27세,경상
2021090500100196,2021년 9월 5일 15시,일요일,강원도 영월군 영월읍,중상사고,0,1,1,0,차대차 - 측면충돌,중앙선침범,건조,맑음,교차로 - 교차로횡단보도내,승용,남,79세,상해없음,승용,남,29세,중상
2021090500100235,2021년 9월 5일 16시,일요일,강원도 춘천시 퇴계동,경상사고,0,0,1,0,차대차 - 기타,직진우회전진행방해,건조,맑음,교차로 - 교차로안,승용,여,59세,상해없음,이륜,남,24세,경상
2021090500100236,2021년 9월 5일 16시,일요일,강원도 춘천시 퇴계동,경상사고,0,0,2,0,차대차 - 측면충돌,안전거리미확보,건조,맑음,단일로 - 기타,승용,남,32세,상해없음,승용,남,51세,경상
2021090500100259,2021년 9월 5일 17시,일요일,강원도 횡성군 청일면,경상사고,0,0,1,0,차대차 - 측면충돌,교차로운행방법위반,건조,맑음,교차로 - 교차로안,화물,남,66세,상해없음,화물,남,61세,경상
2021090500100260,2021년 9월 5일 17시,일요일,강원도 동해시 평릉동,중상사고,0,1,0,0,차대차 - 측면충돌,교차로운행방법위반,젖음/습기,비,교차로 - 교차로안,승용,남,26세,상해없음,승용,여,52세,중상
2021090500100289,2021년 9월 5일 18시,일요일,강원도 강릉시 포남동,경상사고,0,0,1,0,차대차 - 측면충돌,신호위반,건조,맑음,교차로 - 교차로안,승용,남,25세,상해없음,승용,여,41세,경상
2021090500100312,2021년 9월 5일 19시,일요일,강원도 동해시 천곡동,중상사고,0,1,0,0,차대차 - 측면충돌,안전거리미확보,젖음/습기,비,단일로 - 기타,승용,남,50세,상해없음,이륜,남,44세,중상
2021090500100359,2021년 9월 5일 20시,일요일,강원도 춘천시 석사동,부상신고사고,0,0,0,1,차대사람 - 횡단중,보행자보호의무위반,건조,맑음,교차로 - 교차로안,이륜,남,22세,상해없음,보행자,여,23세,부상신고
2021090500100360,2021년 9월 5일 20시,일요일,강원도 양양군 양양읍,경상사고,0,0,1,0,차대차 - 기타,직진우회전진행방해,건조,맑음,교차로 - 교차로안,승용,남,50세,상해없음,이륜,남,18세,경상
2021090600100053,2021년 9월 6일 07시,월요일,강원도 정선군 고한읍,경상사고,0,0,1,0,차대차 - 기타,신호위반,젖음/습기,흐림,교차로 - 교차로부근,건설기계,남,44세,상해없음,건설기계,남,47세,경상
2021090600100097,2021년 9월 6일 08시,월요일,강원도 강릉시 포남동,중상사고,0,1,0,0,차대차 - 기타,안전운전불이행,건조,맑음,단일로 - 기타,농기계,남,72세,상해없음,자전거,남,66세,중상
2021090600100179,2021년 9월 6일 10시,월요일,강원도 양양군 손양면,경상사고,0,0,1,0,차대차 - 추돌,안전운전불이행,건조,맑음,단일로 - 기타,화물,남,62세,상해없음,화물,남,67세,경상
2021090600100180,2021년 9월 6일 10시,월요일,강원도 삼척시 도계읍,경상사고,0,0,2,0,차대차 - 측면충돌,중앙선침범,건조,맑음,단일로 - 기타,승용,여,28세,경상,화물,남,53세,경상
2021090600100210,2021년 9월 6일 11시,월요일,강원도 춘천시 퇴계동,경상사고,0,0,3,0,차대차 - 추돌,안전운전불이행,건조,맑음,단일로 - 기타,승용,여,49세,상해없음,승용,여,47세,경상
2021090600100211,2021년 9월 6일 11시,월요일,강원도 태백시 황지동,경상사고,0,0,1,0,차대차 - 측면충돌,안전운전불이행,건조,맑음,단일로 - 기타,화물,남,73세,상해없음,화물,남,61세,경상
2021090600100245,2021년 9월 6일 12시,월요일,강원도 춘천시 근화동,경상사고,0,0,1,0,차대차 - 기타,안전거리미확보,건조,맑음,단일로 - 기타,승용,남,50세,상해없음,승용,남,65세,경상
2021090600100246,2021년 9월 6일 12시,월요일,강원도 춘천시 근화동,경상사고,0,0,2,0,차대차 - 기타,안전운전불이행,건조,맑음,교차로 - 교차로부근,건설기계,남,43세,상해없음,승용,여,33세,경상
2021090600100279,2021년 9월 6일 13시,월요일,강원도 태백시 장성동,경상사고,0,0,3,0,차대차 - 측면충돌,교차로운행방법위반,건조,맑음,교차로 - 교차로안,승용,남,82세,경상,건설기계,남,61세,경상
2021090600100315,2021년 9월 6일 14시,월요일,강원도 춘천시 사북면,경상사고,0,0,1,0,차대차 - 기타,안전운전불이행,건조,맑음,단일로 - 기타,화물,남,75세,상해없음,이륜,남,57세,경상
2021090600100336,2021년 9월 6일 15시,월요일,강원도 속초시 노학동,경상사고,0,0,1,0,차대차 - 측면충돌,안전거리미확보,건조,맑음,교차로 - 교차로부근,승용,남,58세,상해없음,승용,여,42세,경상
2021090600100458,2021년 9월 6일 18시,월요일,강원도 춘천시 퇴계동,경상사고,0,0,1,0,차대차 - 측면충돌,중앙선침범,건조,맑음,단일로 - 기타,승용,남,58세,상해없음,이륜,여,32세,경상
2021090600100459,2021년 9월 6일 18시,월요일,강원도 원주시 개운동,중상사고,0,1,0,0,차대사람 - 횡단중,보행자보호의무위반,건조,맑음,교차로 - 교차로안,승용,여,40세,상해없음,보행자,남,80세,중상
2021090600100525,2021년 9월 6일 19시,월요일,강원도 속초시 교동,경상사고,0,0,1,0,차대차 - 정면충돌,안전운전불이행,건조,맑음,교차로 - 교차로안,화물,남,72세,상해없음,이륜,남,33세,경상
2021090600100611,2021년 9월 6일 21시,월요일,강원도 원주시 단구동,중상사고,0,1,0,0,차대차 - 정면충돌,안전운전불이행,건조,맑음,교차로 - 교차로횡단보도내,승용,남,62세,상해없음,이륜,남,33세,중상
2021090600100612,2021년 9월 6일 21시,월요일,강원도 속초시 장사동,경상사고,0,0,2,0,차대차 - 추돌,안전운전불이행,건조,맑음,단일로 - 기타,승용,남,50세,상해없음,승용,여,27세,경상
2021090700100043,2021년 9월 7일 06시,화요일,강원도 원주시 단계동,중상사고,0,1,1,0,차대차 - 추돌,신호위반,젖음/습기,비,교차로 - 교차로안,승용,여,36세,경상,승용,여,64세,중상
2021090700100057,2021년 9월 7일 07시,화요일,강원도 춘천시 퇴계동,경상사고,0,0,1,0,차대사람 - 차도통행중,안전운전불이행,건조,맑음,단일로 - 기타,화물,남,59세,상해없음,보행자,남,54세,경상
2021090700100083,2021년 9월 7일 08시,화요일,강원도 속초시 조양동,경상사고,0,0,1,0,차대차 - 측면충돌,교차로운행방법위반,젖음/습기,비,교차로 - 교차로안,승용,여,39세,상해없음,승용,여,40세,경상
2021090700100164,2021년 9월 7일 10시,화요일,강원도 삼척시 성북동,중상사고,0,1,0,0,차대사람 - 횡단중,보행자보호의무위반,젖음/습기,비,교차로 - 교차로부근,승용,남,72세,상해없음,보행자,여,77세,중상
2021090700100165,2021년 9월 7일 10시,화요일,강원도 원주시 지정면,경상사고,0,0,1,0,차대차 - 추돌,차로위반,젖음/습기,비,단일로 - 기타,승용,여,69세,상해없음,화물,남,67세,경상
2021090700100228,2021년 9월 7일 12시,화요일,강원도 태백시 황지동,경상사고,0,0,1,0,차대사람 - 길가장자리구역통행중,안전운전불이행,건조,맑음,단일로 - 기타,승용,남,45세,상해없음,보행자,여,25세,경상
2021090700100229,2021년 9월 7일 12시,화요일,강원도 정선군 사북읍,중상사고,0,1,0,0,차량단독 - 전도전복 - 전도,안전운전불이행,젖음/습기,비,단일로 - 기타,승용,여,65세,중상,,,,
2021090700100258,2021년 9월 7일 13시,화요일,강원도 춘천시 후평동,부상신고사고,0,0,0,1,차대차 - 후진중충돌,안전운전불이행,젖음/습기,비,단일로 - 기타,승용,남,57세,기타불명,승용,여,48세,부상신고
2021090700100286,2021년 9월 7일 14시,화요일,강원도 영월군 영월읍,경상사고,0,0,1,0,차대차 - 추돌,교차로운행방법위반,젖음/습기,비,교차로 - 교차로안,승용,남,58세,상해없음,승용,남,48세,경상
2021090700100353,2021년 9월 7일 16시,화요일,강원도 춘천시 후평동,경상사고,0,0,1,0,차대차 - 측면충돌,직진우회전진행방해,젖음/습기,비,교차로 - 교차로안,이륜,남,19세,상해없음,승용,남,32세,경상
2021090700100416,2021년 9월 7일 18시,화요일,강원도 양양군 현남면,경상사고,0,0,2,0,차대차 - 정면충돌,중앙선침범,젖음/습기,비,단일로 - 기타,승용,남,60세,상해없음,승용,여,26세,경상
2021090700100417,2021년 9월 7일 18시,화요일,강원도 동해시 천곡동,경상사고,0,0,1,0,차대차 - 측면충돌,안전운전불이행,건조,맑음,단일로 - 기타,승용,남,30세,상해없음,승용,여,21세,경상
2021090700100502,2021년 9월 7일 20시,화요일,강원도 속초시 조양동,중상사고,0,1,0,0,차대사람 - 차도통행중,안전운전불이행,젖음/습기,비,단일로 - 기타,이륜,남,25세,상해없음,보행자,여,62세,중상
2021090700100573,2021년 9월 7일 22시,화요일,강원도 춘천시 동면,중상사고,0,2,0,0,차대차 - 추돌,안전운전불이행,젖음/습기,비,단일로 - 기타,승용,여,42세,상해없음,승용,남,40세,중상
2021090700100591,2021년 9월 7일 23시,화요일,강원도 원주시 단구동,중상사고,0,1,0,0,차대사람 - 보도통행중,보행자보호의무위반,건조,맑음,교차로 - 교차로횡단보도내,승용,남,70세,상해없음,보행자,여,61세,중상
2021090800100018,2021년 9월 8일 02시,수요일,강원도 원주시 무실동,경상사고,0,0,2,0,차대차 - 측면충돌,신호위반,건조,맑음,교차로 - 교차로안,승용,남,32세,상해없음,승용,남,26세,경상
2021090800100041,2021년 9월 8일 06시,수요일,강원도 영월군 산솔면,중상사고,0,2,0,0,차대차 - 정면충돌,중앙선침범,젖음/습기,비,단일로 - 기타,화물,여,61세,중상,화물,남,44세,중상
2021090800100136,2021년 9월 8일 09시,수요일,강원도 춘천시 온의동,경상사고,0,0,1,0,차대차 - 기타,안전거리미확보,건조,맑음,교차로 - 교차로부근,승용,남,59세,상해없음,승용,남,72세,경상
2021090800100137,2021년 9월 8일 09시,수요일,강원도 정선군 사북읍,경상사고,0,0,2,0,차대차 - 측면충돌,직진우회전진행방해,건조,맑음,교차로 - 교차로안,화물,남,71세,상해없음,승용,남,48세,경상
2021090800100244,2021년 9월 8일 12시,수요일,강원도 속초시 중앙동,중상사고,0,1,0,0,차대차 - 측면충돌,안전운전불이행,건조,맑음,교차로 - 교차로부근,이륜,남,73세,기타불명,자전거,남,73세,중상
2021090800100278,2021년 9월 8일 13시,수요일,강원도 동해시 동회동,경상사고,0,0,1,0,차대차 - 추돌,안전거리미확보,건조,맑음,단일로 - 기타,승용,남,53세,상해없음,승용,여,52세,경상
2021090800100316,2021년 9월 8일 14시,수요일,강원도 양양군 서면,경상사고,0,0,1,0,차대차 - 측면충돌,직진우회전진행방해,건조,흐림,교차로 - 교차로안,화물,남,63세,상해없음,승용,여,65세,경상
2021090800100317,2021년 9월 8일 14시,수요일,강원도 철원군 동송읍,경상사고,0,0,2,0,차대차 - 측면충돌,안전운전불이행,건조,맑음,교차로 - 교차로안,승용,여,57세,상해없음,승용,여,40세,경상
2021090800100406,2021년 9월 8일 16시,수요일,강원도 춘천시 동면,경상사고,0,0,1,0,차대차 - 기타,교차로운행방법위반,건조,맑음,교차로 - 교차로안,승용,여,45세,상해없음,승용,여,40세,경상
2021090800100407,2021년 9월 8일 16시,수요일,강원도 원주시 부론면,사망사고,1,0,1,0,차량단독 - 기타,안전운전불이행,건조,맑음,단일로 - 기타,농기계,남,79세,사망,,,,
2021090800100458,2021년 9월 8일 17시,수요일,강원도 평창군 진부면,중상사고,0,1,0,1,차대차 - 측면충돌,안전운전불이행,건조,맑음,단일로 - 지하차도(도로)내,승용,남,64세,부상신고,승용,여,55세,중상
2021090800100459,2021년 9월 8일 17시,수요일,강원도 동해시 발한동,경상사고,0,0,1,0,차대차 - 추돌,안전운전불이행,건조,맑음,교차로 - 교차로부근,승용,남,41세,상해없음,승용,여,56세,경상
2021090800100460,2021년 9월 8일 17시,수요일,강원도 동해시 송정동,경상사고,0,0,1,0,차대차 - 추돌,안전거리미확보,건조,맑음,기타 - 기타,승용,여,51세,상해없음,승용,남,34세,경상
2021090800100546,2021년 9월 8일 19시,수요일,강원도 강릉시 교동,경상사고,0,0,1,0,차대차 - 측면충돌,안전운전불이행,건조,맑음,교차로 - 교차로부근,승용,여,48세,상해없음,승용,남,32세,경상
2021090800100547,2021년 9월 8일 19시,수요일,강원도 원주시 무실동,경상사고,0,0,1,0,차대차 - 측면충돌,안전거리미확보,건조,기타,기타 - 기타,승용,여,44세,상해없음,이륜,남,34세,경상
2021090800100586,2021년 9월 8일 20시,수요일,강원도 춘천시 퇴계동,경상사고,0,0,1,0,차대차 - 기타,안전거리미확보,건조,맑음,단일로 - 기타,승용,남,54세,상해없음,승용,여,54세,경상
2021090800100587,2021년 9월 8일 20시,수요일,강원도 속초시 교동,중상사고,0,2,0,0,차대차 - 측면충돌,신호위반,건조,맑음,교차로 - 교차로안,승용,남,70세,기타불명,승용,남,31세,중상
2021090800100612,2021년 9월 8일 21시,수요일,강원도 강릉시 임당동,경상사고,0,0,1,0,차대차 - 추돌,안전운전불이행,건조,맑음,교차로 - 교차로부근,승용,남,52세,상해없음,승용,남,59세,경상
2021090800100613,2021년 9월 8일 21시,수요일,강원도 강릉시 포남동,경상사고,0,0,1,0,차대사람 - 기타,안전운전불이행,건조,맑음,단일로 - 기타,승용,남,36세,상해없음,보행자,남,56세,경상
2021090800100639,2021년 9월 8일 22시,수요일,강원도 속초시 대포동,경상사고,0,0,3,0,차대차 - 측면충돌,안전운전불이행,건조,맑음,교차로 - 교차로안,승용,남,62세,상해없음,승용,남,53세,경상
2021090900100016,2021년 9월 9일 02시,목요일,강원도 원주시 평원동,중상사고,0,1,0,0,차대차 - 측면충돌,신호위반,건조,맑음,교차로 - 교차로안,승용,남,33세,상해없음,승용,남,67세,중상
2021090900100021,2021년 9월 9일 04시,목요일,강원도 양양군 양양읍,중상사고,0,1,0,0,차량단독 - 전도전복 - 전도,안전운전불이행,건조,맑음,단일로 - 고가도로위,자전거,여,76세,중상,,,,
2021090900100050,2021년 9월 9일 07시,목요일,강원도 정선군 화암면,중상사고,0,1,0,0,차대차 - 기타,안전운전불이행,건조,맑음,교차로 - 교차로안,승용,남,66세,상해없음,자전거,남,22세,중상
2021090900100125,2021년 9월 9일 09시,목요일,강원도 원주시 소초면,중상사고,0,1,0,0,차대사람 - 차도통행중,안전운전불이행,건조,맑음,교차로 - 교차로안,승용,남,42세,상해없음,보행자,남,84세,중상
2021090900100154,2021년 9월 9일 10시,목요일,강원도 양양군 강현면,경상사고,0,0,1,0,차대차 - 기타,차로위반,건조,맑음,단일로 - 기타,화물,남,73세,상해없음,승용,여,41세,상해없음
2021090900100190,2021년 9월 9일 11시,목요일,강원도 양구군 양구읍,경상사고,0,0,1,0,차대차 - 측면충돌,직진우회전진행방해,건조,맑음,교차로 - 교차로안,승용,여,54세,상해없음,승용,남,73세,경상
2021090900100297,2021년 9월 9일 14시,목요일,강원도 강릉시 옥천동,경상사고,0,0,1,0,차대차 - 측면충돌,안전운전불이행,건조,맑음,교차로 - 교차로안,승용,여,74세,상해없음,승용,여,28세,경상
2021090900100298,2021년 9월 9일 14시,목요일,강원도 원주시 중앙동,경상사고,0,0,1,0,차대차 - 측면충돌,안전거리미확보,건조,맑음,기타 - 기타,승용,여,64세,상해없음,승용,여,45세,경상
2021090900100299,2021년 9월 9일 14시,목요일,강원도 횡성군 둔내면,경상사고,0,0,1,0,차대차 - 추돌,안전거리미확보,건조,맑음,단일로 - 기타,화물,남,82세,상해없음,화물,남,61세,경상