사고번호,사고일시,요일,시군구,사고내용,사망자수,중상자수,경상자수,부상신고자수,사고유형,법규위반,노면상태,기상상태,도로형태,가해운전자 차종,가해운전자 성별,가해운전자 연령,가해운전자 상해정도,피해운전자 차종,피해운전자 성별,피해운전자 연령,피해운전자 상해정도
2021092100100053,2021년 9월 21일 10시,화요일,강원도 평창군 방림면,경상사고,0,0,1,0,차대차 - 정면충돌,교차로운행방법위반,젖음/습기,비,교차로 - 교차로부근,승용,남,64세,상해없음,승용,남,40세,경상
2021092100100091,2021년 9월 21일 12시,화요일,강원도 삼척시 원당동,경상사고,0,0,2,0,차대차 - 측면충돌,신호위반,건조,맑음,단일로 - 지하차도(도로)내,승용,남,68세,상해없음,승용,남,64세,상해없음
2021092100100117,2021년 9월 21일 13시,화요일,강원도 철원군 동송읍,경상사고,0,0,1,0,차대차 - 측면충돌,안전운전불이행,건조,맑음,단일로 - 기타,승용,남,63세,상해없음,승용,남,36세,상해없음
2021092100100143,2021년 9월 21일 14시,화요일,강원도 춘천시 효자동,부상신고사고,0,0,0,2,차대차 - 측면충돌,직진우회전진행방해,건조,맑음,교차로 - 교차로안,이륜,남,47세,상해없음,승용,남,36세,부상신고
2021092100100144,2021년 9월 21일 14시,화요일,강원도 홍천군 서면,경상사고,0,0,2,0,차대차 - 측면충돌,안전거리미확보,건조,맑음,단일로 - 기타,승용,여,24세,상해없음,승용,남,27세,경상
2021092100100176,2021년 9월 21일 15시,화요일,강원도 태백시 황지동,경상사고,0,0,2,0,차대차 - 추돌,안전운전불이행,건조,맑음,단일로 - 기타,승용,남,28세,상해없음,승용,남,44세,경상
2021092100100205,2021년 9월 21일 16시,화요일,강원도 속초시 교동,중상사고,0,1,0,0,차대사람 - 횡단중,안전운전불이행,건조,맑음,교차로 - 교차로부근,승용,남,37세,상해없음,보행자,여,87세,중상
2021092100100266,2021년 9월 21일 18시,화요일,강원도 원주시 단구동,경상사고,0,0,1,0,차대차 - 후진중충돌,안전운전불이행,건조,맑음,교차로 - 교차로안,승용,남,54세,상해없음,이륜,남,23세,경상
2021092200100041,2021년 9월 22일 06시,수요일,강원도 춘천시 서면,중상사고,0,1,0,0,차대차 - 정면충돌,중앙선침범,건조,맑음,단일로 - 기타,승용,남,67세,상해없음,승용,여,59세,중상
2021092200100091,2021년 9월 22일 11시,수요일,강원도 원주시 인동,경상사고,0,0,3,0,차대차 - 기타,안전운전불이행,건조,맑음,교차로 - 교차로안,화물,남,47세,상해없음,승합,남,40세,경상
2021092200100113,2021년 9월 22일 12시,수요일,강원도 양양군 강현면,경상사고,0,0,2,0,차량단독 - 공작물충돌,안전운전불이행,건조,맑음,교차로 - 교차로안,승용,남,24세,상해없음,,,,
2021092200100114,2021년 9월 22일 12시,수요일,강원도 양양군 양양읍,경상사고,0,0,2,0,차대차 - 측면충돌,안전운전불이행,건조,맑음,단일로 - 기타,승용,여,55세,상해없음,승용,남,30세,경상
2021092200100115,2021년 9월 22일 12시,수요일,강원도 평창군 평창읍,경상사고,0,0,8,0,차대차 - 측면충돌,교차로운행방법위반,건조,맑음,교차로 - 교차로안,승용,남,60세,경상,승용,여,62세,경상
2021092200100210,2021년 9월 22일 15시,수요일,강원도 원주시 소초면,중상사고,0,1,1,0,차대차 - 기타,중앙선침범,건조,맑음,단일로 - 기타,승용,남,56세,상해없음,승용,여,62세,경상
2021092200100243,2021년 9월 22일 16시,수요일,강원도 원주시 반곡동,경상사고,0,0,1,0,차대차 - 측면충돌,안전운전불이행,건조,맑음,기타 - 기타,승용,남,58세,기타불명,승용,여,26세,경상
2021092200100265,2021년 9월 22일 17시,수요일,강원도 삼척시 남양동,중상사고,0,1,1,0,차대차 - 측면충돌,신호위반,건조,맑음,교차로 - 교차로안,승용,여,52세,상해없음,승용,남,60세,경상
2021092200100299,2021년 9월 22일 18시,수요일,강원도 원주시 무실동,경상사고,0,0,1,0,차대차 - 측면충돌,안전운전불이행,건조,맑음,교차로 - 교차로부근,화물,남,58세,상해없음,승용,남,26세,경상
2021092200100352,2021년 9월 22일 20시,수요일,강원도 춘천시 후평동,중상사고,0,1,0,0,차대차 - 측면충돌,중앙선침범,건조,맑음,교차로 - 교차로부근,승용,남,19세,상해없음,승합,남,49세,중상
2021092200100398,2021년 9월 22일 22시,수요일,강원도 양양군 양양읍,경상사고,0,0,2,0,차대차 - 추돌,안전운전불이행,건조,맑음,단일로 - 기타,승용,남,31세,상해없음,승용,남,38세,경상
2021092300100112,2021년 9월 23일 09시,목요일,강원도 고성군 죽왕면,경상사고,0,0,3,0,차대차 - 측면충돌,중앙선침범,건조,맑음,교차로 - 교차로부근,화물,남,76세,상해없음,승용,여,26세,경상
2021092300100153,2021년 9월 23일 10시,목요일,강원도 춘천시 신북읍,경상사고,0,0,3,0,차대차 - 측면충돌,신호위반,건조,맑음,교차로 - 교차로안,승용,남,63세,상해없음,승용,남,78세,경상
2021092300100190,2021년 9월 23일 11시,목요일,강원도 평창군 진부면,경상사고,0,0,1,0,차대사람 - 길가장자리구역통행중,보행자보호의무위반,건조,흐림,기타 - 기타,승용,남,70세,상해없음,보행자,여,66세,경상
2021092300100248,2021년 9월 23일 13시,목요일,강원도 원주시 태장동,경상사고,0,0,2,0,차대차 - 후진중충돌,안전운전불이행,건조,맑음,기타 - 기타,승용,여,46세,상해없음,승용,여,34세,경상
2021092300100249,2021년 9월 23일 13시,목요일,강원도 삼척시 등봉동,경상사고,0,0,1,0,차대차 - 추돌,안전거리미확보,건조,맑음,교차로 - 교차로부근,화물,남,70세,상해없음,화물,남,45세,경상
2021092300100250,2021년 9월 23일 13시,목요일,강원도 화천군 사내면,경상사고,0,0,1,1,차대차 - 정면충돌,중앙선침범,건조,맑음,단일로 - 기타,승용,여,23세,부상신고,승용,남,50세,경상
2021092300100292,2021년 9월 23일 14시,목요일,강원도 속초시 교동,경상사고,0,0,1,0,차대사람 - 횡단중,안전운전불이행,건조,맑음,주차장 - 주차장,승용,여,45세,상해없음,보행자,여,56세,경상
2021092300100293,2021년 9월 23일 14시,목요일,강원도 태백시 황지동,중상사고,0,1,0,0,차대차 - 측면충돌,신호위반,건조,맑음,교차로 - 교차로안,승용,남,32세,상해없음,이륜,남,23세,중상
2021092300100330,2021년 9월 23일 15시,목요일,강원도 양양군 강현면,경상사고,0,0,1,0,차대차 - 측면충돌,안전운전불이행,건조,맑음,교차로 - 교차로부근,승용,남,76세,상해없음,승용,남,53세,경상
2021092300100331,2021년 9월 23일 15시,목요일,강원도 태백시 황지동,경상사고,0,0,1,0,차대차 - 측면충돌,안전운전불이행,건조,맑음,단일로 - 기타,승용,남,60세,상해없음,승용,여,63세,경상
2021092300100369,2021년 9월 23일 16시,목요일,강원도 횡성군 우천면,중상사고,0,1,0,0,차대차 - 측면충돌,직진우회전진행방해,건조,맑음,교차로 - 교차로안,승용,남,71세,상해없음,승용,남,43세,중상
2021092300100455,2021년 9월 23일 18시,목요일,강원도 원주시 인동,경상사고,0,0,1,0,차대차 - 측면충돌,기타,젖음/습기,맑음,단일로 - 기타,승용,여,25세,상해없음,승용,남,59세,경상
2021092300100456,2021년 9월 23일 18시,목요일,강원도 홍천군 홍천읍,경상사고,0,0,1,0,차대차 - 측면충돌,교차로운행방법위반,건조,맑음,교차로 - 교차로안,승용,남,22세,상해없음,승용,남,67세,경상
2021092300100512,2021년 9월 23일 19시,목요일,강원도 원주시 반곡동,중상사고,0,1,0,0,차대차 - 기타,직진우회전진행방해,건조,맑음,교차로 - 교차로안,승용,여,50세,기타불명,이륜,남,20세,중상
2021092300100541,2021년 9월 23일 20시,목요일,강원도 속초시 조양동,경상사고,0,0,2,0,차대차 - 측면충돌,안전거리미확보,건조,흐림,교차로 - 교차로안,승용,남,47세,기타불명,승용,여,43세,경상
2021092300100577,2021년 9월 23일 22시,목요일,강원도 춘천시 소양로2가,경상사고,0,0,1,0,차대사람 - 기타,안전운전불이행,건조,맑음,단일로 - 기타,승용,남,24세,상해없음,보행자,남,54세,경상
2021092400100021,2021년 9월 24일 05시,금요일,강원도 원주시 일산동,경상사고,0,0,1,0,차대차 - 측면충돌,기타,건조,맑음,교차로 - 교차로안,승용,여,52세,상해없음,이륜,남,70세,경상
2021092400100080,2021년 9월 24일 08시,금요일,강원도 원주시 개운동,중상사고,0,1,0,0,차대차 - 측면충돌,직진우회전진행방해,건조,맑음,교차로 - 교차로안,승용,남,24세,상해없음,이륜,남,72세,중상
2021092400100142,2021년 9월 24일 10시,금요일,강원도 춘천시 효자동,경상사고,0,0,1,1,차대차 - 측면충돌,교차로운행방법위반,건조,맑음,교차로 - 교차로안,승용,남,65세,경상,승용,남,21세,부상신고
2021092400100143,2021년 9월 24일 10시,금요일,강원도 원주시 학성동,경상사고,0,0,1,0,차대차 - 추돌,안전운전불이행,건조,맑음,단일로 - 기타,승용,남,82세,상해없음,승용,남,67세,경상
2021092400100169,2021년 9월 24일 11시,금요일,강원도 원주시 명륜동,경상사고,0,0,1,0,차대사람 - 기타,기타,건조,맑음,단일로 - 기타,승용,남,49세,기타불명,보행자,남,55세,경상
2021092400100170,2021년 9월 24일 11시,금요일,강원도 양구군 양구읍,경상사고,0,0,1,0,차대차 - 측면충돌,교차로운행방법위반,건조,맑음,교차로 - 교차로안,승용,여,59세,상해없음,이륜,남,48세,경상
2021092400100171,2021년 9월 24일 11시,금요일,강원도 양구군 양구읍,경상사고,0,0,1,0,차대차 - 측면충돌,교차로운행방법위반,건조,맑음,교차로 - 교차로안,승용,남,70세,상해없음,화물,남,28세,경상
2021092400100205,2021년 9월 24일 12시,금요일,강원도 원주시 신림면,경상사고,0,0,3,0,차대차 - 측면충돌,안전거리미확보,건조,맑음,단일로 - 기타,화물,남,55세,상해없음,승용,남,58세,경상
2021092400100232,2021년 9월 24일 13시,금요일,강원도 춘천시 석사동,부상신고사고,0,0,0,1,차대차 - 측면충돌,신호위반,건조,맑음,교차로 - 교차로안,승용,여,43세,상해없음,승용,여,45세,부상신고
2021092400100233,2021년 9월 24일 13시,금요일,강원도 속초시 교동,중상사고,0,1,0,0,차대차 - 정면충돌,신호위반,건조,흐림,교차로 - 교차로안,승용,여,42세,상해없음,승용,남,70세,중상
2021092400100234,2021년 9월 24일 13시,금요일,강원도 고성군 토성면,경상사고,0,0,3,0,차대차 - 추돌,안전운전불이행,건조,흐림,기타 - 기타,승용,남,44세,상해없음,승용,남,38세,경상
2021092400100272,2021년 9월 24일 14시,금요일,강원도 강릉시 입암동,중상사고,0,1,1,0,차대차 - 측면충돌,안전운전불이행,건조,맑음,단일로 - 기타,건설기계,남,64세,상해없음,승용,여,46세,경상
2021092400100312,2021년 9월 24일 15시,금요일,강원도 춘천시 후평동,경상사고,0,0,1,1,차대차 - 기타,안전운전불이행,건조,맑음,교차로 - 교차로안,승용,여,51세,경상,이륜,남,25세,부상신고
2021092400100313,2021년 9월 24일 15시,금요일,강원도 동해시 천곡동,중상사고,0,1,0,0,차대사람 - 기타,안전운전불이행,건조,맑음,기타 - 기타,승용,남,67세,상해없음,보행자,남,20세,중상
2021092400100344,2021년 9월 24일 16시,금요일,강원도 강릉시 내곡동,경상사고,0,0,1,0,차대차 - 측면충돌,신호위반,젖음/습기,흐림,교차로 - 교차로안,화물,남,56세,상해없음,승합,남,38세,경상
2021092400100345,2021년 9월 24일 16시,금요일,강원도 원주시 소초면,중상사고,0,1,1,0,차대차 - 추돌,안전거리미확보,건조,맑음,단일로 - 기타,이륜,남,26세,중상,승용,남,57세,경상
2021092400100435,2021년 9월 24일 18시,금요일,강원도 양구군 국토정중앙면,경상사고,0,0,1,0,차대차 - 기타,중앙선침범,건조,맑음,단일로 - 기타,농기계,남,66세,상해없음,승용,남,26세,경상
2021092400100515,2021년 9월 24일 20시,금요일,강원도 원주시 단구동,경상사고,0,0,3,0,차대차 - 추돌,안전거리미확보,건조,맑음,교차로 - 교차로부근,승용,여,48세,상해없음,승용,남,53세,경상
2021092400100539,2021년 9월 24일 21시,금요일,강원도 평창군 용평면,경상사고,0,0,1,0,차대사람 - 기타,안전운전불이행,건조,맑음,주차장 - 주차장,승용,여,40세,상해없음,보행자,여,48세,경상
2021092500100010,2021년 9월 25일 01시,토요일,강원도 속초시 조양동,경상사고,0,0,2,0,차대차 - 측면충돌,교차로운행방법위반,건조,맑음,교차로 - 교차로안,승용,여,60세,상해없음,승용,남,26세,경상
2021092500100029,2021년 9월 25일 06시,토요일,강원도 양양군 현남면,경상사고,0,0,1,0,차대차 - 측면충돌,신호위반,건조,맑음,교차로 - 교차로안,화물,남,62세,기타불명,승용,남,67세,경상
2021092500100060,2021년 9월 25일 09시,토요일,강원도 정선군 사북읍,중상사고,0,1,0,0,차량단독 - 공작물충돌,안전운전불이행,건조,맑음,단일로 - 기타,화물,남,42세,중상,,,,
2021092500100087,2021년 9월 25일 10시,토요일,강원도 원주시 소초면,경상사고,0,0,3,0,차대차 - 정면충돌,중앙선침범,건조,맑음,단일로 - 기타,승용,남,69세,상해없음,화물,남,42세,경상
2021092500100214,2021년 9월 25일 14시,토요일,강원도 양양군 현북면,경상사고,0,0,2,0,차대차 - 추돌,안전운전불이행,젖음/습기,비,교차로 - 교차로부근,승용,여,41세,상해없음,승용,남,27세,경상
2021092500100308,2021년 9월 25일 17시,토요일,강원도 강릉시 노암동,경상사고,0,0,1,0,차대차 - 측면충돌,안전운전불이행,젖음/습기,흐림,단일로 - 기타,승용,남,58세,상해없음,이륜,남,27세,경상
2021092500100309,2021년 9월 25일 17시,토요일,강원도 홍천군 남면,중상사고,0,3,1,0,차대차 - 정면충돌,중앙선침범,건조,맑음,단일로 - 기타,승용,남,33세,경상,승용,남,30세,중상
2021092500100343,2021년 9월 25일 18시,토요일,강원도 원주시 무실동,경상사고,0,0,1,0,차대차 - 후진중충돌,안전운전불이행,건조,맑음,단일로 - 기타,승용,여,38세,상해없음,승용,여,44세,경상
2021092500100426,2021년 9월 25일 21시,토요일,강원도 원주시 단구동,경상사고,0,0,1,0,차대차 - 측면충돌,직진우회전진행방해,건조,맑음,교차로 - 교차로안,승용,여,51세,상해없음,원동기,남,49세,경상
2021092500100427,2021년 9월 25일 21시,토요일,강원도 삼척시 오분동,경상사고,0,0,2,0,차대차 - 측면충돌,중앙선침범,젖음/습기,비,단일로 - 기타,승용,남,47세,상해없음,승용,남,52세,경상
2021092600100003,2021년 9월 26일 00시,일요일,강원도 철원군 동송읍,경상사고,0,0,1,0,차대차 - 추돌,안전운전불이행,건조,맑음,교차로 - 교차로부근,승용,남,55세,상해없음,승용,여,47세,경상
2021092600100017,2021년 9월 26일 02시,일요일,강원도 원주시 단계동,경상사고,0,0,2,0,차대차 - 기타,안전운전불이행,건조,맑음,단일로 - 기타,승용,남,25세,상해없음,승용,남,24세,경상
2021092600100020,2021년 9월 26일 03시,일요일,강원도 원주시 지정면,경상사고,0,0,2,0,차대차 - 후진중충돌,안전운전불이행,건조,맑음,주차장 - 주차장,화물,남,55세,상해없음,승용,남,39세,상해없음
2021092600100050,2021년 9월 26일 08시,일요일,강원도 홍천군 서면,중상사고,0,1,0,0,차대사람 - 횡단중,안전운전불이행,건조,맑음,단일로 - 지하차도(도로)내,화물,남,61세,상해없음,보행자,남,59세,중상
2021092600100074,2021년 9월 26일 10시,일요일,강원도 강릉시 옥계면,중상사고,0,1,0,0,차대차 - 측면충돌,안전운전불이행,건조,맑음,교차로 - 교차로안,화물,남,68세,상해없음,이륜,남,39세,중상
2021092600100075,2021년 9월 26일 10시,일요일,강원도 홍천군 서면,경상사고,0,0,1,0,차대차 - 정면충돌,안전운전불이행,건조,맑음,단일로 - 기타,화물,남,67세,상해없음,승용,여,62세,경상
2021092600100094,2021년 9월 26일 11시,일요일,강원도 강릉시 교동,경상사고,0,0,2,0,차대차 - 측면충돌,안전운전불이행,건조,맑음,교차로 - 교차로안,화물,남,71세,상해없음,승용,남,28세,경상
2021092600100095,2021년 9월 26일 11시,일요일,강원도 강릉시 견소동,경상사고,0,0,2,0,차대차 - 기타,안전운전불이행,건조,맑음,단일로 - 기타,승용,남,27세,상해없음,승용,여,26세,경상
2021092600100096,2021년 9월 26일 11시,일요일,강원도 철원군 철원읍,경상사고,0,0,6,0,차대차 - 후진중충돌,안전운전불이행,건조,맑음,주차장 - 주차장,화물,남,63세,상해없음,승용,남,42세,경상
2021092600100122,2021년 9월 26일 12시,일요일,강원도 춘천시 동면,경상사고,0,0,3,0,차대차 - 측면충돌,안전운전불이행,건조,맑음,단일로 - 기타,승용,남,53세,상해없음,화물,남,32세,경상
2021092600100123,2021년 9월 26일 12시,일요일,강원도 강릉시 주문진읍,경상사고,0,0,2,0,차대차 - 기타,안전운전불이행,건조,맑음,교차로 - 교차로안,승용,남,41세,상해없음,승용,남,60세,경상
2021092600100124,2021년 9월 26일 12시,일요일,강원도 화천군 상서면,중상사고,0,1,0,1,차량단독 - 전도전복 - 전도,안전운전불이행,건조,맑음,단일로 - 기타,이륜,남,37세,부상신고,,,,
2021092600100152,2021년 9월 26일 13시,일요일,강원도 원주시 무실동,경상사고,0,0,1,0,차대차 - 측면충돌,교차로운행방법위반,건조,맑음,교차로 - 교차로부근,승합,남,51세,상해없음,이륜,남,36세,경상
2021092600100181,2021년 9월 26일 14시,일요일,강원도 양양군 손양면,중상사고,0,1,0,0,차대차 - 측면충돌,직진우회전진행방해,건조,맑음,교차로 - 교차로안,승용,여,25세,상해없음,자전거,남,72세,중상
2021092600100182,2021년 9월 26일 14시,일요일,강원도 평창군 봉평면,경상사고,0,0,3,1,차대차 - 추돌,안전거리미확보,건조,맑음,단일로 - 기타,승용,남,20세,상해없음,승용,여,24세,경상
2021092600100212,2021년 9월 26일 15시,일요일,강원도 원주시 문막읍,경상사고,0,0,2,0,차대차 - 후진중충돌,안전운전불이행,건조,맑음,단일로 - 기타,화물,여,62세,상해없음,승용,여,34세,경상
2021092600100238,2021년 9월 26일 16시,일요일,강원도 원주시 판부면,경상사고,0,0,2,0,차대차 - 정면충돌,안전운전불이행,건조,맑음,단일로 - 기타,이륜,남,36세,상해없음,승용,남,54세,경상
2021092600100239,2021년 9월 26일 16시,일요일,강원도 속초시 교동,경상사고,0,0,1,0,차대차 - 추돌,안전운전불이행,건조,맑음,교차로 - 교차로부근,승용,남,56세,상해없음,화물,남,48세,경상
2021092600100269,2021년 9월 26일 17시,일요일,강원도 강릉시 왕산면,중상사고,0,2,0,0,차량단독 - 공작물충돌,안전운전불이행,건조,맑음,단일로 - 기타,승합,남,77세,상해없음,,,,
2021092600100270,2021년 9월 26일 17시,일요일,강원도 원주시 태장동,부상신고사고,0,0,0,1,차대차 - 정면충돌,직진우회전진행방해,건조,맑음,교차로 - 교차로부근,자전거,남,8세,부상신고,승용,여,52세,상해없음
2021092600100300,2021년 9월 26일 18시,일요일,강원도 춘천시 신동면,중상사고,0,1,0,0,차대차 - 측면충돌,교차로운행방법위반,건조,맑음,교차로 - 교차로안,승용,여,36세,상해없음,이륜,여,40세,중상
2021092600100301,2021년 9월 26일 18시,일요일,강원도 홍천군 화촌면,사망사고,1,0,0,0,차대사람 - 횡단중,안전운전불이행,건조,맑음,단일로 - 기타,화물,남,80세,상해없음,보행자,여,69세,사망
2021092600100302,2021년 9월 26일 18시,일요일,강원도 평창군 진부면,경상사고,0,0,1,0,차대차 - 측면충돌,직진우회전진행방해,건조,맑음,교차로 - 교차로안,화물,남,66세,상해없음,이륜,남,59세,경상
2021092600100334,2021년 9월 26일 19시,일요일,강원도 춘천시 동면,중상사고,0,1,0,0,차대차 - 추돌,안전운전불이행,건조,맑음,교차로 - 교차로안,승용,여,55세,상해없음,자전거,남,53세,중상
2021092600100357,2021년 9월 26일 20시,일요일,강원도 춘천시 신동면,경상사고,0,0,1,0,차대차 - 측면충돌,중앙선침범,건조,맑음,단일로 - 기타,승용,남,69세,상해없음,승용,여,38세,경상
2021092700100002,2021년 9월 27일 00시,월요일,강원도 원주시 단계동,경상사고,0,0,1,0,차대사람 - 차도통행중,안전운전불이행,건조,맑음,단일로 - 기타,승용,남,59세,상해없음,보행자,남,52세,경상
2021092700100086,2021년 9월 27일 08시,월요일,강원도 강릉시 대전동,경상사고,0,0,1,0,차대차 - 측면충돌,안전운전불이행,건조,맑음,교차로 - 교차로안,건설기계,남,53세,상해없음,승용,여,45세,경상
2021092700100108,2021년 9월 27일 09시,월요일,강원도 춘천시 퇴계동,중상사고,0,1,0,0,차대차 - 추돌,안전운전불이행,건조,맑음,교차로 - 교차로부근,승용,남,83세,상해없음,승용,남,40세,상해없음
2021092700100109,2021년 9월 27일 09시,월요일,강원도 고성군 간성읍,경상사고,0,0,1,0,차대차 - 정면충돌,중앙선침범,건조,맑음,교차로 - 교차로부근,건설기계,남,73세,상해없음,화물,남,45세,경상
2021092700100140,2021년 9월 27일 10시,월요일,강원도 원주시 흥업면,중상사고,0,1,0,0,차대사람 - 횡단중,안전운전불이행,건조,맑음,기타 - 기타,승용,남,63세,상해없음,보행자,여,90세,중상
2021092700100175,2021년 9월 27일 11시,월요일,강원도 춘천시 동면,경상사고,0,0,2,0,차대차 - 측면충돌,교차로운행방법위반,건조,맑음,교차로 - 교차로부근,특수,남,63세,상해없음,승용,남,73세,경상
2021092700100271,2021년 9월 27일 14시,월요일,강원도 태백시 황지동,경상사고,0,0,1,0,차대차 - 기타,교차로운행방법위반,건조,맑음,교차로 - 교차로안,승용,여,26세,상해없음,승용,남,40세,경상
2021092700100272,2021년 9월 27일 14시,월요일,강원도 태백시 황지동,경상사고,0,0,1,0,차대차 - 측면충돌,안전운전불이행,건조,맑음,교차로 - 교차로안,승용,남,60세,상해없음,승용,남,72세,상해없음
2021092700100306,2021년 9월 27일 15시,월요일,강원도 춘천시 신북읍,경상사고,0,0,2,0,차대차 - 측면충돌,안전운전불이행,건조,흐림,단일로 - 기타,승용,여,75세,상해없음,승용,여,55세,경상
2021092700100341,2021년 9월 27일 16시,월요일,강원도 춘천시 교동,경상사고,0,0,1,0,차대차 - 정면충돌,교차로운행방법위반,건조,맑음,교차로 - 교차로안,승용,여,40세,경상,화물,남,63세,기타불명
2021092700100342,2021년 9월 27일 16시,월요일,강원도 춘천시 동산면,중상사고,0,1,1,0,차대차 - 추돌,안전거리미확보,건조,맑음,단일로 - 기타,화물,남,21세,경상,승용,여,51세,중상
2021092700100376,2021년 9월 27일 17시,월요일,강원도 원주시 단구동,경상사고,0,0,1,0,차대차 - 측면충돌,안전거리미확보,건조,맑음,교차로 - 교차로부근,승용,여,25세,상해없음,승합,남,64세,경상
2021092700100377,2021년 9월 27일 17시,월요일,강원도 홍천군 홍천읍,경상사고,0,0,1,0,차대차 - 추돌,보행자보호의무위반,건조,맑음,교차로 - 교차로횡단보도내,승용,여,22세,상해없음,승용,여,53세,상해없음
2021092700100418,2021년 9월 27일 18시,월요일,강원도 춘천시 석사동,부상신고사고,0,0,0,1,차대차 - 측면충돌,안전운전불이행,건조,맑음,교차로 - 교차로부근,승합,여,39세,상해없음,이륜,남,18세,부상신고
2021092700100461,2021년 9월 27일 19시,월요일,강원도 원주시 단계동,부상신고사고,0,0,0,1,차대차 - 후진중충돌,안전운전불이행,건조,맑음,교차로 - 교차로부근,승용,남,61세,상해없음,승용,여,31세,부상신고
2021092700100495,2021년 9월 27일 20시,월요일,강원도 삼척시 정상동,경상사고,0,0,1,0,차대차 - 추돌,안전거리미확보,건조,맑음,교차로 - 교차로부근,승용,남,28세,상해없음,화물,남,66세,경상
2021092700100496,2021년 9월 27일 20시,월요일,강원도 태백시 황지동,경상사고,0,0,1,0,차대차 - 측면충돌,안전운전불이행,건조,맑음,교차로 - 교차로안,승용,남,34세,상해없음,승용,남,19세,상해없음
2021092800100074,2021년 9월 28일 08시,화요일,강원도 강릉시 대전동,중상사고,0,3,0,0,차대차 - 기타,기타,건조,맑음,교차로 - 교차로안,승용,남,40세,중상,승용,여,35세,중상
2021092800100075,2021년 9월 28일 08시,화요일,강원도 속초시 동명동,경상사고,0,0,1,0,차대차 - 측면충돌,불법유턴,건조,맑음,단일로 - 기타,자전거,남,71세,경상,승용,남,46세,상해없음
2021092800100076,2021년 9월 28일 08시,화요일,강원도 태백시 황지동,경상사고,0,0,3,0,차대차 - 측면충돌,안전운전불이행,건조,맑음,단일로 - 기타,승용,여,26세,경상,승용,남,24세,경상
2021092800100077,2021년 9월 28일 08시,화요일,강원도 태백시 황지동,경상사고,0,0,1,0,차대차 - 추돌,안전운전불이행,건조,맑음,단일로 - 기타,승용,남,34세,상해없음,승용,남,26세,경상
2021092800100113,2021년 9월 28일 09시,화요일,강원도 태백시 황지동,경상사고,0,0,1,0,차대차 - 정면충돌,교차로운행방법위반,건조,맑음,교차로 - 교차로안,승용,남,75세,상해없음,승합,여,44세,경상
2021092800100142,2021년 9월 28일 10시,화요일,강원도 원주시 중앙동,경상사고,0,0,2,0,차대차 - 측면충돌,안전운전불이행,건조,맑음,단일로 - 기타,승용,남,79세,상해없음,승용,여,49세,경상
2021092800100172,2021년 9월 28일 11시,화요일,강원도 태백시 황지동,중상사고,0,1,1,0,차대사람 - 횡단중,보행자보호의무위반,건조,맑음,단일로 - 기타,화물,남,69세,상해없음,보행자,남,86세,경상
2021092800100173,2021년 9월 28일 11시,화요일,강원도 철원군 갈말읍,중상사고,0,1,1,0,차대차 - 측면충돌,직진우회전진행방해,건조,맑음,교차로 - 교차로안,승용,남,71세,상해없음,승용,남,65세,중상
2021092800100228,2021년 9월 28일 13시,화요일,강원도 속초시 조양동,경상사고,0,0,1,0,차대사람 - 기타,안전운전불이행,건조,맑음,교차로 - 교차로부근,승합,남,49세,상해없음,보행자,남,58세,경상
2021092800100266,2021년 9월 28일 14시,화요일,강원도 삼척시 당저동,경상사고,0,0,1,0,차량단독 - 기타,안전운전불이행,건조,맑음,교차로 - 교차로안,승용,남,60세,상해없음,,,,
2021092800100324,2021년 9월 28일 16시,화요일,강원도 춘천시 후평동,중상사고,0,2,0,0,차대차 - 측면충돌,직진우회전진행방해,건조,맑음,교차로 - 교차로안,승합,남,56세,상해없음,승용,남,21세,중상
2021092800100325,2021년 9월 28일 16시,화요일,강원도 원주시 지정면,경상사고,0,0,1,0,차대차 - 측면충돌,교차로운행방법위반,건조,맑음,교차로 - 교차로안,승용,여,47세,상해없음,승합,남,52세,경상
2021092800100354,2021년 9월 28일 17시,화요일,강원도 춘천시 효자동,경상사고,0,0,1,0,차대사람 - 기타,안전운전불이행,건조,맑음,단일로 - 기타,자전거,여,45세,상해없음,보행자,여,62세,경상
2021092800100355,2021년 9월 28일 17시,화요일,강원도 삼척시 교동,경상사고,0,0,1,0,차대사람 - 횡단중,보행자보호의무위반,건조,맑음,교차로 - 교차로횡단보도내,승용,남,23세,상해없음,보행자,여,62세,경상
2021092800100356,2021년 9월 28일 17시,화요일,강원도 동해시 송정동,경상사고,0,0,1,0,차대차 - 기타,안전운전불이행,건조,맑음,단일로 - 기타,화물,남,77세,상해없음,승용,남,44세,경상
2021092800100409,2021년 9월 28일 18시,화요일,강원도 춘천시 석사동,경상사고,0,0,1,0,차대차 - 기타,안전운전불이행,건조,맑음,단일로 - 기타,승용,남,48세,상해없음,이륜,남,46세,경상
2021092800100410,2021년 9월 28일 18시,화요일,강원도 춘천시 동면,경상사고,0,0,2,0,차대차 - 추돌,안전거리미확보,젖음/습기,비,단일로 - 기타,화물,여,37세,상해없음,승용,여,46세,경상
2021092800100477,2021년 9월 28일 19시,화요일,강원도 춘천시 서면,경상사고,0,0,2,0,차대차 - 측면충돌,안전운전불이행,젖음/습기,비,단일로 - 기타,화물,남,69세,상해없음,승용,남,46세,경상
2021092800100478,2021년 9월 28일 19시,화요일,강원도 원주시 문막읍,경상사고,0,0,1,0,차대차 - 측면충돌,안전운전불이행,건조,맑음,단일로 - 기타,승용,남,71세,상해없음,승용,여,30세,경상