사고번호,사고일시,요일,시군구,사고내용,사망자수,중상자수,경상자수,부상신고자수,사고유형,법규위반,노면상태,기상상태,도로형태,가해운전자 차종,가해운전자 성별,가해운전자 연령,가해운전자 상해정도,피해운전자 차종,피해운전자 성별,피해운전자 연령,피해운전자 상해정도
2021101700100456,2021년 10월 17일 23시,일요일,강원도 춘천시 퇴계동,중상사고,0,1,0,0,차대차 - 정면충돌,신호위반,건조,맑음,교차로 - 교차로안,승용,여,31세,상해없음,승용,남,67세,중상
2021101700100457,2021년 10월 17일 23시,일요일,강원도 춘천시 효자동,중상사고,0,1,0,0,차대사람 - 횡단중,보행자보호의무위반,건조,흐림,교차로 - 교차로횡단보도내,승용,남,26세,상해없음,보행자,남,65세,중상
2021101800100021,2021년 10월 18일 05시,월요일,강원도 원주시 무실동,경상사고,0,0,2,0,차대차 - 추돌,기타,건조,맑음,단일로 - 기타,승용,남,64세,상해없음,승용,남,54세,경상
2021101800100059,2021년 10월 18일 07시,월요일,강원도 원주시 관설동,중상사고,0,1,1,0,차대차 - 측면충돌,교차로운행방법위반,건조,맑음,교차로 - 교차로안,승용,남,24세,상해없음,승용,남,59세,경상
2021101800100060,2021년 10월 18일 07시,월요일,강원도 평창군 미탄면,경상사고,0,0,1,0,차대차 - 측면충돌,직진우회전진행방해,건조,맑음,교차로 - 교차로안,승합,남,63세,상해없음,승용,여,54세,경상
2021101800100061,2021년 10월 18일 07시,월요일,강원도 태백시 황지동,경상사고,0,0,1,0,차대차 - 추돌,안전운전불이행,서리/결빙,흐림,단일로 - 기타,화물,남,55세,상해없음,건설기계,남,48세,경상
2021101800100062,2021년 10월 18일 07시,월요일,강원도 동해시 효가동,경상사고,0,0,1,0,차대차 - 측면충돌,중앙선침범,건조,맑음,단일로 - 기타,건설기계,남,66세,상해없음,승용,남,35세,경상
2021101800100109,2021년 10월 18일 08시,월요일,강원도 화천군 화천읍,경상사고,0,0,2,0,차대차 - 측면충돌,안전운전불이행,건조,흐림,기타 - 기타,화물,남,64세,상해없음,승용,남,21세,경상
2021101800100110,2021년 10월 18일 08시,월요일,강원도 동해시 이로동,중상사고,0,1,1,0,차대차 - 측면충돌,교차로운행방법위반,건조,맑음,교차로 - 교차로안,승용,여,53세,경상,승용,남,79세,중상
2021101800100228,2021년 10월 18일 11시,월요일,강원도 영월군 영월읍,경상사고,0,0,1,0,차대차 - 측면충돌,안전운전불이행,건조,맑음,교차로 - 교차로안,승용,여,51세,상해없음,승용,여,62세,경상
2021101800100229,2021년 10월 18일 11시,월요일,강원도 홍천군 홍천읍,중상사고,0,1,1,0,차대차 - 측면충돌,신호위반,건조,맑음,교차로 - 교차로부근,화물,남,65세,경상,이륜,남,28세,중상
2021101800100300,2021년 10월 18일 13시,월요일,강원도 강릉시 죽헌동,중상사고,0,2,0,0,차대차 - 추돌,안전운전불이행,건조,맑음,교차로 - 교차로부근,승용,여,50세,상해없음,승용,남,47세,중상
2021101800100301,2021년 10월 18일 13시,월요일,강원도 평창군 진부면,경상사고,0,0,1,0,차대사람 - 기타,보행자보호의무위반,건조,맑음,기타 - 기타,화물,남,77세,상해없음,보행자,여,65세,경상
2021101800100302,2021년 10월 18일 13시,월요일,강원도 동해시 평릉동,중상사고,0,1,5,0,차대차 - 정면충돌,교차로운행방법위반,건조,맑음,교차로 - 교차로안,승용,여,54세,중상,승용,남,70세,경상
2021101800100335,2021년 10월 18일 14시,월요일,강원도 속초시 교동,경상사고,0,0,2,0,차대차 - 측면충돌,중앙선침범,건조,맑음,교차로 - 교차로부근,이륜,남,75세,상해없음,승용,남,32세,경상
2021101800100336,2021년 10월 18일 14시,월요일,강원도 홍천군 내면,경상사고,0,0,2,0,차대차 - 정면충돌,기타,건조,맑음,단일로 - 기타,승용,여,28세,상해없음,화물,남,63세,경상
2021101800100337,2021년 10월 18일 14시,월요일,강원도 동해시 천곡동,경상사고,0,0,4,0,차대차 - 추돌,안전거리미확보,건조,맑음,단일로 - 기타,승용,남,82세,상해없음,화물,남,33세,경상
2021101800100338,2021년 10월 18일 14시,월요일,강원도 동해시 효가동,경상사고,0,0,1,0,차대차 - 후진중충돌,교차로운행방법위반,건조,맑음,교차로 - 교차로안,승용,여,66세,상해없음,승용,여,46세,경상
2021101800100378,2021년 10월 18일 15시,월요일,강원도 원주시 소초면,중상사고,0,1,0,0,차대차 - 측면충돌,중앙선침범,건조,맑음,단일로 - 기타,승용,여,47세,상해없음,화물,남,49세,중상
2021101800100410,2021년 10월 18일 16시,월요일,강원도 원주시 문막읍,경상사고,0,0,3,0,차대차 - 추돌,안전운전불이행,건조,맑음,단일로 - 교량,승용,남,50세,상해없음,승용,남,28세,경상
2021101800100411,2021년 10월 18일 16시,월요일,강원도 동해시 지흥동,경상사고,0,0,2,0,차대차 - 추돌,안전거리미확보,건조,맑음,단일로 - 기타,승합,남,71세,상해없음,승용,남,57세,경상
2021101800100453,2021년 10월 18일 17시,월요일,강원도 춘천시 남면,부상신고사고,0,0,0,1,차대차 - 기타,중앙선침범,건조,맑음,단일로 - 기타,화물,남,63세,상해없음,승용,여,26세,부상신고
2021101800100454,2021년 10월 18일 17시,월요일,강원도 삼척시 우지동,중상사고,0,1,1,0,차대차 - 측면충돌,안전운전불이행,기타,맑음,기타 - 기타,승용,여,57세,상해없음,승용,여,53세,중상
2021101800100516,2021년 10월 18일 18시,월요일,강원도 삼척시 정상동,경상사고,0,0,1,0,차대차 - 추돌,안전운전불이행,젖음/습기,비,교차로 - 교차로부근,승용,여,53세,상해없음,승용,남,51세,경상
2021101800100517,2021년 10월 18일 18시,월요일,강원도 인제군 북면,경상사고,0,0,1,0,차대차 - 측면충돌,안전운전불이행,건조,맑음,교차로 - 교차로안,승용,남,42세,상해없음,원동기,남,41세,경상
2021101800100670,2021년 10월 18일 22시,월요일,강원도 원주시 호저면,경상사고,0,0,3,0,차대차 - 측면충돌,안전거리미확보,건조,맑음,단일로 - 기타,승용,남,57세,상해없음,승용,여,41세,경상
2021101800100671,2021년 10월 18일 22시,월요일,강원도 동해시 쇄운동,경상사고,0,0,1,0,차량단독 - 기타,안전운전불이행,건조,맑음,교차로 - 교차로부근,이륜,남,18세,상해없음,,,,
2021101900100025,2021년 10월 19일 04시,화요일,강원도 원주시 봉산동,경상사고,0,0,1,0,차대차 - 측면충돌,안전운전불이행,건조,맑음,단일로 - 기타,승용,남,23세,상해없음,승용,남,66세,경상
2021101900100052,2021년 10월 19일 07시,화요일,강원도 횡성군 우천면,중상사고,0,1,0,0,차대차 - 측면충돌,교차로운행방법위반,건조,흐림,교차로 - 교차로안,화물,남,60세,상해없음,이륜,남,68세,중상
2021101900100053,2021년 10월 19일 07시,화요일,강원도 양구군 양구읍,중상사고,0,2,0,0,차대차 - 측면충돌,중앙선침범,젖음/습기,흐림,단일로 - 기타,화물,남,82세,상해없음,승용,남,32세,중상
2021101900100072,2021년 10월 19일 08시,화요일,강원도 강릉시 교동,경상사고,0,0,1,0,차대차 - 기타,안전운전불이행,건조,맑음,교차로 - 교차로안,승용,남,34세,상해없음,승용,여,47세,경상
2021101900100073,2021년 10월 19일 08시,화요일,강원도 원주시 흥업면,중상사고,0,1,2,0,차대차 - 추돌,안전운전불이행,건조,맑음,단일로 - 기타,승용,여,52세,상해없음,승용,남,24세,중상
2021101900100074,2021년 10월 19일 08시,화요일,강원도 원주시 지정면,중상사고,0,2,0,0,차량단독 - 공작물충돌,안전운전불이행,건조,맑음,단일로 - 기타,승용,남,82세,중상,,,,
2021101900100107,2021년 10월 19일 09시,화요일,강원도 홍천군 홍천읍,중상사고,0,1,0,0,차대사람 - 횡단중,보행자보호의무위반,건조,맑음,단일로 - 지하차도(도로)내,승용,남,52세,상해없음,보행자,여,58세,중상
2021101900100181,2021년 10월 19일 12시,화요일,강원도 영월군 영월읍,경상사고,0,0,1,0,차대차 - 후진중충돌,안전운전불이행,건조,맑음,단일로 - 기타,화물,남,76세,상해없음,자전거,남,76세,경상
2021101900100182,2021년 10월 19일 12시,화요일,강원도 동해시 발한동,경상사고,0,0,1,0,차대사람 - 횡단중,보행자보호의무위반,건조,맑음,단일로 - 기타,승용,여,27세,상해없음,보행자,여,73세,경상
2021101900100274,2021년 10월 19일 15시,화요일,강원도 춘천시 남면,경상사고,0,0,1,0,차대차 - 추돌,안전운전불이행,젖음/습기,맑음,단일로 - 기타,승용,남,21세,상해없음,승용,여,30세,경상
2021101900100323,2021년 10월 19일 16시,화요일,강원도 홍천군 홍천읍,경상사고,0,0,1,0,차대차 - 추돌,안전거리미확보,건조,맑음,단일로 - 고가도로위,승용,남,40세,상해없음,승용,여,68세,경상
2021101900100370,2021년 10월 19일 17시,화요일,강원도 원주시 학성동,경상사고,0,0,1,0,차대차 - 측면충돌,안전거리미확보,건조,맑음,단일로 - 기타,승용,남,64세,상해없음,승용,여,25세,경상
2021101900100371,2021년 10월 19일 17시,화요일,강원도 속초시 교동,경상사고,0,0,1,0,차대차 - 측면충돌,안전거리미확보,건조,맑음,교차로 - 교차로부근,승용,여,74세,상해없음,승용,여,40세,경상
2021101900100481,2021년 10월 19일 19시,화요일,강원도 춘천시 퇴계동,경상사고,0,0,1,0,차대차 - 측면충돌,안전거리미확보,건조,맑음,단일로 - 기타,승용,남,50세,상해없음,승용,남,43세,경상
2021101900100588,2021년 10월 19일 23시,화요일,강원도 원주시 단계동,경상사고,0,0,1,0,차대차 - 측면충돌,안전운전불이행,건조,흐림,교차로 - 교차로부근,승용,여,28세,상해없음,승용,여,26세,경상
2021101900100589,2021년 10월 19일 23시,화요일,강원도 고성군 토성면,사망사고,1,0,0,0,차대차 - 정면충돌,중앙선침범,젖음/습기,비,단일로 - 기타,승용,남,44세,상해없음,승용,남,62세,사망
2021102000100041,2021년 10월 20일 07시,수요일,강원도 원주시 문막읍,중상사고,0,1,1,0,차대차 - 측면충돌,신호위반,건조,맑음,교차로 - 교차로안,승용,남,64세,상해없음,승용,여,60세,중상
2021102000100102,2021년 10월 20일 09시,수요일,강원도 춘천시 우두동,부상신고사고,0,0,0,2,차대차 - 기타,신호위반,건조,맑음,교차로 - 교차로안,화물,남,62세,상해없음,승용,여,52세,부상신고
2021102000100171,2021년 10월 20일 11시,수요일,강원도 춘천시 소양로1가,중상사고,0,1,0,0,차대사람 - 기타,안전운전불이행,건조,맑음,단일로 - 기타,승용,남,80세,상해없음,보행자,남,64세,중상
2021102000100172,2021년 10월 20일 11시,수요일,강원도 평창군 대화면,경상사고,0,0,2,0,차대차 - 정면충돌,안전운전불이행,건조,맑음,단일로 - 기타,승용,남,26세,상해없음,승용,남,37세,경상
2021102000100202,2021년 10월 20일 12시,수요일,강원도 원주시 단구동,경상사고,0,0,2,0,차대차 - 측면충돌,안전운전불이행,건조,맑음,교차로 - 교차로안,승용,남,64세,상해없음,승용,여,45세,경상
2021102000100203,2021년 10월 20일 12시,수요일,강원도 영월군 주천면,경상사고,0,0,1,0,차대사람 - 기타,안전운전불이행,건조,맑음,단일로 - 기타,화물,여,66세,상해없음,보행자,남,57세,경상
2021102000100285,2021년 10월 20일 14시,수요일,강원도 강릉시 병산동,중상사고,0,1,0,0,차대차 - 기타,안전운전불이행,건조,맑음,기타 - 기타,건설기계,남,45세,상해없음,승용,남,26세,중상
2021102000100367,2021년 10월 20일 16시,수요일,강원도 강릉시 강동면,중상사고,0,1,0,0,차대차 - 측면충돌,중앙선침범,건조,맑음,교차로 - 교차로부근,이륜,남,53세,중상,승용,남,47세,상해없음
2021102000100409,2021년 10월 20일 17시,수요일,강원도 춘천시 우두동,중상사고,0,1,0,0,차대차 - 측면충돌,안전운전불이행,건조,맑음,교차로 - 교차로부근,이륜,남,43세,상해없음,승용,여,52세,중상
2021102000100410,2021년 10월 20일 17시,수요일,강원도 춘천시 동면,부상신고사고,0,0,0,2,차대차 - 기타,직진우회전진행방해,건조,맑음,교차로 - 교차로안,승용,남,43세,상해없음,화물,남,32세,부상신고
2021102000100411,2021년 10월 20일 17시,수요일,강원도 영월군 영월읍,중상사고,0,1,0,0,차대차 - 정면충돌,안전운전불이행,건조,맑음,기타 - 기타,승용,남,85세,상해없음,자전거,남,8세,중상
2021102000100466,2021년 10월 20일 18시,수요일,강원도 원주시 소초면,부상신고사고,0,0,0,1,차대차 - 기타,안전운전불이행,건조,맑음,교차로 - 교차로안,화물,남,64세,상해없음,승용,여,51세,부상신고
2021102000100536,2021년 10월 20일 19시,수요일,강원도 춘천시 석사동,경상사고,0,0,1,0,차대차 - 측면충돌,직진우회전진행방해,건조,맑음,교차로 - 교차로안,승용,남,65세,상해없음,이륜,남,38세,경상
2021102000100537,2021년 10월 20일 19시,수요일,강원도 원주시 지정면,경상사고,0,0,1,0,차대차 - 추돌,안전운전불이행,건조,맑음,교차로 - 교차로부근,승용,남,35세,상해없음,승용,남,33세,경상
2021102000100639,2021년 10월 20일 23시,수요일,강원도 춘천시 효자동,경상사고,0,0,1,0,차대차 - 기타,신호위반,건조,맑음,교차로 - 교차로안,승용,남,41세,상해없음,이륜,남,17세,경상
2021102100100082,2021년 10월 21일 08시,목요일,강원도 강릉시 옥천동,경상사고,0,0,1,0,차대차 - 기타,안전운전불이행,건조,맑음,교차로 - 교차로안,승용,여,57세,상해없음,승용,남,60세,경상
2021102100100083,2021년 10월 21일 08시,목요일,강원도 원주시 우산동,경상사고,0,0,1,0,차대차 - 추돌,안전거리미확보,건조,맑음,단일로 - 기타,승용,남,38세,상해없음,화물,남,53세,경상
2021102100100140,2021년 10월 21일 10시,목요일,강원도 평창군 대관령면,경상사고,0,0,1,3,차대차 - 측면충돌,안전운전불이행,건조,맑음,기타 - 기타,화물,남,67세,경상,승용,남,38세,부상신고
2021102100100170,2021년 10월 21일 11시,목요일,강원도 양구군 양구읍,경상사고,0,0,2,0,차대차 - 추돌,안전운전불이행,건조,맑음,단일로 - 기타,승용,남,42세,상해없음,승용,남,41세,경상
2021102100100236,2021년 10월 21일 13시,목요일,강원도 강릉시 포남동,중상사고,0,1,0,0,차대사람 - 차도통행중,중앙선침범,건조,맑음,단일로 - 기타,화물,남,32세,상해없음,보행자,여,76세,중상
2021102100100237,2021년 10월 21일 13시,목요일,강원도 삼척시 오분동,경상사고,0,0,2,0,차대차 - 추돌,안전운전불이행,건조,맑음,단일로 - 지하차도(도로)내,승용,남,44세,상해없음,승용,남,71세,경상
2021102100100275,2021년 10월 21일 14시,목요일,강원도 강릉시 성내동,경상사고,0,0,1,0,차대차 - 기타,안전운전불이행,건조,맑음,교차로 - 교차로부근,승합,남,49세,상해없음,승용,여,60세,경상
2021102100100276,2021년 10월 21일 14시,목요일,강원도 원주시 단계동,경상사고,0,0,1,0,차대차 - 측면충돌,안전운전불이행,건조,맑음,단일로 - 기타,승용,여,39세,상해없음,승용,여,29세,경상
2021102100100277,2021년 10월 21일 14시,목요일,강원도 삼척시 도계읍,중상사고,0,1,0,0,차대차 - 측면충돌,직진우회전진행방해,건조,맑음,교차로 - 교차로안,화물,남,44세,상해없음,이륜,남,63세,중상
2021102100100278,2021년 10월 21일 14시,목요일,강원도 평창군 봉평면,경상사고,0,0,3,0,차대차 - 측면충돌,중앙선침범,건조,맑음,교차로 - 교차로부근,화물,남,47세,상해없음,승용,여,39세,경상
2021102100100279,2021년 10월 21일 14시,목요일,강원도 홍천군 홍천읍,경상사고,0,0,1,0,차대차 - 측면충돌,차로위반,건조,맑음,단일로 - 기타,화물,남,56세,상해없음,승용,여,49세,경상
2021102100100342,2021년 10월 21일 16시,목요일,강원도 화천군 화천읍,중상사고,0,1,0,0,차대사람 - 기타,안전운전불이행,건조,맑음,교차로 - 교차로부근,승합,남,66세,상해없음,보행자,여,66세,중상
2021102100100380,2021년 10월 21일 17시,목요일,강원도 원주시 태장동,경상사고,0,0,1,0,차대사람 - 보도통행중,보행자보호의무위반,건조,흐림,단일로 - 기타,승용,남,30세,상해없음,보행자,여,52세,경상
2021102100100381,2021년 10월 21일 17시,목요일,강원도 영월군 한반도면,중상사고,0,1,0,0,차대차 - 정면충돌,안전운전불이행,건조,맑음,교차로 - 교차로안,승용,남,53세,상해없음,승용,남,80세,중상
2021102100100439,2021년 10월 21일 18시,목요일,강원도 강릉시 교동,경상사고,0,0,1,0,차대차 - 측면충돌,안전운전불이행,건조,맑음,단일로 - 기타,승용,여,45세,상해없음,승용,여,58세,경상
2021102100100440,2021년 10월 21일 18시,목요일,강원도 속초시 동명동,중상사고,0,1,0,0,차대차 - 측면충돌,교차로운행방법위반,건조,맑음,교차로 - 교차로안,화물,남,37세,기타불명,승합,남,48세,기타불명
2021102100100441,2021년 10월 21일 18시,목요일,강원도 영월군 영월읍,경상사고,0,0,1,0,차대차 - 추돌,안전운전불이행,건조,맑음,단일로 - 기타,승용,남,50세,상해없음,승용,남,66세,경상
2021102100100442,2021년 10월 21일 18시,목요일,강원도 영월군 영월읍,중상사고,0,1,0,0,차대차 - 측면충돌,중앙선침범,건조,맑음,단일로 - 기타,승용,여,41세,상해없음,이륜,남,21세,중상
2021102100100562,2021년 10월 21일 21시,목요일,강원도 강릉시 죽헌동,중상사고,0,2,0,0,차대차 - 측면충돌,신호위반,건조,맑음,교차로 - 교차로안,승용,남,36세,상해없음,승용,남,25세,중상
2021102100100600,2021년 10월 21일 22시,목요일,강원도 속초시 조양동,중상사고,0,1,0,0,차대차 - 측면충돌,안전운전불이행,건조,맑음,교차로 - 교차로부근,승용,남,50세,상해없음,승용,남,24세,중상
2021102200100094,2021년 10월 22일 08시,금요일,강원도 춘천시 동면,경상사고,0,0,2,0,차대차 - 측면충돌,교차로운행방법위반,건조,맑음,교차로 - 교차로안,화물,남,78세,상해없음,승용,여,42세,경상
2021102200100130,2021년 10월 22일 09시,금요일,강원도 원주시 단구동,경상사고,0,0,1,0,차대사람 - 횡단중,보행자보호의무위반,건조,맑음,교차로 - 교차로안,승용,여,55세,상해없음,보행자,여,62세,경상
2021102200100175,2021년 10월 22일 10시,금요일,강원도 춘천시 퇴계동,경상사고,0,0,1,0,차대차 - 추돌,안전거리미확보,건조,맑음,교차로 - 교차로안,이륜,남,32세,상해없음,승용,여,52세,경상
2021102200100176,2021년 10월 22일 10시,금요일,강원도 원주시 학성동,경상사고,0,0,1,0,차대차 - 정면충돌,안전운전불이행,건조,맑음,교차로 - 교차로안,이륜,남,42세,상해없음,승용,여,44세,경상
2021102200100177,2021년 10월 22일 10시,금요일,강원도 횡성군 갑천면,경상사고,0,0,2,0,차대사람 - 기타,기타,건조,맑음,단일로 - 기타,화물,남,66세,상해없음,보행자,여,80세,경상
2021102200100178,2021년 10월 22일 10시,금요일,강원도 원주시 판부면,중상사고,0,2,2,0,차대차 - 추돌,안전거리미확보,건조,맑음,단일로 - 터널,승용,남,47세,상해없음,승용,남,44세,경상
2021102200100213,2021년 10월 22일 11시,금요일,강원도 태백시 황지동,경상사고,0,0,1,0,차대차 - 추돌,중앙선침범,건조,맑음,단일로 - 기타,승용,남,69세,기타불명,승용,남,30세,경상
2021102200100214,2021년 10월 22일 11시,금요일,강원도 평창군 진부면,부상신고사고,0,0,0,1,차대차 - 추돌,안전거리미확보,건조,맑음,단일로 - 교량,특수,남,54세,상해없음,승용,남,35세,부상신고
2021102200100288,2021년 10월 22일 13시,금요일,강원도 춘천시 온의동,경상사고,0,0,1,0,차대차 - 기타,신호위반,건조,맑음,교차로 - 교차로안,승용,남,60세,상해없음,이륜,남,29세,경상
2021102200100322,2021년 10월 22일 14시,금요일,강원도 춘천시 효자동,경상사고,0,0,1,0,차대사람 - 횡단중,안전운전불이행,건조,맑음,단일로 - 기타,승용,남,46세,상해없음,보행자,남,35세,경상
2021102200100323,2021년 10월 22일 14시,금요일,강원도 춘천시 동면,경상사고,0,0,2,0,차대차 - 측면충돌,기타,건조,맑음,교차로 - 교차로안,승용,남,65세,상해없음,승합,남,53세,경상
2021102200100324,2021년 10월 22일 14시,금요일,강원도 홍천군 화촌면,경상사고,0,0,2,0,차대차 - 측면충돌,교차로운행방법위반,건조,맑음,교차로 - 교차로안,화물,남,31세,상해없음,승용,남,33세,경상
2021102200100325,2021년 10월 22일 14시,금요일,강원도 춘천시 남면,경상사고,0,0,1,5,차대차 - 추돌,안전거리미확보,건조,맑음,단일로 - 기타,승용,남,29세,상해없음,승용,남,39세,부상신고
2021102200100369,2021년 10월 22일 15시,금요일,강원도 원주시 명륜동,경상사고,0,0,2,0,차대차 - 정면충돌,교차로운행방법위반,건조,맑음,교차로 - 교차로안,원동기,남,35세,경상,승용,남,63세,경상
2021102200100416,2021년 10월 22일 16시,금요일,강원도 춘천시 퇴계동,경상사고,0,0,1,0,차대차 - 추돌,안전거리미확보,건조,맑음,단일로 - 기타,승용,여,26세,상해없음,승용,여,30세,경상
2021102200100417,2021년 10월 22일 16시,금요일,강원도 강릉시 옥계면,경상사고,0,0,1,0,차대차 - 기타,안전운전불이행,젖음/습기,비,단일로 - 기타,승용,남,56세,상해없음,승용,남,32세,경상
2021102200100418,2021년 10월 22일 16시,금요일,강원도 원주시 지정면,중상사고,0,3,0,0,차대차 - 추돌,안전거리미확보,건조,맑음,단일로 - 기타,화물,남,55세,상해없음,승용,남,42세,중상
2021102200100461,2021년 10월 22일 17시,금요일,강원도 홍천군 홍천읍,경상사고,0,0,1,0,차대차 - 측면충돌,교차로운행방법위반,건조,맑음,교차로 - 교차로안,승용,남,67세,상해없음,승용,남,32세,경상
2021102200100462,2021년 10월 22일 17시,금요일,강원도 정선군 북평면,경상사고,0,0,1,0,차대차 - 추돌,중앙선침범,건조,맑음,단일로 - 기타,승용,남,67세,상해없음,화물,남,78세,경상
2021102200100463,2021년 10월 22일 17시,금요일,강원도 횡성군 횡성읍,경상사고,0,0,1,0,차대차 - 측면충돌,기타,건조,맑음,단일로 - 기타,승용,남,38세,기타불명,승용,남,59세,경상
2021102200100464,2021년 10월 22일 17시,금요일,강원도 동해시 천곡동,경상사고,0,0,1,0,차대사람 - 횡단중,신호위반,젖음/습기,비,교차로 - 교차로횡단보도내,승용,남,66세,상해없음,보행자,여,27세,경상
2021102200100538,2021년 10월 22일 18시,금요일,강원도 춘천시 동내면,경상사고,0,0,4,0,차대차 - 추돌,안전운전불이행,건조,맑음,단일로 - 기타,화물,남,64세,상해없음,승용,여,28세,경상
2021102200100539,2021년 10월 22일 18시,금요일,강원도 정선군 정선읍,경상사고,0,0,1,0,차대차 - 측면충돌,안전운전불이행,건조,맑음,기타 - 기타,승용,여,58세,상해없음,승용,남,57세,경상
2021102200100705,2021년 10월 22일 22시,금요일,강원도 속초시 교동,경상사고,0,0,3,0,차대차 - 추돌,신호위반,건조,맑음,교차로 - 교차로안,승용,남,42세,상해없음,승용,남,63세,경상
2021102300100010,2021년 10월 23일 00시,토요일,강원도 원주시 무실동,경상사고,0,0,3,0,차대차 - 정면충돌,신호위반,건조,기타,교차로 - 교차로안,승용,남,20세,상해없음,승용,남,66세,경상
2021102300100027,2021년 10월 23일 03시,토요일,강원도 속초시 동명동,경상사고,0,0,4,0,차대차 - 추돌,안전운전불이행,건조,맑음,교차로 - 교차로안,승용,남,36세,상해없음,승용,남,20세,경상
2021102300100028,2021년 10월 23일 03시,토요일,강원도 동해시 천곡동,경상사고,0,0,4,0,차대차 - 기타,신호위반,건조,맑음,교차로 - 교차로안,승용,남,60세,상해없음,승용,남,25세,경상
2021102300100035,2021년 10월 23일 05시,토요일,강원도 정선군 신동읍,중상사고,0,1,0,0,차량단독 - 공작물충돌,안전운전불이행,건조,맑음,기타 - 기타,승용,여,51세,중상,,,,
2021102300100057,2021년 10월 23일 07시,토요일,강원도 화천군 사내면,중상사고,0,1,0,0,차량단독 - 전도전복 - 전복,안전운전불이행,건조,맑음,기타 - 기타,승용,남,52세,상해없음,,,,
2021102300100087,2021년 10월 23일 09시,토요일,강원도 춘천시 퇴계동,중상사고,0,1,1,0,차대차 - 측면충돌,안전운전불이행,건조,맑음,단일로 - 기타,승용,남,48세,상해없음,승용,남,79세,경상
2021102300100088,2021년 10월 23일 09시,토요일,강원도 강릉시 옥천동,중상사고,0,1,0,0,차대차 - 추돌,안전운전불이행,건조,맑음,단일로 - 기타,승용,남,50세,상해없음,승용,여,35세,중상
2021102300100118,2021년 10월 23일 10시,토요일,강원도 태백시 황지동,경상사고,0,0,1,0,차대차 - 후진중충돌,안전운전불이행,건조,맑음,주차장 - 주차장,화물,남,43세,상해없음,승용,여,50세,경상
2021102300100119,2021년 10월 23일 10시,토요일,강원도 횡성군 둔내면,중상사고,0,1,0,0,차대사람 - 기타,안전운전불이행,기타,맑음,기타 - 기타,농기계,남,52세,상해없음,보행자,남,60세,중상
2021102300100155,2021년 10월 23일 11시,토요일,강원도 원주시 무실동,경상사고,0,0,1,0,차대차 - 후진중충돌,안전운전불이행,건조,맑음,교차로 - 교차로부근,승용,여,33세,상해없음,승용,남,38세,경상
2021102300100208,2021년 10월 23일 12시,토요일,강원도 춘천시 퇴계동,경상사고,0,0,3,0,차대차 - 측면충돌,교차로운행방법위반,건조,맑음,교차로 - 교차로안,승용,여,66세,경상,승용,여,54세,경상
2021102300100209,2021년 10월 23일 12시,토요일,강원도 춘천시 석사동,부상신고사고,0,0,0,2,차대차 - 추돌,안전거리미확보,건조,맑음,단일로 - 기타,승용,여,30세,상해없음,승용,남,48세,부상신고
2021102300100210,2021년 10월 23일 12시,토요일,강원도 원주시 중앙동,경상사고,0,0,1,0,차대차 - 추돌,안전운전불이행,건조,맑음,단일로 - 기타,승용,남,82세,상해없음,이륜,남,24세,경상
2021102300100253,2021년 10월 23일 13시,토요일,강원도 평창군 진부면,중상사고,0,1,1,0,차대차 - 기타,차로위반,건조,맑음,단일로 - 기타,승용,남,58세,상해없음,승용,여,38세,중상
2021102300100297,2021년 10월 23일 14시,토요일,강원도 춘천시 우두동,경상사고,0,0,4,0,차대차 - 기타,신호위반,건조,맑음,교차로 - 교차로안,이륜,남,18세,상해없음,승용,남,40세,경상
2021102300100298,2021년 10월 23일 14시,토요일,강원도 속초시 영랑동,중상사고,0,1,0,0,차대차 - 정면충돌,안전운전불이행,건조,맑음,단일로 - 고가도로위,자전거,여,8세,상해없음,자전거,남,25세,중상
2021102300100342,2021년 10월 23일 15시,토요일,강원도 홍천군 서면,경상사고,0,0,4,0,차대차 - 측면충돌,직진우회전진행방해,건조,맑음,교차로 - 교차로안,승용,남,48세,상해없음,승용,남,29세,경상
2021102300100343,2021년 10월 23일 15시,토요일,강원도 철원군 갈말읍,경상사고,0,0,1,0,차대차 - 측면충돌,불법유턴,건조,맑음,교차로 - 교차로안,승용,남,71세,상해없음,승용,남,26세,경상
2021102300100395,2021년 10월 23일 16시,토요일,강원도 원주시 귀래면,경상사고,0,0,3,0,차대차 - 측면충돌,신호위반,건조,맑음,교차로 - 교차로안,승용,여,66세,경상,건설기계,남,46세,경상
2021102300100396,2021년 10월 23일 16시,토요일,강원도 강릉시 성산면,경상사고,0,0,3,0,차대차 - 측면충돌,차로위반,건조,맑음,단일로 - 기타,승합,남,43세,상해없음,승용,여,23세,경상
2021102300100459,2021년 10월 23일 18시,토요일,강원도 동해시 천곡동,중상사고,0,1,1,0,차대차 - 추돌,안전운전불이행,건조,맑음,단일로 - 기타,승용,남,18세,상해없음,승용,남,49세,경상
2021102300100517,2021년 10월 23일 19시,토요일,강원도 춘천시 교동,경상사고,0,0,1,0,차대차 - 정면충돌,중앙선침범,건조,맑음,교차로 - 교차로부근,화물,남,39세,상해없음,이륜,남,30세,경상