사고번호,사고일시,요일,시군구,사고내용,사망자수,중상자수,경상자수,부상신고자수,사고유형,법규위반,노면상태,기상상태,도로형태,가해운전자 차종,가해운전자 성별,가해운전자 연령,가해운전자 상해정도,피해운전자 차종,피해운전자 성별,피해운전자 연령,피해운전자 상해정도
2021102300100545,2021년 10월 23일 20시,토요일,강원도 원주시 개운동,경상사고,0,0,1,0,차대차 - 측면충돌,교차로운행방법위반,건조,맑음,교차로 - 교차로안,승용,남,62세,상해없음,승용,남,53세,경상
2021102300100593,2021년 10월 23일 22시,토요일,강원도 강릉시 포남동,경상사고,0,0,1,0,차대차 - 기타,안전운전불이행,건조,맑음,교차로 - 교차로부근,승용,남,57세,상해없음,원동기,남,48세,경상
2021102300100614,2021년 10월 23일 23시,토요일,강원도 정선군 정선읍,중상사고,0,1,0,0,차대차 - 정면충돌,신호위반,건조,맑음,단일로 - 기타,승용,남,34세,상해없음,승용,여,25세,중상
2021102400100007,2021년 10월 24일 00시,일요일,강원도 춘천시 효자동,경상사고,0,0,3,0,차대차 - 측면충돌,차로위반,건조,맑음,단일로 - 기타,승용,남,52세,상해없음,승용,남,27세,상해없음
2021102400100008,2021년 10월 24일 00시,일요일,강원도 원주시 우산동,경상사고,0,0,4,0,차대차 - 측면충돌,차로위반,건조,맑음,단일로 - 기타,승용,남,21세,상해없음,승용,남,23세,경상
2021102400100009,2021년 10월 24일 00시,일요일,강원도 원주시 단계동,경상사고,0,0,1,0,차대차 - 측면충돌,안전운전불이행,건조,맑음,단일로 - 기타,승용,남,20세,상해없음,승용,남,69세,상해없음
2021102400100023,2021년 10월 24일 01시,일요일,강원도 정선군 정선읍,중상사고,0,1,0,0,차대차 - 측면충돌,신호위반,건조,맑음,교차로 - 교차로안,화물,남,69세,상해없음,승용,남,41세,중상
2021102400100129,2021년 10월 24일 11시,일요일,강원도 홍천군 홍천읍,경상사고,0,0,2,0,차대차 - 측면충돌,불법유턴,건조,맑음,단일로 - 교량,승용,여,37세,상해없음,승용,여,41세,경상
2021102400100159,2021년 10월 24일 12시,일요일,강원도 삼척시 정상동,경상사고,0,0,2,0,차대차 - 측면충돌,안전운전불이행,기타,맑음,교차로 - 교차로안,승용,여,55세,기타불명,승용,여,42세,경상
2021102400100160,2021년 10월 24일 12시,일요일,강원도 홍천군 서면,경상사고,0,0,1,0,차대차 - 측면충돌,중앙선침범,건조,맑음,단일로 - 기타,승용,남,40세,상해없음,자전거,여,37세,경상
2021102400100161,2021년 10월 24일 12시,일요일,강원도 인제군 남면,경상사고,0,0,3,0,차량단독 - 공작물충돌,안전운전불이행,건조,맑음,단일로 - 교량,승합,남,51세,상해없음,,,,
2021102400100193,2021년 10월 24일 13시,일요일,강원도 원주시 문막읍,경상사고,0,0,2,0,차대차 - 추돌,안전운전불이행,건조,맑음,교차로 - 교차로안,화물,남,66세,상해없음,승용,여,59세,경상
2021102400100194,2021년 10월 24일 13시,일요일,강원도 원주시 소초면,경상사고,0,0,1,0,차대차 - 정면충돌,중앙선침범,건조,맑음,교차로 - 교차로부근,승용,남,27세,상해없음,승용,남,68세,경상
2021102400100233,2021년 10월 24일 14시,일요일,강원도 춘천시 후평동,경상사고,0,0,1,0,차대차 - 측면충돌,차로위반,건조,맑음,단일로 - 기타,화물,남,65세,상해없음,이륜,남,78세,경상
2021102400100234,2021년 10월 24일 14시,일요일,강원도 춘천시 퇴계동,경상사고,0,0,1,0,차대차 - 기타,기타,건조,맑음,단일로 - 기타,승용,남,57세,기타불명,승용,남,37세,기타불명
2021102400100262,2021년 10월 24일 15시,일요일,강원도 홍천군 홍천읍,중상사고,0,2,1,0,차대차 - 측면충돌,직진우회전진행방해,건조,맑음,교차로 - 교차로안,승용,남,72세,중상,승용,남,62세,경상
2021102400100291,2021년 10월 24일 16시,일요일,강원도 평창군 평창읍,경상사고,0,0,2,0,차대차 - 측면충돌,차로위반,건조,맑음,교차로 - 교차로부근,승용,남,64세,상해없음,승용,남,41세,경상
2021102400100292,2021년 10월 24일 16시,일요일,강원도 동해시 어달동,경상사고,0,0,1,0,차대차 - 측면충돌,안전운전불이행,건조,맑음,단일로 - 기타,화물,남,65세,상해없음,승용,남,21세,경상
2021102400100326,2021년 10월 24일 17시,일요일,강원도 원주시 무실동,경상사고,0,0,2,0,차대차 - 추돌,교차로운행방법위반,건조,맑음,교차로 - 교차로안,화물,남,77세,상해없음,승용,남,31세,경상
2021102400100364,2021년 10월 24일 18시,일요일,강원도 춘천시 근화동,경상사고,0,0,1,0,차대사람 - 기타,안전운전불이행,건조,맑음,단일로 - 기타,승용,남,60세,상해없음,보행자,여,91세,경상
2021102400100365,2021년 10월 24일 18시,일요일,강원도 원주시 인동,경상사고,0,0,1,0,차대차 - 측면충돌,신호위반,건조,맑음,교차로 - 교차로안,승용,여,52세,상해없음,이륜,남,33세,경상
2021102400100366,2021년 10월 24일 18시,일요일,강원도 원주시 단구동,경상사고,0,0,2,0,차대차 - 추돌,중앙선침범,건조,맑음,단일로 - 기타,승용,남,43세,상해없음,승용,남,66세,경상
2021102400100440,2021년 10월 24일 20시,일요일,강원도 원주시 지정면,경상사고,0,0,1,0,차대사람 - 기타,안전운전불이행,건조,맑음,기타 - 기타,승용,여,49세,상해없음,보행자,남,53세,경상
2021102400100441,2021년 10월 24일 20시,일요일,강원도 홍천군 홍천읍,중상사고,0,1,0,0,차대사람 - 횡단중,보행자보호의무위반,건조,맑음,단일로 - 기타,승용,여,56세,상해없음,보행자,남,54세,중상
2021102400100459,2021년 10월 24일 21시,일요일,강원도 춘천시 석사동,경상사고,0,0,4,0,차대차 - 측면충돌,차로위반,건조,맑음,교차로 - 교차로부근,승용,남,55세,상해없음,승용,남,26세,경상
2021102400100495,2021년 10월 24일 23시,일요일,강원도 원주시 문막읍,경상사고,0,0,2,1,차대차 - 추돌,중앙선침범,건조,맑음,단일로 - 기타,승용,여,55세,부상신고,화물,남,59세,경상
2021102500100013,2021년 10월 25일 03시,월요일,강원도 원주시 중앙동,경상사고,0,0,1,0,차대차 - 측면충돌,안전운전불이행,건조,맑음,교차로 - 교차로안,승용,남,28세,상해없음,이륜,남,18세,경상
2021102500100017,2021년 10월 25일 04시,월요일,강원도 원주시 단구동,경상사고,0,0,1,0,차대차 - 측면충돌,안전운전불이행,건조,맑음,단일로 - 기타,승용,남,55세,상해없음,승용,남,65세,경상
2021102500100076,2021년 10월 25일 08시,월요일,강원도 원주시 명륜동,경상사고,0,0,1,0,차대차 - 측면충돌,기타,건조,맑음,교차로 - 교차로횡단보도내,화물,남,45세,상해없음,개인형이동수단(PM),남,18세,경상
2021102500100119,2021년 10월 25일 09시,월요일,강원도 홍천군 홍천읍,경상사고,0,0,1,0,차대차 - 추돌,안전운전불이행,건조,맑음,교차로 - 교차로안,화물,남,80세,상해없음,자전거,남,34세,경상
2021102500100120,2021년 10월 25일 09시,월요일,강원도 평창군 대화면,중상사고,0,1,0,0,차량단독 - 기타,안전운전불이행,건조,맑음,교차로 - 교차로안,기타불명,남,74세,중상,,,,
2021102500100121,2021년 10월 25일 09시,월요일,강원도 정선군 사북읍,중상사고,0,1,0,0,차대차 - 측면충돌,안전운전불이행,건조,맑음,기타 - 기타,승합,남,59세,상해없음,이륜,여,70세,중상
2021102500100163,2021년 10월 25일 10시,월요일,강원도 원주시 무실동,중상사고,0,1,0,0,차대차 - 측면충돌,신호위반,건조,맑음,교차로 - 교차로안,화물,남,25세,기타불명,승용,남,53세,중상
2021102500100164,2021년 10월 25일 10시,월요일,강원도 영월군 남면,중상사고,0,2,0,0,차대차 - 추돌,신호위반,건조,맑음,단일로 - 기타,승용,여,32세,중상,승용,남,68세,상해없음
2021102500100197,2021년 10월 25일 11시,월요일,강원도 화천군 사내면,경상사고,0,0,1,0,차량단독 - 도로외이탈 - 기타,안전운전불이행,건조,맑음,단일로 - 기타,이륜,남,84세,경상,,,,
2021102500100301,2021년 10월 25일 14시,월요일,강원도 춘천시 동내면,부상신고사고,0,0,0,2,차대차 - 측면충돌,기타,건조,맑음,교차로 - 교차로안,승용,여,44세,부상신고,승용,남,55세,부상신고
2021102500100341,2021년 10월 25일 15시,월요일,강원도 춘천시 사북면,중상사고,0,2,0,0,차대차 - 추돌,안전거리미확보,건조,맑음,단일로 - 기타,승용,여,63세,상해없음,승용,남,60세,중상
2021102500100342,2021년 10월 25일 15시,월요일,강원도 원주시 단계동,경상사고,0,0,1,0,차대사람 - 횡단중,안전운전불이행,건조,맑음,교차로 - 교차로안,승용,여,36세,상해없음,보행자,여,28세,경상
2021102500100343,2021년 10월 25일 15시,월요일,강원도 인제군 남면,중상사고,0,1,3,0,차대차 - 측면충돌,안전운전불이행,건조,맑음,단일로 - 기타,농기계,남,85세,중상,승용,남,38세,경상
2021102500100392,2021년 10월 25일 16시,월요일,강원도 동해시 천곡동,경상사고,0,0,1,0,차대차 - 측면충돌,안전거리미확보,건조,맑음,교차로 - 교차로부근,승용,남,40세,상해없음,승용,남,46세,경상
2021102500100393,2021년 10월 25일 16시,월요일,강원도 동해시 천곡동,경상사고,0,0,1,0,차대사람 - 기타,안전운전불이행,건조,맑음,기타 - 기타,승용,남,37세,기타불명,보행자,여,28세,경상
2021102500100394,2021년 10월 25일 16시,월요일,강원도 동해시 천곡동,경상사고,0,0,1,0,차대사람 - 횡단중,신호위반,건조,맑음,교차로 - 교차로횡단보도내,승용,남,43세,상해없음,보행자,남,29세,경상
2021102500100437,2021년 10월 25일 17시,월요일,강원도 원주시 소초면,중상사고,0,2,2,0,차대차 - 기타,안전거리미확보,건조,맑음,단일로 - 기타,승용,여,55세,상해없음,승용,남,57세,경상
2021102500100581,2021년 10월 25일 20시,월요일,강원도 원주시 문막읍,경상사고,0,0,1,0,차대차 - 기타,안전운전불이행,건조,맑음,단일로 - 기타,승용,남,63세,상해없음,승용,남,25세,경상
2021102500100582,2021년 10월 25일 20시,월요일,강원도 원주시 단계동,중상사고,0,1,0,0,차대차 - 기타,안전운전불이행,건조,맑음,교차로 - 교차로부근,기타불명,기타불명,미분류,기타불명,승합,남,61세,상해없음
2021102500100612,2021년 10월 25일 21시,월요일,강원도 정선군 남면,경상사고,0,0,2,0,차대차 - 추돌,안전운전불이행,건조,맑음,단일로 - 기타,화물,남,44세,상해없음,승용,남,65세,경상
2021102500100638,2021년 10월 25일 22시,월요일,강원도 원주시 소초면,사망사고,1,0,0,0,차량단독 - 공작물충돌,안전운전불이행,건조,맑음,교차로 - 교차로안,승용,남,35세,사망,,,,
2021102600100004,2021년 10월 26일 00시,화요일,강원도 동해시 천곡동,경상사고,0,0,2,0,차대차 - 측면충돌,안전운전불이행,건조,맑음,교차로 - 교차로안,승용,남,26세,상해없음,승용,남,31세,경상
2021102600100028,2021년 10월 26일 05시,화요일,강원도 삼척시 교동,경상사고,0,0,1,0,차대차 - 측면충돌,신호위반,건조,맑음,교차로 - 교차로안,승합,남,58세,상해없음,승용,남,56세,경상
2021102600100075,2021년 10월 26일 08시,화요일,강원도 춘천시 효자동,중상사고,0,1,0,0,차대차 - 정면충돌,안전운전불이행,건조,맑음,교차로 - 교차로안,승용,여,46세,상해없음,원동기,남,26세,중상
2021102600100076,2021년 10월 26일 08시,화요일,강원도 춘천시 신동면,경상사고,0,0,2,0,차대차 - 기타,직진우회전진행방해,건조,맑음,교차로 - 교차로안,개인형이동수단(PM),여,36세,상해없음,승용,여,36세,경상
2021102600100144,2021년 10월 26일 10시,화요일,강원도 춘천시 효자동,경상사고,0,0,1,0,차대차 - 기타,신호위반,건조,맑음,교차로 - 교차로안,화물,남,65세,상해없음,승용,여,51세,경상
2021102600100181,2021년 10월 26일 11시,화요일,강원도 원주시 인동,경상사고,0,0,1,0,차대차 - 측면충돌,안전운전불이행,건조,맑음,단일로 - 기타,승용,여,75세,상해없음,승용,남,33세,경상
2021102600100182,2021년 10월 26일 11시,화요일,강원도 속초시 영랑동,중상사고,0,1,0,0,차대차 - 측면충돌,신호위반,건조,맑음,교차로 - 교차로안,승용,남,80세,상해없음,화물,여,50세,중상
2021102600100183,2021년 10월 26일 11시,화요일,강원도 정선군 임계면,중상사고,0,1,1,0,차대차 - 정면충돌,중앙선침범,건조,맑음,단일로 - 기타,화물,남,79세,중상,승용,남,60세,경상
2021102600100214,2021년 10월 26일 12시,화요일,강원도 원주시 개운동,경상사고,0,0,1,0,차대차 - 추돌,안전운전불이행,건조,맑음,단일로 - 기타,이륜,남,22세,상해없음,승용,남,51세,상해없음
2021102600100286,2021년 10월 26일 14시,화요일,강원도 강릉시 노암동,경상사고,0,0,1,0,차대차 - 측면충돌,안전운전불이행,건조,맑음,단일로 - 기타,승용,여,59세,상해없음,이륜,남,71세,경상
2021102600100287,2021년 10월 26일 14시,화요일,강원도 원주시 단계동,중상사고,0,1,0,0,차대차 - 기타,차로위반,건조,맑음,교차로 - 교차로부근,승용,여,48세,상해없음,이륜,남,24세,중상
2021102600100288,2021년 10월 26일 14시,화요일,강원도 원주시 무실동,경상사고,0,0,1,0,차대차 - 측면충돌,안전거리미확보,건조,맑음,교차로 - 교차로부근,승용,여,43세,상해없음,승용,여,33세,상해없음
2021102600100289,2021년 10월 26일 14시,화요일,강원도 평창군 진부면,중상사고,0,2,0,0,차대차 - 정면충돌,교차로운행방법위반,건조,맑음,교차로 - 교차로안,승용,남,62세,상해없음,건설기계,남,54세,중상
2021102600100322,2021년 10월 26일 15시,화요일,강원도 원주시 명륜동,사망사고,1,0,0,0,차대사람 - 횡단중,보행자보호의무위반,건조,맑음,교차로 - 교차로횡단보도내,화물,여,46세,상해없음,보행자,남,71세,사망
2021102600100323,2021년 10월 26일 15시,화요일,강원도 원주시 명륜동,경상사고,0,0,5,0,차대차 - 측면충돌,교차로운행방법위반,건조,맑음,교차로 - 교차로안,승용,남,38세,상해없음,승용,여,50세,경상
2021102600100362,2021년 10월 26일 16시,화요일,강원도 원주시 문막읍,경상사고,0,0,2,0,차대차 - 측면충돌,신호위반,건조,맑음,단일로 - 기타,승용,남,50세,경상,승용,남,73세,경상
2021102600100401,2021년 10월 26일 17시,화요일,강원도 춘천시 소양로1가,경상사고,0,0,1,0,차대차 - 기타,안전운전불이행,건조,맑음,단일로 - 교량,화물,남,40세,상해없음,승용,여,57세,경상
2021102600100402,2021년 10월 26일 17시,화요일,강원도 춘천시 퇴계동,경상사고,0,0,1,0,차대차 - 측면충돌,교차로운행방법위반,건조,맑음,교차로 - 교차로횡단보도내,승용,남,78세,상해없음,승용,남,36세,경상
2021102600100403,2021년 10월 26일 17시,화요일,강원도 강릉시 옥천동,경상사고,0,0,1,0,차대차 - 측면충돌,중앙선침범,건조,맑음,단일로 - 기타,원동기,남,84세,상해없음,승용,여,47세,경상
2021102600100404,2021년 10월 26일 17시,화요일,강원도 원주시 반곡동,경상사고,0,0,1,0,차대차 - 측면충돌,안전운전불이행,건조,맑음,단일로 - 교량,승용,여,46세,상해없음,승용,남,39세,상해없음
2021102600100405,2021년 10월 26일 17시,화요일,강원도 동해시 발한동,중상사고,0,1,0,0,차대차 - 정면충돌,중앙선침범,건조,맑음,단일로 - 기타,승용,여,58세,상해없음,승용,남,58세,중상
2021102600100444,2021년 10월 26일 18시,화요일,강원도 강릉시 사천면,경상사고,0,0,1,0,차대차 - 기타,안전운전불이행,건조,맑음,교차로 - 교차로안,승용,여,48세,상해없음,승용,남,47세,경상
2021102600100445,2021년 10월 26일 18시,화요일,강원도 원주시 단구동,경상사고,0,0,1,0,차대차 - 측면충돌,중앙선침범,건조,맑음,단일로 - 기타,승용,남,53세,상해없음,이륜,남,28세,경상
2021102600100446,2021년 10월 26일 18시,화요일,강원도 동해시 효가동,경상사고,0,0,1,0,차대사람 - 기타,기타,건조,맑음,단일로 - 기타,승용,남,70세,상해없음,보행자,여,27세,경상
2021102600100507,2021년 10월 26일 19시,화요일,강원도 춘천시 신동면,경상사고,0,0,1,0,차대차 - 측면충돌,안전운전불이행,건조,맑음,단일로 - 기타,승용,여,26세,상해없음,승용,여,41세,경상
2021102600100534,2021년 10월 26일 20시,화요일,강원도 원주시 행구동,경상사고,0,0,1,0,차대차 - 추돌,안전거리미확보,건조,맑음,단일로 - 기타,승용,남,77세,상해없음,이륜,남,36세,경상
2021102600100558,2021년 10월 26일 21시,화요일,강원도 춘천시 동내면,사망사고,1,0,0,0,차대차 - 정면충돌,신호위반,건조,맑음,교차로 - 교차로안,승용,남,35세,상해없음,이륜,남,56세,사망
2021102600100610,2021년 10월 26일 23시,화요일,강원도 춘천시 석사동,경상사고,0,0,2,0,차대차 - 기타,안전운전불이행,건조,맑음,교차로 - 교차로부근,승용,남,40세,상해없음,승용,남,53세,상해없음
2021102700100003,2021년 10월 27일 00시,수요일,강원도 강릉시 교동,경상사고,0,0,2,0,차대차 - 정면충돌,안전운전불이행,건조,맑음,단일로 - 기타,승용,남,33세,상해없음,승용,남,31세,경상
2021102700100004,2021년 10월 27일 00시,수요일,강원도 고성군 간성읍,경상사고,0,0,1,0,차대차 - 측면충돌,안전운전불이행,건조,맑음,기타 - 기타,승용,여,23세,상해없음,승용,남,44세,경상
2021102700100055,2021년 10월 27일 07시,수요일,강원도 춘천시 동면,경상사고,0,0,2,0,차대차 - 추돌,기타,젖음/습기,흐림,단일로 - 기타,승용,여,30세,경상,승용,남,66세,경상
2021102700100107,2021년 10월 27일 09시,수요일,강원도 원주시 반곡동,경상사고,0,0,1,0,차대사람 - 횡단중,안전운전불이행,건조,맑음,단일로 - 기타,승용,남,47세,상해없음,보행자,여,64세,경상
2021102700100141,2021년 10월 27일 10시,수요일,강원도 삼척시 미로면,경상사고,0,0,1,0,차대차 - 추돌,안전거리미확보,건조,맑음,교차로 - 교차로부근,건설기계,남,52세,상해없음,승용,여,41세,경상
2021102700100142,2021년 10월 27일 10시,수요일,강원도 속초시 노학동,경상사고,0,0,4,0,차대차 - 추돌,안전운전불이행,건조,맑음,단일로 - 기타,특수,남,45세,상해없음,승용,남,69세,경상
2021102700100176,2021년 10월 27일 11시,수요일,강원도 속초시 조양동,중상사고,0,1,0,0,차대차 - 측면충돌,안전운전불이행,건조,맑음,단일로 - 기타,승용,남,40세,상해없음,자전거,남,89세,중상
2021102700100192,2021년 10월 27일 12시,수요일,강원도 춘천시 효자동,중상사고,0,1,0,0,차대사람 - 횡단중,보행자보호의무위반,건조,맑음,교차로 - 교차로횡단보도내,승용,남,82세,상해없음,보행자,여,31세,중상
2021102700100254,2021년 10월 27일 14시,수요일,강원도 춘천시 퇴계동,경상사고,0,0,2,0,차대차 - 측면충돌,교차로운행방법위반,건조,맑음,교차로 - 교차로안,승용,남,27세,상해없음,승용,남,60세,경상
2021102700100255,2021년 10월 27일 14시,수요일,강원도 원주시 단구동,경상사고,0,0,1,0,차대사람 - 차도통행중,안전운전불이행,건조,맑음,교차로 - 교차로부근,승용,여,20세,상해없음,보행자,남,52세,경상
2021102700100256,2021년 10월 27일 14시,수요일,강원도 동해시 부곡동,중상사고,0,1,0,0,차대사람 - 기타,안전운전불이행,건조,맑음,교차로 - 교차로안,화물,남,47세,상해없음,보행자,여,73세,중상
2021102700100289,2021년 10월 27일 15시,수요일,강원도 춘천시 석사동,경상사고,0,0,1,0,차대사람 - 횡단중,안전운전불이행,건조,맑음,교차로 - 교차로횡단보도내,기타불명,기타불명,미분류,기타불명,보행자,남,13세,경상
2021102700100340,2021년 10월 27일 16시,수요일,강원도 강릉시 왕산면,경상사고,0,0,2,0,차대차 - 측면충돌,중앙선침범,건조,맑음,단일로 - 기타,승용,남,72세,상해없음,승합,남,52세,경상
2021102700100341,2021년 10월 27일 16시,수요일,강원도 강릉시 교동,부상신고사고,0,0,0,1,차대사람 - 기타,안전운전불이행,건조,맑음,기타 - 기타,승용,남,43세,상해없음,보행자,남,34세,부상신고
2021102700100389,2021년 10월 27일 17시,수요일,강원도 춘천시 사농동,중상사고,0,1,0,0,차대사람 - 보도통행중,보행자보호의무위반,건조,맑음,단일로 - 기타,승용,여,72세,상해없음,보행자,여,75세,중상
2021102700100390,2021년 10월 27일 17시,수요일,강원도 원주시 신림면,경상사고,0,0,1,0,차대차 - 측면충돌,안전운전불이행,건조,흐림,교차로 - 교차로안,화물,남,64세,상해없음,승용,남,53세,경상
2021102700100441,2021년 10월 27일 18시,수요일,강원도 영월군 영월읍,경상사고,0,0,1,0,차대차 - 측면충돌,안전운전불이행,건조,맑음,교차로 - 교차로부근,승용,남,27세,상해없음,원동기,남,67세,경상
2021102700100497,2021년 10월 27일 19시,수요일,강원도 홍천군 홍천읍,사망사고,1,0,0,0,차대사람 - 기타,안전운전불이행,건조,맑음,단일로 - 지하차도(도로)내,화물,남,33세,상해없음,보행자,여,87세,사망
2021102800100052,2021년 10월 28일 06시,목요일,강원도 영월군 영월읍,중상사고,0,1,0,0,차대사람 - 차도통행중,안전운전불이행,건조,맑음,단일로 - 기타,이륜,남,73세,상해없음,보행자,여,80세,중상
2021102800100079,2021년 10월 28일 07시,목요일,강원도 춘천시 효자동,경상사고,0,0,1,0,차대사람 - 횡단중,보행자보호의무위반,건조,맑음,교차로 - 교차로부근,이륜,남,51세,기타불명,보행자,여,28세,경상
2021102800100112,2021년 10월 28일 08시,목요일,강원도 원주시 반곡동,경상사고,0,0,1,0,차대차 - 추돌,교차로운행방법위반,건조,맑음,교차로 - 교차로안,승용,남,42세,상해없음,화물,남,34세,경상
2021102800100164,2021년 10월 28일 09시,목요일,강원도 춘천시 효자동,중상사고,0,1,0,0,차대사람 - 횡단중,안전운전불이행,건조,맑음,단일로 - 기타,승용,남,63세,상해없음,보행자,여,67세,중상
2021102800100327,2021년 10월 28일 14시,목요일,강원도 태백시 문곡동,경상사고,0,0,3,0,차대차 - 추돌,안전운전불이행,건조,맑음,단일로 - 기타,화물,남,81세,상해없음,승용,남,43세,경상
2021102800100328,2021년 10월 28일 14시,목요일,강원도 횡성군 우천면,경상사고,0,0,1,0,차대차 - 측면충돌,중앙선침범,건조,맑음,단일로 - 기타,승용,남,48세,상해없음,승용,남,57세,상해없음
2021102800100329,2021년 10월 28일 14시,목요일,강원도 고성군 토성면,중상사고,0,1,0,0,차대사람 - 횡단중,안전운전불이행,건조,맑음,교차로 - 교차로안,승용,남,35세,상해없음,보행자,남,21세,중상
2021102800100372,2021년 10월 28일 15시,목요일,강원도 춘천시 효자동,경상사고,0,0,1,0,차대사람 - 차도통행중,안전운전불이행,건조,맑음,단일로 - 기타,승용,여,60세,상해없음,보행자,여,82세,경상
2021102800100400,2021년 10월 28일 16시,목요일,강원도 원주시 명륜동,경상사고,0,0,1,0,차대사람 - 기타,안전운전불이행,건조,맑음,교차로 - 교차로안,승용,남,58세,상해없음,보행자,여,75세,경상
2021102800100401,2021년 10월 28일 16시,목요일,강원도 원주시 무실동,경상사고,0,0,1,0,차대차 - 추돌,신호위반,건조,맑음,교차로 - 교차로안,화물,남,61세,상해없음,화물,남,60세,경상
2021102800100402,2021년 10월 28일 16시,목요일,강원도 철원군 갈말읍,중상사고,0,1,3,0,차대차 - 추돌,안전운전불이행,건조,맑음,단일로 - 기타,화물,남,65세,경상,농기계,남,67세,경상
2021102800100498,2021년 10월 28일 18시,목요일,강원도 춘천시 낙원동,경상사고,0,0,2,0,차대차 - 후진중충돌,안전운전불이행,건조,맑음,단일로 - 기타,승용,여,57세,경상,승용,남,31세,상해없음
2021102800100499,2021년 10월 28일 18시,목요일,강원도 평창군 대관령면,경상사고,0,0,2,0,차대차 - 추돌,안전운전불이행,건조,맑음,단일로 - 기타,화물,남,46세,상해없음,화물,남,60세,경상
2021102900100010,2021년 10월 29일 01시,금요일,강원도 원주시 단구동,중상사고,0,1,1,0,차대차 - 추돌,신호위반,건조,맑음,교차로 - 교차로안,이륜,남,51세,중상,승용,남,37세,경상
2021102900100040,2021년 10월 29일 07시,금요일,강원도 춘천시 칠전동,중상사고,0,1,1,0,차대차 - 추돌,안전거리미확보,건조,맑음,단일로 - 기타,화물,남,64세,상해없음,화물,남,57세,중상
2021102900100041,2021년 10월 29일 07시,금요일,강원도 원주시 반곡동,경상사고,0,0,2,0,차대차 - 측면충돌,교차로운행방법위반,건조,맑음,교차로 - 교차로부근,승합,남,59세,기타불명,승용,여,51세,경상
2021102900100105,2021년 10월 29일 09시,금요일,강원도 강릉시 포남동,경상사고,0,0,2,0,차대차 - 기타,중앙선침범,건조,맑음,교차로 - 교차로부근,승용,여,66세,상해없음,승용,남,25세,경상
2021102900100148,2021년 10월 29일 10시,금요일,강원도 춘천시 퇴계동,경상사고,0,0,1,1,차대차 - 기타,안전거리미확보,건조,맑음,교차로 - 교차로부근,원동기,남,47세,상해없음,승용,남,62세,경상
2021102900100149,2021년 10월 29일 10시,금요일,강원도 춘천시 삼천동,경상사고,0,0,2,0,차대차 - 추돌,안전운전불이행,건조,맑음,교차로 - 교차로안,승용,여,23세,상해없음,승합,남,62세,경상
2021102900100150,2021년 10월 29일 10시,금요일,강원도 태백시 황지동,경상사고,0,0,1,0,차대차 - 측면충돌,신호위반,건조,맑음,교차로 - 교차로안,건설기계,남,53세,상해없음,승용,남,70세,경상
2021102900100221,2021년 10월 29일 12시,금요일,강원도 춘천시 효자동,경상사고,0,0,1,0,차대차 - 측면충돌,안전운전불이행,건조,맑음,단일로 - 기타,승용,여,49세,상해없음,승용,여,23세,경상
2021102900100247,2021년 10월 29일 13시,금요일,강원도 원주시 지정면,경상사고,0,0,5,0,차대차 - 측면충돌,직진우회전진행방해,건조,맑음,교차로 - 교차로안,승용,남,82세,경상,승용,여,43세,경상
2021102900100249,2021년 10월 29일 13시,금요일,강원도 태백시 상사미동,경상사고,0,0,2,0,차대차 - 추돌,중앙선침범,건조,맑음,단일로 - 기타,화물,남,60세,상해없음,승용,남,39세,경상
2021102900100250,2021년 10월 29일 13시,금요일,강원도 홍천군 홍천읍,중상사고,0,3,2,0,차대차 - 추돌,안전운전불이행,건조,맑음,단일로 - 기타,화물,남,69세,상해없음,승용,여,40세,경상
2021102900100286,2021년 10월 29일 14시,금요일,강원도 원주시 판부면,중상사고,0,1,0,0,차대차 - 측면충돌,중앙선침범,건조,맑음,교차로 - 교차로부근,승용,남,79세,상해없음,승용,남,76세,중상
2021102900100287,2021년 10월 29일 14시,금요일,강원도 홍천군 홍천읍,경상사고,0,0,3,0,차대차 - 측면충돌,직진우회전진행방해,건조,맑음,교차로 - 교차로안,승용,남,62세,상해없음,승용,여,36세,경상
2021102900100339,2021년 10월 29일 15시,금요일,강원도 원주시 흥업면,경상사고,0,0,3,0,차대차 - 추돌,안전거리미확보,건조,맑음,단일로 - 기타,승용,남,40세,경상,화물,남,65세,상해없음
2021102900100340,2021년 10월 29일 15시,금요일,강원도 원주시 관설동,경상사고,0,0,1,0,차대차 - 측면충돌,안전운전불이행,건조,맑음,단일로 - 기타,화물,남,26세,상해없음,승합,남,23세,경상
2021102900100382,2021년 10월 29일 16시,금요일,강원도 횡성군 횡성읍,중상사고,0,1,0,0,차대차 - 측면충돌,안전운전불이행,건조,맑음,단일로 - 기타,화물,남,32세,상해없음,승용,남,74세,중상
2021102900100426,2021년 10월 29일 17시,금요일,강원도 원주시 개운동,경상사고,0,0,1,0,차대차 - 기타,교차로운행방법위반,건조,맑음,교차로 - 교차로안,승용,여,40세,상해없음,승용,남,32세,경상
2021102900100427,2021년 10월 29일 17시,금요일,강원도 인제군 북면,사망사고,1,0,5,0,차대차 - 추돌,안전운전불이행,건조,맑음,단일로 - 기타,화물,남,74세,사망,화물,남,56세,경상