사고번호,사고일시,요일,시군구,사고내용,사망자수,중상자수,경상자수,부상신고자수,사고유형,법규위반,노면상태,기상상태,도로형태,가해운전자 차종,가해운전자 성별,가해운전자 연령,가해운전자 상해정도,피해운전자 차종,피해운전자 성별,피해운전자 연령,피해운전자 상해정도
2021110500100503,2021년 11월 5일 18시,금요일,강원도 원주시 소초면,경상사고,0,0,2,0,차대차 - 추돌,안전운전불이행,건조,맑음,단일로 - 기타,화물,남,55세,경상,화물,남,52세,경상
2021110500100504,2021년 11월 5일 18시,금요일,강원도 홍천군 홍천읍,중상사고,0,2,5,0,차대차 - 추돌,안전운전불이행,건조,맑음,단일로 - 기타,승용,남,68세,경상,승용,남,59세,중상
2021110500100603,2021년 11월 5일 20시,금요일,강원도 춘천시 중앙로1가,경상사고,0,0,1,0,차대차 - 기타,기타,건조,맑음,교차로 - 교차로안,승용,남,68세,상해없음,이륜,남,17세,경상
2021110500100604,2021년 11월 5일 20시,금요일,강원도 원주시 학성동,경상사고,0,0,2,0,차대차 - 측면충돌,신호위반,건조,맑음,교차로 - 교차로부근,화물,남,56세,상해없음,승용,남,78세,경상
2021110500100691,2021년 11월 5일 23시,금요일,강원도 원주시 단계동,경상사고,0,0,2,1,차대차 - 추돌,신호위반,건조,맑음,교차로 - 교차로안,승용,남,28세,부상신고,승용,여,47세,경상
2021110500100692,2021년 11월 5일 23시,금요일,강원도 동해시 이도동,중상사고,0,1,0,0,차대사람 - 차도통행중,안전운전불이행,건조,맑음,교차로 - 교차로부근,승합,남,71세,상해없음,보행자,남,63세,중상
2021110600100038,2021년 11월 6일 02시,토요일,강원도 원주시 단계동,경상사고,0,0,1,0,차대사람 - 차도통행중,안전운전불이행,건조,맑음,교차로 - 교차로안,승용,남,50세,상해없음,보행자,남,32세,경상
2021110600100039,2021년 11월 6일 02시,토요일,강원도 원주시 단구동,경상사고,0,0,1,0,차대차 - 추돌,안전운전불이행,건조,맑음,교차로 - 교차로부근,이륜,남,17세,경상,승용,기타불명,미분류,기타불명
2021110600100047,2021년 11월 6일 03시,토요일,강원도 속초시 교동,경상사고,0,0,4,0,차대차 - 추돌,안전운전불이행,젖음/습기,흐림,교차로 - 교차로부근,이륜,남,20세,상해없음,승용,남,40세,경상
2021110600100066,2021년 11월 6일 05시,토요일,강원도 춘천시 효자동,경상사고,0,0,1,0,차대차 - 측면충돌,신호위반,건조,맑음,교차로 - 교차로안,승용,남,59세,상해없음,승용,남,66세,경상
2021110600100109,2021년 11월 6일 09시,토요일,강원도 춘천시 중앙로1가,경상사고,0,0,2,0,차대차 - 기타,차로위반,건조,맑음,교차로 - 교차로부근,승용,남,64세,상해없음,승용,여,39세,경상
2021110600100110,2021년 11월 6일 09시,토요일,강원도 원주시 반곡동,경상사고,0,0,1,0,차대차 - 기타,안전운전불이행,건조,맑음,교차로 - 교차로안,승용,남,76세,상해없음,자전거,남,69세,경상
2021110600100131,2021년 11월 6일 10시,토요일,강원도 춘천시 칠전동,경상사고,0,0,2,0,차대차 - 측면충돌,중앙선침범,건조,맑음,단일로 - 기타,승용,여,59세,경상,승합,남,57세,경상
2021110600100132,2021년 11월 6일 10시,토요일,강원도 강릉시 포남동,경상사고,0,0,1,0,차대차 - 추돌,안전운전불이행,건조,맑음,단일로 - 기타,승용,남,71세,상해없음,승용,남,54세,경상
2021110600100163,2021년 11월 6일 11시,토요일,강원도 양양군 양양읍,중상사고,0,1,0,0,차대차 - 측면충돌,교차로운행방법위반,건조,맑음,교차로 - 교차로안,화물,남,24세,상해없음,승용,여,80세,중상
2021110600100320,2021년 11월 6일 15시,토요일,강원도 춘천시 효자동,경상사고,0,0,2,0,차대차 - 측면충돌,안전거리미확보,건조,맑음,단일로 - 기타,승용,여,63세,상해없음,승용,남,61세,경상
2021110600100321,2021년 11월 6일 15시,토요일,강원도 속초시 영랑동,경상사고,0,0,3,0,차대차 - 측면충돌,차로위반,건조,맑음,단일로 - 기타,승용,여,67세,상해없음,승용,여,37세,경상
2021110600100322,2021년 11월 6일 15시,토요일,강원도 삼척시 노곡면,경상사고,0,0,1,0,차대차 - 정면충돌,중앙선침범,건조,맑음,단일로 - 기타,승합,남,55세,상해없음,화물,남,65세,경상
2021110600100323,2021년 11월 6일 15시,토요일,강원도 화천군 사내면,부상신고사고,0,0,0,1,차대차 - 기타,안전운전불이행,건조,맑음,단일로 - 기타,승용,남,59세,기타불명,자전거,남,31세,부상신고
2021110600100369,2021년 11월 6일 16시,토요일,강원도 춘천시 석사동,경상사고,0,0,1,0,차대차 - 측면충돌,안전운전불이행,건조,맑음,단일로 - 기타,승합,남,47세,상해없음,승용,남,47세,경상
2021110600100413,2021년 11월 6일 17시,토요일,강원도 춘천시 중앙로3가,경상사고,0,0,4,0,차대차 - 측면충돌,안전운전불이행,건조,맑음,교차로 - 교차로부근,승용,남,26세,경상,승용,여,44세,경상
2021110600100459,2021년 11월 6일 18시,토요일,강원도 원주시 흥업면,경상사고,0,0,2,0,차대차 - 측면충돌,교차로운행방법위반,건조,맑음,교차로 - 교차로안,승용,여,33세,상해없음,승용,남,33세,경상
2021110600100460,2021년 11월 6일 18시,토요일,강원도 속초시 조양동,중상사고,0,2,3,0,차대차 - 측면충돌,안전운전불이행,건조,맑음,단일로 - 기타,승용,남,64세,상해없음,승용,남,60세,경상
2021110600100503,2021년 11월 6일 19시,토요일,강원도 홍천군 홍천읍,경상사고,0,0,1,0,차대차 - 측면충돌,안전운전불이행,건조,맑음,단일로 - 지하차도(도로)내,승용,여,34세,상해없음,승용,남,29세,경상
2021110600100537,2021년 11월 6일 20시,토요일,강원도 춘천시 근화동,경상사고,0,0,1,1,차대차 - 측면충돌,직진우회전진행방해,건조,맑음,교차로 - 교차로안,승용,남,25세,상해없음,승용,남,62세,경상
2021110600100538,2021년 11월 6일 20시,토요일,강원도 동해시 천곡동,경상사고,0,0,3,0,차대차 - 측면충돌,직진우회전진행방해,건조,맑음,교차로 - 교차로안,승용,남,53세,상해없음,승용,남,54세,경상
2021110600100573,2021년 11월 6일 21시,토요일,강원도 양구군 동면,중상사고,0,2,2,0,차대차 - 정면충돌,중앙선침범,건조,맑음,단일로 - 기타,승용,남,25세,상해없음,승용,남,63세,경상
2021110600100626,2021년 11월 6일 23시,토요일,강원도 원주시 단계동,경상사고,0,0,1,0,차대차 - 측면충돌,안전운전불이행,건조,맑음,교차로 - 교차로안,승용,기타불명,미분류,기타불명,승용,여,60세,경상
2021110700100007,2021년 11월 7일 00시,일요일,강원도 춘천시 우두동,부상신고사고,0,0,0,1,차대차 - 측면충돌,직진우회전진행방해,건조,맑음,교차로 - 교차로안,승용,남,21세,상해없음,승용,남,34세,부상신고
2021110700100008,2021년 11월 7일 00시,일요일,강원도 강릉시 교동,경상사고,0,0,1,0,차대차 - 기타,안전운전불이행,건조,맑음,단일로 - 기타,승용,남,48세,상해없음,승용,남,37세,경상
2021110700100127,2021년 11월 7일 11시,일요일,강원도 평창군 대화면,경상사고,0,0,3,0,차대차 - 측면충돌,안전거리미확보,건조,맑음,기타 - 기타,특수,남,54세,상해없음,승용,남,51세,경상
2021110700100182,2021년 11월 7일 13시,일요일,강원도 홍천군 화촌면,경상사고,0,0,1,0,차대차 - 추돌,안전운전불이행,건조,맑음,단일로 - 기타,승용,남,58세,상해없음,농기계,남,58세,경상
2021110700100302,2021년 11월 7일 16시,일요일,강원도 홍천군 북방면,중상사고,0,2,0,0,차량단독 - 공작물충돌,안전운전불이행,건조,맑음,단일로 - 기타,사륜오토바이(ATV),남,61세,중상,,,,
2021110700100330,2021년 11월 7일 17시,일요일,강원도 강릉시 안현동,사망사고,1,1,0,0,차대차 - 정면충돌,중앙선침범,건조,맑음,단일로 - 기타,승용,남,55세,사망,승용,남,47세,중상
2021110700100331,2021년 11월 7일 17시,일요일,강원도 양양군 양양읍,경상사고,0,0,3,0,차대차 - 측면충돌,교차로운행방법위반,건조,맑음,교차로 - 교차로안,화물,남,48세,경상,승용,남,51세,상해없음
2021110700100363,2021년 11월 7일 18시,일요일,강원도 삼척시 교동,중상사고,0,1,0,0,차대차 - 측면충돌,안전거리미확보,건조,맑음,교차로 - 교차로부근,원동기,남,34세,중상,승용,여,54세,상해없음
2021110700100395,2021년 11월 7일 19시,일요일,강원도 정선군 화암면,사망사고,2,0,0,0,차대차 - 정면충돌,안전운전불이행,건조,맑음,기타 - 기타,화물,남,64세,상해없음,사륜오토바이(ATV),남,78세,사망
2021110700100421,2021년 11월 7일 20시,일요일,강원도 강릉시 홍제동,경상사고,0,0,1,0,차대차 - 기타,신호위반,건조,맑음,교차로 - 교차로안,승용,남,51세,상해없음,승용,여,58세,경상
2021110700100422,2021년 11월 7일 20시,일요일,강원도 태백시 황지동,경상사고,0,0,1,0,차대차 - 측면충돌,안전운전불이행,건조,기타,단일로 - 기타,건설기계,남,56세,상해없음,승용,남,42세,경상
2021110700100469,2021년 11월 7일 22시,일요일,강원도 강릉시 주문진읍,경상사고,0,0,1,0,차대차 - 기타,안전운전불이행,젖음/습기,비,교차로 - 교차로부근,승용,남,48세,상해없음,승용,여,32세,경상
2021110800100078,2021년 11월 8일 07시,월요일,강원도 춘천시 석사동,경상사고,0,0,1,0,차대차 - 후진중충돌,안전운전불이행,젖음/습기,비,단일로 - 기타,화물,남,52세,상해없음,승용,여,22세,경상
2021110800100079,2021년 11월 8일 07시,월요일,강원도 원주시 소초면,경상사고,0,0,1,0,차대차 - 추돌,안전운전불이행,젖음/습기,비,교차로 - 교차로부근,화물,남,72세,기타불명,화물,남,55세,경상
2021110800100080,2021년 11월 8일 07시,월요일,강원도 횡성군 우천면,경상사고,0,0,1,0,차대차 - 기타,안전운전불이행,건조,흐림,단일로 - 기타,기타불명,기타불명,미분류,기타불명,개인형이동수단(PM),남,30세,경상
2021110800100106,2021년 11월 8일 08시,월요일,강원도 원주시 태장동,중상사고,0,1,1,0,차대차 - 추돌,직진우회전진행방해,건조,맑음,교차로 - 교차로안,승용,여,62세,중상,승용,남,47세,경상
2021110800100107,2021년 11월 8일 08시,월요일,강원도 원주시 일산동,경상사고,0,0,1,0,차대사람 - 차도통행중,안전운전불이행,젖음/습기,비,교차로 - 교차로안,화물,남,65세,상해없음,보행자,여,69세,경상
2021110800100108,2021년 11월 8일 08시,월요일,강원도 평창군 평창읍,중상사고,0,1,1,1,차대차 - 측면충돌,직진우회전진행방해,건조,맑음,교차로 - 교차로안,화물,남,59세,경상,화물,여,53세,중상
2021110800100221,2021년 11월 8일 11시,월요일,강원도 홍천군 북방면,중상사고,0,1,0,0,차대차 - 측면충돌,신호위반,젖음/습기,비,교차로 - 교차로안,건설기계,남,51세,상해없음,화물,남,66세,중상
2021110800100222,2021년 11월 8일 11시,월요일,강원도 동해시 이도동,경상사고,0,0,2,0,차대차 - 추돌,안전거리미확보,젖음/습기,비,단일로 - 기타,승용,남,38세,상해없음,승용,남,57세,경상
2021110800100266,2021년 11월 8일 12시,월요일,강원도 원주시 명륜동,경상사고,0,0,1,0,차대차 - 추돌,안전운전불이행,건조,맑음,단일로 - 기타,승용,남,63세,상해없음,승용,여,58세,상해없음
2021110800100334,2021년 11월 8일 14시,월요일,강원도 강릉시 노암동,경상사고,0,0,2,0,차대차 - 추돌,안전운전불이행,건조,맑음,단일로 - 기타,승용,남,54세,상해없음,승용,남,34세,경상
2021110800100335,2021년 11월 8일 14시,월요일,강원도 삼척시 사직동,중상사고,0,1,5,0,차대차 - 추돌,안전운전불이행,젖음/습기,비,기타 - 기타,건설기계,남,47세,상해없음,화물,남,60세,중상
2021110800100336,2021년 11월 8일 14시,월요일,강원도 삼척시 남양동,경상사고,0,0,1,0,차대사람 - 기타,안전운전불이행,건조,맑음,교차로 - 교차로부근,승용,여,60세,상해없음,보행자,남,21세,경상
2021110800100363,2021년 11월 8일 15시,월요일,강원도 정선군 북평면,중상사고,0,1,1,0,차대차 - 기타,직진우회전진행방해,젖음/습기,맑음,교차로 - 교차로안,승용,남,74세,중상,승용,여,47세,경상
2021110800100401,2021년 11월 8일 16시,월요일,강원도 춘천시 소양로4가,경상사고,0,0,1,0,차대차 - 기타,교차로운행방법위반,건조,맑음,교차로 - 교차로안,승용,여,45세,상해없음,승합,남,53세,상해없음
2021110800100402,2021년 11월 8일 16시,월요일,강원도 평창군 대관령면,중상사고,0,2,1,0,차대차 - 정면충돌,안전운전불이행,젖음/습기,비,단일로 - 기타,화물,남,49세,경상,승합,남,61세,중상
2021110800100453,2021년 11월 8일 17시,월요일,강원도 강릉시 홍제동,경상사고,0,0,1,0,차대차 - 측면충돌,안전운전불이행,건조,맑음,교차로 - 교차로안,승용,남,44세,상해없음,승용,여,60세,경상
2021110800100502,2021년 11월 8일 18시,월요일,강원도 춘천시 석사동,경상사고,0,0,1,0,차대차 - 기타,교차로운행방법위반,젖음/습기,비,교차로 - 교차로안,승용,남,69세,상해없음,승용,여,51세,경상
2021110800100503,2021년 11월 8일 18시,월요일,강원도 영월군 영월읍,중상사고,0,1,0,0,차대사람 - 횡단중,보행자보호의무위반,건조,맑음,단일로 - 기타,승용,남,74세,상해없음,보행자,여,78세,중상
2021110800100574,2021년 11월 8일 19시,월요일,강원도 춘천시 온의동,경상사고,0,0,1,0,차대사람 - 차도통행중,안전운전불이행,젖음/습기,흐림,단일로 - 기타,승용,여,57세,상해없음,보행자,여,26세,경상
2021110800100641,2021년 11월 8일 21시,월요일,강원도 춘천시 근화동,경상사고,0,0,2,0,차대차 - 측면충돌,차로위반,건조,맑음,교차로 - 교차로부근,승용,남,59세,상해없음,승용,남,57세,경상
2021110900100049,2021년 11월 9일 06시,화요일,강원도 춘천시 석사동,경상사고,0,0,1,0,차대차 - 기타,안전운전불이행,건조,맑음,교차로 - 교차로부근,승용,남,39세,상해없음,화물,남,43세,경상
2021110900100050,2021년 11월 9일 06시,화요일,강원도 홍천군 홍천읍,사망사고,1,0,0,0,차대사람 - 횡단중,안전운전불이행,건조,맑음,교차로 - 교차로안,승용,남,65세,상해없음,보행자,여,86세,사망
2021110900100071,2021년 11월 9일 07시,화요일,강원도 홍천군 남면,사망사고,3,5,10,0,차대차 - 정면충돌,중앙선침범,서리/결빙,맑음,단일로 - 기타,승용,남,40세,사망,승합,남,65세,중상
2021110900100093,2021년 11월 9일 08시,화요일,강원도 춘천시 후평동,경상사고,0,0,1,0,차대사람 - 횡단중,안전운전불이행,건조,맑음,교차로 - 교차로안,승용,여,43세,상해없음,보행자,여,72세,경상
2021110900100094,2021년 11월 9일 08시,화요일,강원도 원주시 단계동,경상사고,0,0,1,0,차대차 - 측면충돌,안전거리미확보,젖음/습기,비,교차로 - 교차로부근,승용,남,30세,상해없음,승용,남,24세,경상
2021110900100095,2021년 11월 9일 08시,화요일,강원도 홍천군 홍천읍,경상사고,0,0,2,0,차대차 - 측면충돌,직진우회전진행방해,젖음/습기,비,교차로 - 교차로안,승용,여,56세,경상,승용,여,35세,경상
2021110900100164,2021년 11월 9일 10시,화요일,강원도 춘천시 후평동,부상신고사고,0,0,0,1,차대차 - 추돌,안전거리미확보,건조,맑음,단일로 - 기타,승용,남,31세,상해없음,승용,남,31세,부상신고
2021110900100272,2021년 11월 9일 13시,화요일,강원도 춘천시 퇴계동,경상사고,0,0,1,0,차대차 - 기타,안전운전불이행,건조,맑음,교차로 - 교차로부근,승용,여,40세,상해없음,승용,남,69세,경상
2021110900100273,2021년 11월 9일 13시,화요일,강원도 강릉시 포남동,중상사고,0,1,0,0,차대차 - 기타,안전운전불이행,건조,맑음,교차로 - 교차로안,승용,남,20세,상해없음,승용,남,66세,중상
2021110900100274,2021년 11월 9일 13시,화요일,강원도 원주시 학성동,중상사고,0,1,0,0,차대차 - 기타,안전운전불이행,건조,맑음,주차장 - 주차장,자전거,남,83세,중상,승용,여,61세,상해없음
2021110900100275,2021년 11월 9일 13시,화요일,강원도 동해시 천곡동,경상사고,0,0,3,0,차대차 - 측면충돌,안전운전불이행,건조,맑음,교차로 - 교차로안,승용,남,72세,상해없음,승합,남,40세,경상
2021110900100310,2021년 11월 9일 14시,화요일,강원도 춘천시 동내면,경상사고,0,0,1,0,차대차 - 기타,중앙선침범,건조,맑음,단일로 - 기타,기타불명,기타불명,미분류,기타불명,승용,여,53세,경상
2021110900100311,2021년 11월 9일 14시,화요일,강원도 원주시 지정면,경상사고,0,0,1,0,차대차 - 기타,중앙선침범,젖음/습기,흐림,단일로 - 기타,승용,남,51세,상해없음,승용,남,27세,경상
2021110900100312,2021년 11월 9일 14시,화요일,강원도 원주시 지정면,사망사고,1,0,0,0,차량단독 - 공작물충돌,안전운전불이행,젖음/습기,비,단일로 - 교량,화물,남,69세,사망,,,,
2021110900100339,2021년 11월 9일 15시,화요일,강원도 춘천시 근화동,부상신고사고,0,0,0,1,차대차 - 기타,직진우회전진행방해,건조,맑음,교차로 - 교차로부근,승용,여,61세,상해없음,승용,남,47세,부상신고
2021110900100427,2021년 11월 9일 17시,화요일,강원도 춘천시 우두동,중상사고,0,1,2,0,차대차 - 기타,신호위반,건조,흐림,교차로 - 교차로안,승용,여,53세,경상,이륜,남,19세,중상
2021110900100485,2021년 11월 9일 18시,화요일,강원도 원주시 단구동,경상사고,0,0,1,0,차대차 - 추돌,직진우회전진행방해,젖음/습기,맑음,교차로 - 교차로안,승용,남,44세,상해없음,승용,남,56세,경상
2021110900100486,2021년 11월 9일 18시,화요일,강원도 평창군 평창읍,중상사고,0,1,0,0,차대차 - 정면충돌,중앙선침범,젖음/습기,비,기타 - 기타,화물,남,51세,상해없음,승용,남,23세,중상
2021110900100552,2021년 11월 9일 19시,화요일,강원도 춘천시 석사동,경상사고,0,0,1,0,차대차 - 추돌,안전운전불이행,건조,맑음,단일로 - 기타,승용,여,52세,상해없음,승용,남,47세,경상
2021110900100621,2021년 11월 9일 21시,화요일,강원도 원주시 단구동,중상사고,0,1,0,1,차대차 - 추돌,신호위반,젖음/습기,맑음,교차로 - 교차로안,승용,남,39세,부상신고,승용,여,34세,중상
2021110900100649,2021년 11월 9일 22시,화요일,강원도 원주시 단계동,경상사고,0,0,1,0,차대사람 - 기타,안전운전불이행,건조,맑음,교차로 - 교차로부근,화물,남,39세,상해없음,보행자,여,36세,경상
2021110900100650,2021년 11월 9일 22시,화요일,강원도 원주시 태장동,경상사고,0,0,5,0,차대차 - 추돌,안전운전불이행,젖음/습기,비,교차로 - 교차로부근,승용,남,42세,상해없음,승용,여,50세,경상
2021111000100032,2021년 11월 10일 03시,수요일,강원도 춘천시 동산면,중상사고,0,1,2,0,차대차 - 추돌,안전운전불이행,건조,맑음,단일로 - 기타,승용,남,26세,중상,화물,남,60세,경상
2021111000100033,2021년 11월 10일 03시,수요일,강원도 동해시 귀운동,경상사고,0,0,2,0,차대차 - 추돌,안전거리미확보,건조,맑음,단일로 - 기타,특수,남,53세,경상,화물,남,65세,경상
2021111000100165,2021년 11월 10일 09시,수요일,강원도 강릉시 입암동,경상사고,0,0,1,0,차대차 - 기타,안전운전불이행,건조,맑음,교차로 - 교차로안,건설기계,남,67세,상해없음,승용,남,41세,경상
2021111000100232,2021년 11월 10일 12시,수요일,강원도 삼척시 남양동,경상사고,0,0,1,0,차대사람 - 기타,안전운전불이행,건조,맑음,단일로 - 기타,승용,여,60세,상해없음,보행자,여,73세,경상
2021111000100256,2021년 11월 10일 13시,수요일,강원도 춘천시 후평동,경상사고,0,0,1,0,차대차 - 추돌,안전운전불이행,건조,맑음,교차로 - 교차로부근,화물,남,66세,상해없음,승용,남,79세,상해없음
2021111000100257,2021년 11월 10일 13시,수요일,강원도 강릉시 교동,경상사고,0,0,1,0,차대차 - 기타,신호위반,건조,맑음,교차로 - 교차로안,승용,여,50세,기타불명,승용,남,33세,경상
2021111000100323,2021년 11월 10일 15시,수요일,강원도 춘천시 퇴계동,경상사고,0,0,2,0,차대차 - 추돌,안전운전불이행,건조,맑음,교차로 - 교차로부근,승용,남,50세,상해없음,승용,남,57세,상해없음
2021111000100324,2021년 11월 10일 15시,수요일,강원도 강릉시 교동,경상사고,0,0,1,0,차대차 - 측면충돌,안전운전불이행,건조,맑음,교차로 - 교차로안,화물,남,73세,상해없음,승용,여,40세,경상
2021111000100325,2021년 11월 10일 15시,수요일,강원도 평창군 평창읍,경상사고,0,0,1,0,차대차 - 정면충돌,신호위반,건조,맑음,교차로 - 교차로안,승용,남,74세,상해없음,화물,남,71세,경상
2021111000100326,2021년 11월 10일 15시,수요일,강원도 정선군 정선읍,경상사고,0,0,1,0,차대사람 - 기타,안전운전불이행,건조,맑음,기타 - 기타,화물,남,39세,상해없음,보행자,여,80세,경상
2021111000100367,2021년 11월 10일 16시,수요일,강원도 횡성군 횡성읍,경상사고,0,0,1,0,차대사람 - 횡단중,안전운전불이행,건조,흐림,단일로 - 기타,이륜,남,61세,상해없음,보행자,남,10세,경상
2021111000100403,2021년 11월 10일 17시,수요일,강원도 춘천시 석사동,중상사고,0,1,0,0,차대사람 - 보도통행중,안전운전불이행,건조,맑음,단일로 - 기타,개인형이동수단(PM),남,15세,상해없음,보행자,여,47세,중상
2021111000100404,2021년 11월 10일 17시,수요일,강원도 원주시 무실동,경상사고,0,0,2,0,차대차 - 정면충돌,신호위반,건조,맑음,교차로 - 교차로안,승용,여,24세,상해없음,승용,남,64세,경상
2021111000100448,2021년 11월 10일 18시,수요일,강원도 강릉시 홍제동,경상사고,0,0,2,0,차대차 - 추돌,안전운전불이행,건조,맑음,교차로 - 교차로부근,승용,남,63세,상해없음,승용,여,42세,경상
2021111000100449,2021년 11월 10일 18시,수요일,강원도 양양군 양양읍,경상사고,0,0,1,0,차대차 - 측면충돌,신호위반,건조,맑음,교차로 - 교차로안,승용,여,55세,상해없음,승용,여,24세,경상
2021111000100543,2021년 11월 10일 20시,수요일,강원도 춘천시 온의동,경상사고,0,0,2,0,차대차 - 측면충돌,신호위반,건조,맑음,교차로 - 교차로안,승용,여,49세,경상,승용,남,21세,경상
2021111000100544,2021년 11월 10일 20시,수요일,강원도 춘천시 퇴계동,경상사고,0,0,1,0,차대차 - 측면충돌,안전운전불이행,건조,맑음,교차로 - 교차로안,승용,남,33세,상해없음,이륜,남,48세,경상
2021111000100545,2021년 11월 10일 20시,수요일,강원도 강릉시 교동,경상사고,0,0,1,0,차대차 - 측면충돌,안전운전불이행,건조,맑음,교차로 - 교차로안,승용,남,59세,상해없음,승용,남,29세,경상
2021111000100546,2021년 11월 10일 20시,수요일,강원도 원주시 무실동,중상사고,0,2,1,0,차대차 - 측면충돌,신호위반,건조,맑음,교차로 - 교차로안,승용,남,26세,상해없음,승용,여,51세,중상
2021111000100547,2021년 11월 10일 20시,수요일,강원도 양양군 서면,중상사고,0,1,0,0,차대차 - 측면충돌,기타,건조,맑음,교차로 - 교차로안,승용,남,25세,상해없음,이륜,남,29세,중상
2021111000100604,2021년 11월 10일 22시,수요일,강원도 정선군 고한읍,경상사고,0,0,1,0,차대차 - 기타,신호위반,건조,맑음,단일로 - 기타,승용,남,48세,상해없음,승용,남,32세,경상
2021111100100014,2021년 11월 11일 01시,목요일,강원도 춘천시 효자동,경상사고,0,0,2,0,차대차 - 기타,안전운전불이행,건조,맑음,교차로 - 교차로횡단보도내,승용,남,30세,상해없음,승용,남,55세,경상
2021111100100083,2021년 11월 11일 07시,목요일,강원도 속초시 대포동,중상사고,0,1,0,0,차대차 - 측면충돌,신호위반,건조,맑음,단일로 - 고가도로위,승합,남,72세,상해없음,원동기,남,54세,중상
2021111100100122,2021년 11월 11일 08시,목요일,강원도 강릉시 교동,경상사고,0,0,1,0,차대차 - 기타,안전운전불이행,건조,맑음,주차장 - 주차장,승용,남,70세,상해없음,승용,여,50세,경상
2021111100100123,2021년 11월 11일 08시,목요일,강원도 원주시 우산동,중상사고,0,1,0,0,차대사람 - 횡단중,기타,건조,맑음,단일로 - 기타,승용,남,52세,상해없음,보행자,여,21세,중상
2021111100100161,2021년 11월 11일 09시,목요일,강원도 원주시 중앙동,경상사고,0,0,2,0,차대차 - 정면충돌,신호위반,건조,흐림,교차로 - 교차로안,이륜,남,26세,경상,이륜,남,29세,경상
2021111100100162,2021년 11월 11일 09시,목요일,강원도 원주시 태장동,경상사고,0,0,1,0,차대차 - 측면충돌,안전운전불이행,건조,맑음,단일로 - 기타,승용,남,41세,상해없음,승용,여,65세,경상
2021111100100226,2021년 11월 11일 11시,목요일,강원도 원주시 단계동,경상사고,0,0,1,0,차대차 - 측면충돌,신호위반,건조,맑음,교차로 - 교차로안,승용,여,41세,상해없음,승용,여,43세,경상
2021111100100290,2021년 11월 11일 13시,목요일,강원도 원주시 지정면,경상사고,0,0,2,0,차대차 - 추돌,안전운전불이행,건조,맑음,단일로 - 기타,화물,남,52세,상해없음,승용,남,60세,경상
2021111100100318,2021년 11월 11일 14시,목요일,강원도 고성군 거진읍,중상사고,0,1,0,0,차대차 - 측면충돌,신호위반,건조,맑음,교차로 - 교차로안,승용,남,19세,상해없음,승합,남,40세,중상
2021111100100435,2021년 11월 11일 17시,목요일,강원도 원주시 지정면,경상사고,0,0,2,0,차대차 - 정면충돌,직진우회전진행방해,건조,기타,교차로 - 교차로안,승용,여,25세,기타불명,승용,남,36세,경상
2021111100100436,2021년 11월 11일 17시,목요일,강원도 원주시 중앙동,경상사고,0,0,1,0,차대사람 - 보도통행중,보행자보호의무위반,건조,맑음,교차로 - 교차로횡단보도내,승용,여,68세,상해없음,보행자,여,63세,경상
2021111100100483,2021년 11월 11일 18시,목요일,강원도 강릉시 포남동,경상사고,0,0,1,0,차대차 - 기타,안전운전불이행,건조,맑음,교차로 - 교차로안,화물,남,51세,상해없음,승용,여,41세,경상
2021111100100484,2021년 11월 11일 18시,목요일,강원도 춘천시 동산면,중상사고,0,1,2,0,차대차 - 추돌,차로위반,건조,맑음,단일로 - 기타,승용,남,53세,상해없음,승용,남,39세,중상
2021111100100538,2021년 11월 11일 19시,목요일,강원도 원주시 학성동,경상사고,0,0,1,0,차대차 - 측면충돌,안전운전불이행,건조,맑음,단일로 - 기타,승용,여,47세,상해없음,화물,남,50세,경상
2021111200100048,2021년 11월 12일 05시,금요일,강원도 속초시 교동,경상사고,0,0,1,0,차대사람 - 횡단중,안전운전불이행,건조,맑음,단일로 - 고가도로위,승용,여,59세,상해없음,보행자,남,52세,경상
2021111200100075,2021년 11월 12일 07시,금요일,강원도 양양군 손양면,경상사고,0,0,1,0,차대차 - 측면충돌,교차로운행방법위반,건조,맑음,교차로 - 교차로부근,승용,여,60세,상해없음,승용,남,66세,경상
2021111200100099,2021년 11월 12일 08시,금요일,강원도 원주시 단계동,경상사고,0,0,1,0,차대차 - 기타,직진우회전진행방해,건조,맑음,단일로 - 기타,승용,남,61세,기타불명,승용,여,46세,경상
2021111200100171,2021년 11월 12일 10시,금요일,강원도 춘천시 신북읍,경상사고,0,0,1,0,차대차 - 추돌,안전운전불이행,건조,맑음,단일로 - 기타,승합,남,79세,상해없음,승용,여,32세,경상
2021111200100211,2021년 11월 12일 11시,금요일,강원도 강릉시 입암동,중상사고,0,1,0,0,차대사람 - 차도통행중,안전운전불이행,건조,맑음,단일로 - 기타,승용,남,55세,상해없음,보행자,여,67세,중상
2021111200100212,2021년 11월 12일 11시,금요일,강원도 동해시 천곡동,경상사고,0,0,3,0,차대차 - 측면충돌,안전운전불이행,건조,맑음,단일로 - 기타,건설기계,남,63세,상해없음,승용,여,44세,경상
2021111200100244,2021년 11월 12일 12시,금요일,강원도 춘천시 퇴계동,경상사고,0,0,2,0,차대차 - 기타,안전운전불이행,건조,맑음,단일로 - 기타,승용,남,51세,상해없음,승용,남,44세,경상