사고번호,사고일시,요일,시군구,사고내용,사망자수,중상자수,경상자수,부상신고자수,사고유형,법규위반,노면상태,기상상태,도로형태,가해운전자 차종,가해운전자 성별,가해운전자 연령,가해운전자 상해정도,피해운전자 차종,피해운전자 성별,피해운전자 연령,피해운전자 상해정도
2021111200100245,2021년 11월 12일 12시,금요일,강원도 인제군 인제읍,중상사고,0,1,0,0,차대차 - 측면충돌,안전운전불이행,건조,맑음,교차로 - 교차로안,승용,여,45세,상해없음,승용,남,40세,중상
2021111200100246,2021년 11월 12일 12시,금요일,강원도 평창군 대관령면,경상사고,0,0,4,0,차대차 - 추돌,안전거리미확보,건조,맑음,단일로 - 기타,승용,남,39세,상해없음,승용,남,42세,경상
2021111200100315,2021년 11월 12일 14시,금요일,강원도 춘천시 온의동,경상사고,0,0,1,1,차대차 - 측면충돌,안전운전불이행,건조,맑음,교차로 - 교차로안,승용,남,60세,부상신고,화물,남,55세,경상
2021111200100360,2021년 11월 12일 15시,금요일,강원도 횡성군 둔내면,경상사고,0,0,1,0,차대차 - 추돌,안전운전불이행,건조,맑음,교차로 - 교차로부근,화물,여,76세,상해없음,승용,남,29세,경상
2021111200100399,2021년 11월 12일 16시,금요일,강원도 원주시 학성동,중상사고,0,1,0,0,차대사람 - 횡단중,신호위반,건조,맑음,단일로 - 기타,승용,남,82세,상해없음,보행자,여,85세,중상
2021111200100491,2021년 11월 12일 18시,금요일,강원도 춘천시 퇴계동,경상사고,0,0,1,0,차대사람 - 횡단중,보행자보호의무위반,건조,맑음,교차로 - 교차로안,승용,여,51세,상해없음,보행자,여,52세,경상
2021111200100492,2021년 11월 12일 18시,금요일,강원도 춘천시 효자동,경상사고,0,0,1,0,차대차 - 추돌,안전운전불이행,건조,맑음,단일로 - 기타,승용,남,51세,상해없음,승용,여,38세,경상
2021111200100493,2021년 11월 12일 18시,금요일,강원도 춘천시 칠전동,중상사고,0,1,0,0,차대차 - 기타,안전운전불이행,건조,맑음,교차로 - 교차로횡단보도내,승용,여,47세,상해없음,자전거,남,28세,중상
2021111200100494,2021년 11월 12일 18시,금요일,강원도 강릉시 교동,경상사고,0,0,3,0,차대차 - 측면충돌,신호위반,건조,맑음,교차로 - 교차로안,승용,여,26세,상해없음,승용,남,22세,경상
2021111200100495,2021년 11월 12일 18시,금요일,강원도 원주시 지정면,중상사고,0,1,0,0,차대차 - 측면충돌,안전운전불이행,건조,흐림,교차로 - 교차로안,승용,남,33세,상해없음,자전거,남,16세,중상
2021111200100496,2021년 11월 12일 18시,금요일,강원도 철원군 서면,경상사고,0,0,1,0,차대차 - 측면충돌,안전운전불이행,건조,맑음,주차장 - 주차장,화물,남,41세,상해없음,승용,남,40세,기타불명
2021111200100551,2021년 11월 12일 19시,금요일,강원도 삼척시 정상동,경상사고,0,0,1,0,차대차 - 측면충돌,교차로운행방법위반,기타,맑음,교차로 - 교차로부근,승용,남,76세,상해없음,승용,여,51세,경상
2021111200100552,2021년 11월 12일 19시,금요일,강원도 동해시 천곡동,중상사고,0,1,0,0,차대사람 - 횡단중,보행자보호의무위반,건조,맑음,단일로 - 기타,승용,남,61세,상해없음,보행자,남,62세,중상
2021111300100013,2021년 11월 13일 00시,토요일,강원도 춘천시 퇴계동,경상사고,0,0,1,0,차대차 - 추돌,안전운전불이행,건조,맑음,단일로 - 기타,승용,여,35세,기타불명,승용,남,57세,경상
2021111300100036,2021년 11월 13일 01시,토요일,강원도 원주시 단계동,중상사고,0,1,4,0,차대차 - 측면충돌,안전운전불이행,건조,맑음,단일로 - 기타,승용,여,58세,상해없음,승용,남,56세,경상
2021111300100093,2021년 11월 13일 07시,토요일,강원도 춘천시 퇴계동,부상신고사고,0,0,0,1,차대차 - 측면충돌,안전운전불이행,건조,맑음,기타 - 기타,승용,남,28세,상해없음,승합,남,43세,부상신고
2021111300100094,2021년 11월 13일 07시,토요일,강원도 고성군 토성면,경상사고,0,0,1,0,차대차 - 추돌,안전운전불이행,건조,맑음,교차로 - 교차로부근,승용,남,66세,상해없음,승용,남,73세,경상
2021111300100110,2021년 11월 13일 08시,토요일,강원도 속초시 조양동,경상사고,0,0,4,0,차대차 - 추돌,안전운전불이행,건조,맑음,단일로 - 기타,승용,남,32세,상해없음,승용,남,33세,경상
2021111300100171,2021년 11월 13일 10시,토요일,강원도 강릉시 노암동,중상사고,0,1,1,0,차대차 - 측면충돌,안전운전불이행,건조,맑음,교차로 - 교차로안,승용,남,37세,상해없음,승용,여,29세,중상
2021111300100172,2021년 11월 13일 10시,토요일,강원도 원주시 단계동,경상사고,0,0,1,0,차대차 - 후진중충돌,안전운전불이행,건조,맑음,교차로 - 교차로안,승용,남,56세,상해없음,승용,여,28세,경상
2021111300100174,2021년 11월 13일 10시,토요일,강원도 인제군 인제읍,중상사고,0,1,0,0,차대차 - 측면충돌,안전운전불이행,건조,맑음,교차로 - 교차로안,화물,여,42세,상해없음,승용,남,48세,중상
2021111300100210,2021년 11월 13일 11시,토요일,강원도 춘천시 동내면,경상사고,0,0,1,0,차대차 - 측면충돌,안전운전불이행,건조,맑음,교차로 - 교차로안,승용,남,65세,상해없음,원동기,남,38세,경상
2021111300100211,2021년 11월 13일 11시,토요일,강원도 영월군 영월읍,경상사고,0,0,1,0,차대차 - 측면충돌,안전운전불이행,건조,맑음,교차로 - 교차로안,화물,남,58세,상해없음,승용,남,43세,경상
2021111300100284,2021년 11월 13일 13시,토요일,강원도 원주시 호저면,경상사고,0,0,2,1,차대차 - 추돌,직진우회전진행방해,건조,맑음,교차로 - 교차로안,승용,남,54세,부상신고,승용,남,69세,경상
2021111300100285,2021년 11월 13일 13시,토요일,강원도 인제군 북면,중상사고,0,1,0,0,차대사람 - 길가장자리구역통행중,안전운전불이행,건조,맑음,단일로 - 기타,화물,여,59세,상해없음,보행자,남,61세,중상
2021111300100327,2021년 11월 13일 14시,토요일,강원도 강릉시 청량동,경상사고,0,0,1,0,차대차 - 기타,안전운전불이행,건조,맑음,교차로 - 교차로안,승용,남,52세,상해없음,승용,남,31세,경상
2021111300100328,2021년 11월 13일 14시,토요일,강원도 평창군 봉평면,중상사고,0,1,0,0,차대차 - 측면충돌,기타,건조,맑음,교차로 - 교차로안,승용,여,52세,상해없음,이륜,남,70세,중상
2021111300100329,2021년 11월 13일 14시,토요일,강원도 정선군 사북읍,경상사고,0,0,1,0,차대차 - 측면충돌,안전운전불이행,건조,맑음,기타 - 기타,승용,여,54세,상해없음,승용,남,68세,경상
2021111300100528,2021년 11월 13일 19시,토요일,강원도 원주시 단계동,경상사고,0,0,1,0,차대차 - 측면충돌,중앙선침범,건조,맑음,단일로 - 기타,이륜,남,17세,기타불명,이륜,남,34세,경상
2021111300100594,2021년 11월 13일 21시,토요일,강원도 원주시 우산동,경상사고,0,0,4,0,차대차 - 추돌,안전운전불이행,건조,맑음,교차로 - 교차로안,승용,여,44세,경상,승용,남,23세,경상
2021111400100010,2021년 11월 14일 00시,일요일,강원도 춘천시 효자동,경상사고,0,0,1,0,차대차 - 기타,교차로운행방법위반,건조,맑음,교차로 - 교차로안,승용,남,27세,상해없음,승용,남,59세,경상
2021111400100023,2021년 11월 14일 01시,일요일,강원도 원주시 봉산동,부상신고사고,0,0,0,1,차대차 - 측면충돌,안전운전불이행,건조,맑음,교차로 - 교차로부근,승용,남,63세,상해없음,승용,남,59세,부상신고
2021111400100056,2021년 11월 14일 03시,일요일,강원도 원주시 단계동,경상사고,0,0,1,0,차대사람 - 횡단중,보행자보호의무위반,건조,맑음,교차로 - 교차로안,승용,남,31세,상해없음,보행자,남,20세,경상
2021111400100065,2021년 11월 14일 04시,일요일,강원도 원주시 단계동,경상사고,0,0,1,0,차대사람 - 횡단중,안전운전불이행,건조,맑음,교차로 - 교차로안,승용,남,27세,상해없음,보행자,남,50세,경상
2021111400100090,2021년 11월 14일 08시,일요일,강원도 동해시 천곡동,경상사고,0,0,1,0,차대차 - 측면충돌,신호위반,건조,맑음,교차로 - 교차로안,승용,남,80세,상해없음,승용,남,39세,경상
2021111400100141,2021년 11월 14일 11시,일요일,강원도 춘천시 효자동,경상사고,0,0,1,0,차대차 - 측면충돌,교차로운행방법위반,건조,맑음,교차로 - 교차로안,이륜,남,48세,상해없음,이륜,남,18세,경상
2021111400100142,2021년 11월 14일 11시,일요일,강원도 원주시 무실동,경상사고,0,0,1,0,차대사람 - 기타,안전운전불이행,건조,맑음,기타 - 기타,승용,남,42세,상해없음,보행자,여,52세,경상
2021111400100143,2021년 11월 14일 11시,일요일,강원도 원주시 태장동,경상사고,0,0,1,0,차대차 - 기타,안전운전불이행,건조,맑음,주차장 - 주차장,승용,여,35세,상해없음,자전거,남,9세,경상
2021111400100144,2021년 11월 14일 11시,일요일,강원도 양양군 양양읍,중상사고,0,1,0,0,차대사람 - 기타,안전운전불이행,건조,맑음,단일로 - 지하차도(도로)내,화물,남,27세,상해없음,보행자,여,81세,중상
2021111400100168,2021년 11월 14일 12시,일요일,강원도 홍천군 홍천읍,중상사고,0,1,0,0,차대사람 - 차도통행중,안전운전불이행,건조,맑음,단일로 - 기타,승용,남,38세,상해없음,보행자,여,54세,중상
2021111400100190,2021년 11월 14일 13시,일요일,강원도 영월군 영월읍,경상사고,0,0,2,0,차대차 - 측면충돌,안전운전불이행,건조,맑음,단일로 - 기타,승용,여,45세,상해없음,승용,남,68세,경상
2021111400100253,2021년 11월 14일 15시,일요일,강원도 춘천시 북산면,경상사고,0,0,1,0,차대차 - 측면충돌,신호위반,건조,맑음,단일로 - 기타,화물,여,61세,상해없음,원동기,남,69세,경상
2021111400100254,2021년 11월 14일 15시,일요일,강원도 강릉시 성산면,경상사고,0,0,1,0,차대차 - 기타,신호위반,건조,맑음,단일로 - 기타,승용,남,28세,상해없음,승용,남,65세,경상
2021111400100286,2021년 11월 14일 16시,일요일,강원도 원주시 명륜동,중상사고,0,1,0,1,차대사람 - 기타,안전운전불이행,건조,맑음,교차로 - 교차로안,승용,여,44세,부상신고,보행자,여,13세,중상
2021111400100323,2021년 11월 14일 17시,일요일,강원도 춘천시 남면,중상사고,0,2,0,0,차대차 - 기타,중앙선침범,건조,맑음,단일로 - 기타,승용,남,57세,상해없음,화물,남,58세,중상
2021111400100362,2021년 11월 14일 18시,일요일,강원도 철원군 철원읍,경상사고,0,0,2,0,차대차 - 정면충돌,안전운전불이행,건조,맑음,교차로 - 교차로안,승용,남,21세,경상,승용,남,65세,경상
2021111400100426,2021년 11월 14일 20시,일요일,강원도 속초시 교동,경상사고,0,0,1,0,차대사람 - 차도통행중,안전운전불이행,건조,맑음,단일로 - 기타,승용,여,26세,상해없음,보행자,남,51세,경상
2021111500100098,2021년 11월 15일 08시,월요일,강원도 춘천시 효자동,경상사고,0,0,1,0,차대사람 - 기타,안전운전불이행,건조,맑음,단일로 - 기타,승합,남,57세,상해없음,보행자,여,25세,경상
2021111500100162,2021년 11월 15일 10시,월요일,강원도 원주시 관설동,경상사고,0,0,1,0,차대차 - 측면충돌,신호위반,건조,맑음,교차로 - 교차로안,승용,남,76세,상해없음,화물,남,51세,경상
2021111500100163,2021년 11월 15일 10시,월요일,강원도 태백시 황지동,경상사고,0,0,1,0,차대차 - 측면충돌,안전운전불이행,건조,맑음,단일로 - 기타,승용,남,33세,상해없음,승용,남,24세,경상
2021111500100268,2021년 11월 15일 13시,월요일,강원도 춘천시 온의동,중상사고,0,1,0,0,차대사람 - 차도통행중,안전운전불이행,건조,맑음,단일로 - 기타,승용,여,47세,상해없음,보행자,여,22세,중상
2021111500100269,2021년 11월 15일 13시,월요일,강원도 동해시 천곡동,경상사고,0,0,2,0,차대차 - 추돌,안전운전불이행,건조,맑음,단일로 - 기타,승용,여,58세,상해없음,승용,여,50세,경상
2021111500100298,2021년 11월 15일 14시,월요일,강원도 평창군 봉평면,중상사고,0,1,1,0,차대차 - 측면충돌,교차로운행방법위반,건조,맑음,교차로 - 교차로안,화물,남,68세,경상,승용,남,62세,중상
2021111500100333,2021년 11월 15일 15시,월요일,강원도 강릉시 옥천동,경상사고,0,0,1,0,차대차 - 측면충돌,안전운전불이행,건조,맑음,단일로 - 기타,승용,남,78세,상해없음,자전거,여,65세,경상
2021111500100334,2021년 11월 15일 15시,월요일,강원도 동해시 나안동,경상사고,0,0,1,0,차대사람 - 횡단중,안전운전불이행,건조,맑음,교차로 - 교차로횡단보도내,화물,남,66세,상해없음,보행자,여,12세,경상
2021111500100374,2021년 11월 15일 16시,월요일,강원도 원주시 지정면,경상사고,0,0,1,0,차대차 - 측면충돌,안전운전불이행,건조,흐림,단일로 - 기타,승용,여,30세,상해없음,승용,남,23세,경상
2021111500100375,2021년 11월 15일 16시,월요일,강원도 양양군 양양읍,경상사고,0,0,1,0,차대차 - 측면충돌,교차로운행방법위반,건조,맑음,교차로 - 교차로안,승용,남,37세,상해없음,승용,남,60세,기타불명
2021111500100418,2021년 11월 15일 17시,월요일,강원도 춘천시 석사동,경상사고,0,0,1,0,차대차 - 기타,안전운전불이행,건조,맑음,단일로 - 기타,이륜,남,25세,상해없음,승용,남,56세,경상
2021111500100419,2021년 11월 15일 17시,월요일,강원도 속초시 교동,경상사고,0,0,1,0,차대사람 - 보도통행중,기타,건조,맑음,단일로 - 기타,원동기,남,23세,상해없음,보행자,남,58세,경상
2021111500100420,2021년 11월 15일 17시,월요일,강원도 속초시 금호동,경상사고,0,0,1,0,차대차 - 후진중충돌,안전운전불이행,건조,맑음,단일로 - 기타,승용,여,42세,상해없음,승용,남,38세,경상
2021111500100477,2021년 11월 15일 18시,월요일,강원도 춘천시 교동,경상사고,0,0,1,1,차대차 - 측면충돌,직진우회전진행방해,건조,맑음,교차로 - 교차로안,이륜,남,44세,부상신고,승용,남,28세,경상
2021111500100478,2021년 11월 15일 18시,월요일,강원도 원주시 단구동,중상사고,0,1,0,0,차대사람 - 횡단중,보행자보호의무위반,건조,기타,교차로 - 교차로횡단보도내,승용,여,54세,상해없음,보행자,여,54세,중상
2021111500100479,2021년 11월 15일 18시,월요일,강원도 원주시 문막읍,경상사고,0,0,1,0,차대차 - 기타,안전운전불이행,건조,맑음,교차로 - 교차로부근,기타불명,기타불명,미분류,기타불명,승합,남,46세,상해없음
2021111500100480,2021년 11월 15일 18시,월요일,강원도 홍천군 홍천읍,경상사고,0,0,1,0,차대차 - 측면충돌,직진우회전진행방해,건조,맑음,교차로 - 교차로안,승용,남,54세,상해없음,승용,남,53세,경상
2021111500100540,2021년 11월 15일 19시,월요일,강원도 춘천시 퇴계동,경상사고,0,0,1,0,차대차 - 측면충돌,안전운전불이행,건조,맑음,교차로 - 교차로안,승용,남,22세,상해없음,승용,여,30세,경상
2021111500100541,2021년 11월 15일 19시,월요일,강원도 춘천시 후평동,중상사고,0,1,0,1,차대차 - 측면충돌,안전운전불이행,건조,맑음,단일로 - 기타,승용,남,62세,부상신고,승용,여,41세,중상
2021111500100542,2021년 11월 15일 19시,월요일,강원도 원주시 단구동,경상사고,0,0,1,0,차대차 - 측면충돌,교차로운행방법위반,건조,맑음,교차로 - 교차로안,승용,여,55세,상해없음,이륜,남,38세,경상
2021111500100571,2021년 11월 15일 20시,월요일,강원도 원주시 단구동,경상사고,0,0,1,0,차대차 - 기타,중앙선침범,건조,맑음,단일로 - 기타,승용,여,46세,상해없음,이륜,남,36세,경상
2021111500100597,2021년 11월 15일 21시,월요일,강원도 춘천시 동면,경상사고,0,0,1,0,차대차 - 기타,신호위반,건조,맑음,단일로 - 기타,승용,여,50세,상해없음,승용,여,58세,경상
2021111500100626,2021년 11월 15일 22시,월요일,강원도 강릉시 죽헌동,경상사고,0,0,1,0,차대차 - 추돌,안전운전불이행,건조,맑음,단일로 - 기타,승용,남,30세,상해없음,승용,남,54세,상해없음
2021111500100638,2021년 11월 15일 23시,월요일,강원도 강릉시 포남동,중상사고,0,1,0,0,차대차 - 정면충돌,중앙선침범,건조,맑음,단일로 - 기타,특수,남,44세,상해없음,이륜,남,40세,중상
2021111600100046,2021년 11월 16일 05시,화요일,강원도 홍천군 홍천읍,경상사고,0,0,2,0,차대차 - 정면충돌,중앙선침범,건조,맑음,단일로 - 기타,이륜,남,21세,경상,승용,여,26세,경상
2021111600100059,2021년 11월 16일 06시,화요일,강원도 평창군 미탄면,중상사고,0,2,0,0,차대차 - 측면충돌,신호위반,건조,맑음,교차로 - 교차로안,화물,남,77세,중상,승용,남,39세,중상
2021111600100083,2021년 11월 16일 07시,화요일,강원도 동해시 대구동,경상사고,0,0,1,0,차대차 - 측면충돌,안전운전불이행,건조,맑음,단일로 - 기타,건설기계,남,66세,상해없음,승용,남,26세,경상
2021111600100116,2021년 11월 16일 08시,화요일,강원도 원주시 태장동,경상사고,0,0,2,0,차대차 - 측면충돌,안전운전불이행,건조,맑음,교차로 - 교차로안,승용,여,54세,상해없음,승용,남,41세,경상
2021111600100117,2021년 11월 16일 08시,화요일,강원도 원주시 관설동,경상사고,0,0,1,0,차대사람 - 차도통행중,안전운전불이행,건조,맑음,단일로 - 기타,자전거,남,11세,상해없음,보행자,남,26세,경상
2021111600100118,2021년 11월 16일 08시,화요일,강원도 원주시 우산동,경상사고,0,0,1,0,차대사람 - 기타,안전운전불이행,건조,맑음,교차로 - 교차로안,화물,남,65세,상해없음,보행자,남,52세,경상
2021111600100158,2021년 11월 16일 09시,화요일,강원도 양양군 현남면,경상사고,0,0,1,0,차대차 - 측면충돌,교차로운행방법위반,건조,맑음,교차로 - 교차로안,승용,남,43세,상해없음,승용,남,51세,경상
2021111600100159,2021년 11월 16일 09시,화요일,강원도 삼척시 남양동,경상사고,0,0,1,0,차대차 - 정면충돌,교차로운행방법위반,기타,맑음,교차로 - 교차로부근,화물,남,47세,상해없음,승용,여,60세,경상
2021111600100160,2021년 11월 16일 09시,화요일,강원도 고성군 거진읍,중상사고,0,1,0,0,차대차 - 측면충돌,중앙선침범,건조,맑음,교차로 - 교차로안,승용,남,87세,상해없음,화물,남,52세,중상
2021111600100196,2021년 11월 16일 10시,화요일,강원도 춘천시 옥천동,중상사고,0,1,0,0,차대사람 - 보도통행중,보행자보호의무위반,건조,맑음,교차로 - 교차로횡단보도내,승용,남,83세,상해없음,보행자,여,88세,중상
2021111600100233,2021년 11월 16일 11시,화요일,강원도 철원군 동송읍,경상사고,0,0,1,0,차대차 - 정면충돌,안전운전불이행,건조,맑음,단일로 - 기타,화물,남,53세,상해없음,화물,여,50세,경상
2021111600100268,2021년 11월 16일 12시,화요일,강원도 춘천시 석사동,경상사고,0,0,5,0,차대차 - 추돌,안전거리미확보,건조,맑음,단일로 - 기타,화물,남,60세,상해없음,승용,남,47세,경상
2021111600100269,2021년 11월 16일 12시,화요일,강원도 속초시 동명동,중상사고,0,1,0,0,차대차 - 정면충돌,교차로운행방법위반,건조,맑음,교차로 - 교차로안,승용,여,43세,상해없음,이륜,남,46세,중상
2021111600100336,2021년 11월 16일 14시,화요일,강원도 원주시 호저면,경상사고,0,0,3,0,차대차 - 추돌,안전운전불이행,건조,맑음,단일로 - 기타,화물,남,49세,상해없음,화물,남,26세,경상
2021111600100337,2021년 11월 16일 14시,화요일,강원도 원주시 명륜동,부상신고사고,0,0,0,1,차대차 - 기타,안전운전불이행,건조,맑음,단일로 - 기타,승용,남,32세,기타불명,이륜,남,19세,부상신고
2021111600100338,2021년 11월 16일 14시,화요일,강원도 삼척시 도계읍,중상사고,0,1,0,0,차대차 - 측면충돌,안전운전불이행,기타,맑음,교차로 - 교차로안,승용,남,82세,기타불명,승용,여,63세,중상
2021111600100339,2021년 11월 16일 14시,화요일,강원도 횡성군 횡성읍,경상사고,0,0,1,0,차대차 - 측면충돌,교차로운행방법위반,건조,맑음,교차로 - 교차로안,승용,남,52세,상해없음,승용,남,32세,경상
2021111600100401,2021년 11월 16일 16시,화요일,강원도 원주시 우산동,경상사고,0,0,1,0,차대사람 - 차도통행중,안전운전불이행,건조,맑음,교차로 - 교차로부근,승용,남,46세,상해없음,보행자,남,59세,경상
2021111600100449,2021년 11월 16일 17시,화요일,강원도 춘천시 효자동,경상사고,0,0,1,0,차대사람 - 횡단중,안전운전불이행,건조,맑음,교차로 - 교차로안,승용,남,63세,상해없음,보행자,남,69세,경상
2021111600100545,2021년 11월 16일 19시,화요일,강원도 강릉시 포남동,경상사고,0,0,1,0,차대사람 - 기타,중앙선침범,건조,맑음,단일로 - 기타,승용,남,61세,상해없음,보행자,여,77세,경상
2021111600100579,2021년 11월 16일 20시,화요일,강원도 평창군 대화면,경상사고,0,0,1,0,차량단독 - 전도전복 - 전복,안전운전불이행,건조,맑음,단일로 - 기타,승용,여,31세,경상,,,,
2021111700100034,2021년 11월 17일 05시,수요일,강원도 삼척시 읍상동,중상사고,0,1,0,0,차대차 - 추돌,안전운전불이행,기타,맑음,기타 - 기타,승용,남,40세,상해없음,농기계,남,66세,중상
2021111700100068,2021년 11월 17일 07시,수요일,강원도 홍천군 홍천읍,중상사고,0,1,0,0,차대차 - 추돌,안전운전불이행,건조,맑음,단일로 - 지하차도(도로)내,승용,남,69세,상해없음,건설기계,남,47세,중상
2021111700100095,2021년 11월 17일 08시,수요일,강원도 춘천시 중앙로2가,경상사고,0,0,1,0,차대차 - 측면충돌,안전운전불이행,건조,맑음,교차로 - 교차로안,승용,여,29세,기타불명,승용,여,33세,경상
2021111700100096,2021년 11월 17일 08시,수요일,강원도 춘천시 효자동,경상사고,0,0,1,0,차대차 - 측면충돌,안전운전불이행,건조,맑음,교차로 - 교차로안,승용,남,23세,상해없음,승용,여,58세,경상
2021111700100215,2021년 11월 17일 11시,수요일,강원도 동해시 평릉동,중상사고,0,1,0,0,차대사람 - 횡단중,교차로운행방법위반,건조,맑음,교차로 - 교차로안,승용,여,59세,상해없음,보행자,남,61세,중상
2021111700100255,2021년 11월 17일 12시,수요일,강원도 원주시 단계동,경상사고,0,0,1,0,차대차 - 기타,안전운전불이행,건조,맑음,단일로 - 기타,승용,여,59세,상해없음,이륜,남,44세,경상
2021111700100292,2021년 11월 17일 13시,수요일,강원도 원주시 중앙동,경상사고,0,0,1,0,차대사람 - 기타,안전운전불이행,건조,맑음,단일로 - 기타,승용,남,61세,상해없음,보행자,여,55세,경상
2021111700100328,2021년 11월 17일 14시,수요일,강원도 춘천시 신북읍,경상사고,0,0,1,0,차대차 - 측면충돌,안전운전불이행,건조,맑음,교차로 - 교차로부근,승용,남,70세,상해없음,승용,남,31세,경상
2021111700100409,2021년 11월 17일 16시,수요일,강원도 춘천시 동면,경상사고,0,0,1,3,차대차 - 측면충돌,교차로운행방법위반,건조,맑음,교차로 - 교차로안,승용,여,53세,부상신고,승용,여,48세,경상
2021111700100456,2021년 11월 17일 17시,수요일,강원도 춘천시 운교동,경상사고,0,0,1,0,차대차 - 측면충돌,신호위반,건조,맑음,교차로 - 교차로안,승용,여,61세,상해없음,승용,남,63세,경상
2021111700100457,2021년 11월 17일 17시,수요일,강원도 원주시 소초면,경상사고,0,0,3,0,차대차 - 추돌,안전운전불이행,건조,맑음,단일로 - 기타,승용,남,77세,상해없음,승용,남,45세,경상
2021111700100517,2021년 11월 17일 18시,수요일,강원도 원주시 우산동,경상사고,0,0,1,0,차대차 - 추돌,안전운전불이행,건조,맑음,단일로 - 기타,승합,남,53세,상해없음,승용,남,25세,경상
2021111700100518,2021년 11월 17일 18시,수요일,강원도 동해시 이도동,경상사고,0,0,2,0,차대차 - 측면충돌,안전운전불이행,건조,맑음,단일로 - 기타,화물,남,45세,상해없음,승용,남,27세,경상
2021111700100590,2021년 11월 17일 19시,수요일,강원도 양양군 손양면,경상사고,0,0,2,0,차대차 - 정면충돌,신호위반,건조,맑음,교차로 - 교차로안,원동기,남,17세,상해없음,승용,남,62세,경상
2021111700100628,2021년 11월 17일 20시,수요일,강원도 강릉시 교동,중상사고,0,1,0,0,차대차 - 측면충돌,신호위반,건조,맑음,교차로 - 교차로안,승용,여,24세,상해없음,승용,여,53세,중상
2021111700100662,2021년 11월 17일 22시,수요일,강원도 원주시 태장동,중상사고,0,1,0,0,차대사람 - 횡단중,보행자보호의무위반,건조,맑음,교차로 - 교차로횡단보도내,승용,남,60세,상해없음,보행자,여,62세,중상
2021111700100663,2021년 11월 17일 22시,수요일,강원도 동해시 부곡동,경상사고,0,0,1,0,차대사람 - 길가장자리구역통행중,안전운전불이행,건조,맑음,교차로 - 교차로부근,승용,남,66세,상해없음,보행자,남,41세,경상
2021111700100678,2021년 11월 17일 23시,수요일,강원도 원주시 명륜동,중상사고,0,2,0,0,차대차 - 기타,기타,건조,맑음,교차로 - 교차로안,승용,남,25세,상해없음,승용,남,68세,중상
2021111800100033,2021년 11월 18일 03시,목요일,강원도 양구군 동면,중상사고,0,3,2,0,차대사람 - 길가장자리구역통행중,안전운전불이행,건조,맑음,단일로 - 기타,화물,남,41세,상해없음,보행자,남,21세,중상
2021111800100044,2021년 11월 18일 05시,목요일,강원도 춘천시 근화동,경상사고,0,0,1,0,차대차 - 측면충돌,안전거리미확보,건조,맑음,단일로 - 기타,승용,여,52세,상해없음,승용,남,51세,경상
2021111800100137,2021년 11월 18일 09시,목요일,강원도 원주시 명륜동,경상사고,0,0,1,0,차대차 - 측면충돌,신호위반,건조,맑음,교차로 - 교차로횡단보도내,승용,여,55세,상해없음,자전거,남,8세,경상
2021111800100138,2021년 11월 18일 09시,목요일,강원도 삼척시 도경동,중상사고,0,1,0,0,차대차 - 측면충돌,중앙선침범,건조,맑음,단일로 - 기타,승용,여,51세,상해없음,승용,여,36세,중상
2021111800100173,2021년 11월 18일 10시,목요일,강원도 춘천시 우두동,경상사고,0,0,3,1,차대차 - 추돌,안전운전불이행,건조,맑음,단일로 - 기타,승용,남,50세,상해없음,승용,여,43세,경상
2021111800100323,2021년 11월 18일 15시,목요일,강원도 원주시 단계동,경상사고,0,0,2,0,차대차 - 측면충돌,안전운전불이행,건조,맑음,단일로 - 기타,화물,남,57세,상해없음,승용,남,33세,경상
2021111800100325,2021년 11월 18일 15시,목요일,강원도 강릉시 성산면,경상사고,0,0,1,0,차대차 - 측면충돌,차로위반,건조,맑음,단일로 - 기타,승용,남,57세,상해없음,화물,남,40세,경상
2021111800100508,2021년 11월 18일 19시,목요일,강원도 춘천시 석사동,중상사고,0,1,0,1,차대차 - 측면충돌,교차로운행방법위반,건조,맑음,교차로 - 교차로안,승용,여,52세,부상신고,승용,남,37세,중상
2021111800100542,2021년 11월 18일 20시,목요일,강원도 속초시 조양동,경상사고,0,0,3,0,차대차 - 추돌,안전운전불이행,건조,맑음,단일로 - 기타,이륜,남,19세,상해없음,승용,여,45세,경상
2021111800100563,2021년 11월 18일 21시,목요일,강원도 강릉시 옥천동,경상사고,0,0,3,0,차대차 - 추돌,안전운전불이행,건조,맑음,교차로 - 교차로부근,승용,남,22세,상해없음,승용,남,66세,경상
2021111900100022,2021년 11월 19일 01시,금요일,강원도 춘천시 석사동,경상사고,0,0,2,0,차대차 - 추돌,안전운전불이행,건조,맑음,교차로 - 교차로부근,승용,남,27세,기타불명,승용,남,62세,경상
2021111900100109,2021년 11월 19일 08시,금요일,강원도 춘천시 효자동,경상사고,0,0,2,0,차대차 - 측면충돌,안전운전불이행,건조,맑음,교차로 - 교차로안,승용,여,39세,상해없음,승용,남,39세,경상
2021111900100110,2021년 11월 19일 08시,금요일,강원도 원주시 호저면,경상사고,0,0,1,0,차대차 - 측면충돌,안전운전불이행,건조,흐림,단일로 - 기타,화물,남,54세,상해없음,화물,남,36세,경상