사고번호,사고일시,요일,시군구,사고내용,사망자수,중상자수,경상자수,부상신고자수,사고유형,법규위반,노면상태,기상상태,도로형태,가해운전자 차종,가해운전자 성별,가해운전자 연령,가해운전자 상해정도,피해운전자 차종,피해운전자 성별,피해운전자 연령,피해운전자 상해정도
2021111900100165,2021년 11월 19일 10시,금요일,강원도 철원군 서면,경상사고,0,0,1,0,차대차 - 측면충돌,안전운전불이행,건조,맑음,교차로 - 교차로부근,승용,남,20세,상해없음,승용,남,76세,경상
2021111900100198,2021년 11월 19일 11시,금요일,강원도 춘천시 석사동,경상사고,0,0,1,1,차대차 - 추돌,안전운전불이행,건조,맑음,교차로 - 교차로부근,화물,남,54세,상해없음,승용,여,48세,경상
2021111900100199,2021년 11월 19일 11시,금요일,강원도 강릉시 교동,경상사고,0,0,1,0,차대차 - 기타,안전운전불이행,건조,맑음,교차로 - 교차로안,화물,남,54세,상해없음,승용,남,27세,경상
2021111900100261,2021년 11월 19일 13시,금요일,강원도 강릉시 교동,중상사고,0,1,2,0,차대차 - 추돌,안전운전불이행,건조,맑음,기타 - 기타,화물,남,21세,상해없음,승용,여,70세,경상
2021111900100262,2021년 11월 19일 13시,금요일,강원도 속초시 교동,중상사고,0,1,0,0,차대사람 - 기타,안전운전불이행,건조,맑음,주차장 - 주차장,승용,여,67세,상해없음,보행자,여,55세,중상
2021111900100299,2021년 11월 19일 14시,금요일,강원도 평창군 진부면,경상사고,0,0,1,0,차대차 - 측면충돌,중앙선침범,건조,맑음,교차로 - 교차로안,승용,여,51세,상해없음,승용,남,35세,경상
2021111900100376,2021년 11월 19일 16시,금요일,강원도 강릉시 옥천동,경상사고,0,0,2,0,차대차 - 기타,안전운전불이행,건조,맑음,교차로 - 교차로안,화물,남,74세,상해없음,승용,남,46세,경상
2021111900100377,2021년 11월 19일 16시,금요일,강원도 홍천군 남면,경상사고,0,0,1,0,차대차 - 측면충돌,안전운전불이행,건조,맑음,주차장 - 주차장,화물,남,63세,상해없음,승용,여,54세,경상
2021111900100437,2021년 11월 19일 17시,금요일,강원도 삼척시 남양동,경상사고,0,0,2,0,차대차 - 후진중충돌,안전운전불이행,건조,맑음,단일로 - 기타,화물,남,53세,상해없음,승용,남,37세,경상
2021111900100438,2021년 11월 19일 17시,금요일,강원도 횡성군 공근면,경상사고,0,0,2,0,차대차 - 추돌,안전운전불이행,건조,맑음,단일로 - 기타,승용,남,40세,상해없음,화물,남,66세,경상
2021111900100439,2021년 11월 19일 17시,금요일,강원도 원주시 지정면,경상사고,0,0,1,0,차대차 - 추돌,안전거리미확보,건조,맑음,단일로 - 기타,화물,남,61세,상해없음,승용,남,49세,경상
2021111900100498,2021년 11월 19일 18시,금요일,강원도 춘천시 근화동,경상사고,0,0,1,0,차대차 - 측면충돌,안전운전불이행,건조,맑음,단일로 - 기타,승용,여,34세,상해없음,승용,여,25세,경상
2021111900100546,2021년 11월 19일 19시,금요일,강원도 춘천시 효자동,경상사고,0,0,1,0,차대차 - 측면충돌,안전운전불이행,건조,맑음,단일로 - 기타,승용,남,64세,상해없음,이륜,남,43세,경상
2021111900100547,2021년 11월 19일 19시,금요일,강원도 원주시 학성동,경상사고,0,0,1,0,차대사람 - 횡단중,보행자보호의무위반,건조,맑음,교차로 - 교차로횡단보도내,승용,여,53세,상해없음,보행자,남,50세,경상
2021111900100621,2021년 11월 19일 21시,금요일,강원도 삼척시 도계읍,중상사고,0,1,0,0,차대사람 - 기타,안전운전불이행,건조,맑음,단일로 - 기타,승용,여,51세,상해없음,보행자,남,25세,중상
2021111900100622,2021년 11월 19일 21시,금요일,강원도 양구군 양구읍,중상사고,0,2,0,0,차대차 - 측면충돌,안전운전불이행,건조,맑음,교차로 - 교차로안,화물,남,53세,기타불명,승용,남,58세,중상
2021111900100655,2021년 11월 19일 22시,금요일,강원도 동해시 발한동,경상사고,0,0,2,0,차대차 - 측면충돌,안전운전불이행,건조,맑음,단일로 - 기타,승용,남,47세,상해없음,승용,여,57세,경상
2021112000100034,2021년 11월 20일 01시,토요일,강원도 춘천시 동내면,경상사고,0,0,2,0,차대차 - 기타,안전운전불이행,건조,맑음,단일로 - 기타,승용,남,66세,상해없음,승용,남,22세,경상
2021112000100077,2021년 11월 20일 06시,토요일,강원도 춘천시 온의동,경상사고,0,0,1,0,차대차 - 측면충돌,교차로운행방법위반,건조,맑음,교차로 - 교차로부근,승용,남,80세,상해없음,승합,남,66세,경상
2021112000100107,2021년 11월 20일 08시,토요일,강원도 속초시 영랑동,중상사고,0,1,0,0,차대사람 - 횡단중,보행자보호의무위반,건조,맑음,교차로 - 교차로안,승용,여,56세,상해없음,보행자,여,67세,중상
2021112000100169,2021년 11월 20일 11시,토요일,강원도 춘천시 남산면,경상사고,0,0,1,0,차량단독 - 기타,안전운전불이행,건조,맑음,단일로 - 기타,사륜오토바이(ATV),남,33세,상해없음,,,,
2021112000100170,2021년 11월 20일 11시,토요일,강원도 춘천시 퇴계동,경상사고,0,0,1,0,차대차 - 측면충돌,안전거리미확보,건조,맑음,교차로 - 교차로부근,승용,여,33세,상해없음,승용,여,52세,경상
2021112000100171,2021년 11월 20일 11시,토요일,강원도 정선군 사북읍,경상사고,0,0,2,0,차대차 - 후진중충돌,안전운전불이행,건조,맑음,기타 - 기타,승용,여,55세,상해없음,승용,남,47세,경상
2021112000100172,2021년 11월 20일 11시,토요일,강원도 횡성군 공근면,중상사고,0,2,0,0,차대차 - 기타,교차로운행방법위반,건조,맑음,교차로 - 교차로안,화물,남,77세,상해없음,농기계,남,77세,중상
2021112000100328,2021년 11월 20일 15시,토요일,강원도 평창군 평창읍,경상사고,0,0,1,0,차대사람 - 차도통행중,안전운전불이행,건조,맑음,교차로 - 교차로안,승용,여,66세,상해없음,보행자,남,82세,경상
2021112000100362,2021년 11월 20일 16시,토요일,강원도 인제군 북면,중상사고,0,1,3,0,차대차 - 추돌,기타,건조,맑음,단일로 - 터널,이륜,여,43세,중상,승용,남,28세,경상
2021112000100396,2021년 11월 20일 17시,토요일,강원도 삼척시 남양동,경상사고,0,0,1,0,차대사람 - 횡단중,안전운전불이행,건조,맑음,교차로 - 교차로안,승용,남,38세,상해없음,보행자,여,49세,경상
2021112000100438,2021년 11월 20일 18시,토요일,강원도 강릉시 왕산면,경상사고,0,0,1,0,차대차 - 기타,중앙선침범,건조,맑음,단일로 - 기타,승용,남,64세,상해없음,승용,여,46세,경상
2021112000100483,2021년 11월 20일 19시,토요일,강원도 춘천시 교동,경상사고,0,0,1,0,차대사람 - 보도통행중,기타,건조,맑음,단일로 - 기타,자전거,남,48세,상해없음,보행자,여,23세,경상
2021112000100484,2021년 11월 20일 19시,토요일,강원도 춘천시 효자동,경상사고,0,0,1,0,차대차 - 추돌,안전운전불이행,건조,맑음,교차로 - 교차로부근,원동기,남,26세,상해없음,이륜,남,27세,경상
2021112000100485,2021년 11월 20일 19시,토요일,강원도 고성군 토성면,경상사고,0,0,4,0,차대차 - 정면충돌,신호위반,건조,맑음,교차로 - 교차로안,승용,남,68세,상해없음,승용,여,24세,경상
2021112000100574,2021년 11월 20일 23시,토요일,강원도 강릉시 포남동,경상사고,0,0,3,0,차대차 - 기타,신호위반,건조,맑음,교차로 - 교차로안,승용,남,50세,상해없음,승용,남,47세,경상
2021112100100032,2021년 11월 21일 02시,일요일,강원도 원주시 반곡동,경상사고,0,0,2,0,차대차 - 정면충돌,신호위반,건조,흐림,교차로 - 교차로안,승용,여,41세,상해없음,승용,남,40세,경상
2021112100100033,2021년 11월 21일 02시,일요일,강원도 원주시 단구동,경상사고,0,0,2,0,차대사람 - 횡단중,안전운전불이행,건조,맑음,교차로 - 교차로안,승용,남,47세,상해없음,보행자,남,24세,경상
2021112100100056,2021년 11월 21일 06시,일요일,강원도 원주시 문막읍,경상사고,0,0,1,0,차대차 - 측면충돌,신호위반,건조,흐림,교차로 - 교차로안,승용,여,38세,상해없음,승용,남,50세,경상
2021112100100096,2021년 11월 21일 10시,일요일,강원도 철원군 철원읍,중상사고,0,1,0,1,차량단독 - 공작물충돌,안전운전불이행,건조,흐림,단일로 - 기타,승용,남,66세,부상신고,,,,
2021112100100118,2021년 11월 21일 11시,일요일,강원도 평창군 진부면,중상사고,0,1,0,0,차대사람 - 기타,안전운전불이행,건조,맑음,교차로 - 교차로부근,승용,여,54세,상해없음,보행자,여,73세,중상
2021112100100149,2021년 11월 21일 12시,일요일,강원도 강릉시 주문진읍,중상사고,0,3,0,0,차대사람 - 기타,기타,건조,맑음,기타 - 기타,승용,남,60세,중상,보행자,여,73세,중상
2021112100100279,2021년 11월 21일 16시,일요일,강원도 동해시 이도동,경상사고,0,0,1,0,차대차 - 측면충돌,신호위반,건조,맑음,교차로 - 교차로안,건설기계,남,65세,상해없음,승용,남,56세,경상
2021112100100306,2021년 11월 21일 17시,일요일,강원도 춘천시 온의동,경상사고,0,0,2,0,차대차 - 추돌,안전운전불이행,건조,맑음,단일로 - 기타,승합,남,54세,상해없음,승용,남,41세,상해없음
2021112100100360,2021년 11월 21일 18시,일요일,강원도 춘천시 서면,부상신고사고,0,0,0,1,차대차 - 측면충돌,안전거리미확보,건조,맑음,단일로 - 기타,승용,남,22세,상해없음,승용,남,41세,부상신고
2021112100100361,2021년 11월 21일 18시,일요일,강원도 원주시 단구동,경상사고,0,0,1,0,차대차 - 추돌,중앙선침범,건조,맑음,단일로 - 기타,승용,여,27세,상해없음,이륜,남,26세,경상
2021112100100362,2021년 11월 21일 18시,일요일,강원도 원주시 지정면,중상사고,0,1,0,0,차대사람 - 차도통행중,안전운전불이행,건조,맑음,교차로 - 교차로부근,승용,여,49세,상해없음,보행자,남,52세,중상
2021112100100363,2021년 11월 21일 18시,일요일,강원도 양구군 방산면,부상신고사고,0,0,0,1,차대사람 - 기타,안전운전불이행,건조,맑음,단일로 - 기타,승용,여,51세,상해없음,보행자,남,83세,부상신고
2021112200100024,2021년 11월 22일 01시,월요일,강원도 원주시 관설동,경상사고,0,0,1,0,차대차 - 측면충돌,안전운전불이행,건조,맑음,기타 - 기타,승용,남,28세,상해없음,승용,남,26세,경상
2021112200100054,2021년 11월 22일 05시,월요일,강원도 동해시 효가동,경상사고,0,0,1,0,차대차 - 측면충돌,안전운전불이행,건조,맑음,교차로 - 교차로부근,승용,여,57세,상해없음,승용,남,50세,경상
2021112200100087,2021년 11월 22일 07시,월요일,강원도 춘천시 온의동,경상사고,0,0,1,0,차대차 - 측면충돌,신호위반,건조,맑음,교차로 - 교차로안,승용,남,81세,상해없음,승용,남,35세,경상
2021112200100088,2021년 11월 22일 07시,월요일,강원도 홍천군 북방면,중상사고,0,1,0,0,차대차 - 측면충돌,교차로운행방법위반,건조,맑음,교차로 - 교차로안,승용,남,35세,상해없음,승용,여,50세,중상
2021112200100119,2021년 11월 22일 08시,월요일,강원도 정선군 고한읍,중상사고,0,1,0,0,차대차 - 기타,기타,건조,맑음,기타 - 기타,건설기계,남,53세,상해없음,승용,남,64세,상해없음
2021112200100168,2021년 11월 22일 10시,월요일,강원도 원주시 개운동,경상사고,0,0,2,0,차대차 - 기타,신호위반,건조,맑음,교차로 - 교차로횡단보도내,승용,여,41세,상해없음,승용,여,45세,경상
2021112200100205,2021년 11월 22일 11시,월요일,강원도 원주시 소초면,경상사고,0,0,2,0,차대차 - 추돌,안전거리미확보,건조,맑음,단일로 - 기타,승용,남,33세,상해없음,승용,여,67세,경상
2021112200100206,2021년 11월 22일 11시,월요일,강원도 영월군 영월읍,중상사고,0,1,0,0,차대차 - 측면충돌,안전운전불이행,건조,맑음,교차로 - 교차로안,승용,남,82세,상해없음,승용,여,22세,중상
2021112200100207,2021년 11월 22일 11시,월요일,강원도 영월군 영월읍,중상사고,0,1,0,0,차대사람 - 기타,안전운전불이행,건조,맑음,교차로 - 교차로부근,승합,남,54세,상해없음,보행자,여,52세,중상
2021112200100288,2021년 11월 22일 13시,월요일,강원도 삼척시 남양동,중상사고,0,1,1,0,차대차 - 측면충돌,안전운전불이행,건조,맑음,교차로 - 교차로안,화물,남,46세,상해없음,승용,남,49세,경상
2021112200100322,2021년 11월 22일 14시,월요일,강원도 원주시 단계동,중상사고,0,1,0,0,차대차 - 측면충돌,교차로운행방법위반,건조,기타,교차로 - 교차로안,승용,남,55세,상해없음,이륜,남,62세,중상
2021112200100323,2021년 11월 22일 14시,월요일,강원도 태백시 황지동,경상사고,0,0,1,0,차대차 - 추돌,안전운전불이행,건조,맑음,단일로 - 기타,승용,남,43세,상해없음,자전거,남,78세,경상
2021112200100359,2021년 11월 22일 15시,월요일,강원도 화천군 화천읍,경상사고,0,0,1,0,차대사람 - 기타,안전운전불이행,젖음/습기,흐림,기타 - 기타,승용,남,53세,상해없음,보행자,남,10세,경상
2021112200100394,2021년 11월 22일 16시,월요일,강원도 강릉시 교동,경상사고,0,0,1,0,차대사람 - 횡단중,신호위반,건조,맑음,교차로 - 교차로부근,원동기,남,23세,상해없음,보행자,남,16세,경상
2021112200100395,2021년 11월 22일 16시,월요일,강원도 원주시 평원동,경상사고,0,0,1,0,차대사람 - 기타,안전운전불이행,건조,맑음,단일로 - 기타,화물,남,67세,상해없음,보행자,남,64세,경상
2021112200100429,2021년 11월 22일 17시,월요일,강원도 원주시 개운동,중상사고,0,1,0,0,차대사람 - 횡단중,보행자보호의무위반,건조,맑음,교차로 - 교차로안,화물,남,57세,상해없음,보행자,남,71세,중상
2021112200100480,2021년 11월 22일 18시,월요일,강원도 원주시 단계동,경상사고,0,0,1,0,차대차 - 추돌,직진우회전진행방해,건조,맑음,교차로 - 교차로안,승용,여,70세,상해없음,승용,여,48세,경상
2021112200100481,2021년 11월 22일 18시,월요일,강원도 고성군 간성읍,중상사고,0,1,0,0,차대사람 - 횡단중,안전운전불이행,건조,맑음,단일로 - 기타,승용,여,49세,상해없음,보행자,여,79세,중상
2021112200100482,2021년 11월 22일 18시,월요일,강원도 동해시 북평동,중상사고,0,1,5,0,차대차 - 추돌,안전운전불이행,건조,맑음,단일로 - 교량,승용,남,54세,상해없음,승용,여,60세,중상
2021112200100538,2021년 11월 22일 19시,월요일,강원도 태백시 황지동,경상사고,0,0,1,0,차대차 - 측면충돌,안전운전불이행,건조,맑음,단일로 - 기타,승용,남,45세,상해없음,이륜,남,32세,경상
2021112300100064,2021년 11월 23일 07시,화요일,강원도 원주시 봉산동,경상사고,0,0,1,0,차대차 - 기타,직진우회전진행방해,건조,맑음,교차로 - 교차로안,화물,남,76세,상해없음,승용,여,43세,경상
2021112300100098,2021년 11월 23일 08시,화요일,강원도 춘천시 후평동,중상사고,0,1,0,0,차대사람 - 기타,안전운전불이행,건조,맑음,단일로 - 기타,승용,여,41세,상해없음,보행자,여,50세,중상
2021112300100099,2021년 11월 23일 08시,화요일,강원도 원주시 태장동,경상사고,0,0,3,0,차대차 - 측면충돌,차로위반,건조,맑음,단일로 - 기타,승용,여,59세,상해없음,화물,남,37세,상해없음
2021112300100100,2021년 11월 23일 08시,화요일,강원도 원주시 흥업면,경상사고,0,0,2,0,차대차 - 추돌,불법유턴,건조,맑음,교차로 - 교차로안,특수,남,26세,상해없음,승용,여,44세,경상
2021112300100160,2021년 11월 23일 10시,화요일,강원도 동해시 천곡동,경상사고,0,0,2,0,차대차 - 측면충돌,교차로운행방법위반,건조,맑음,교차로 - 교차로안,승용,남,53세,상해없음,승용,남,78세,경상
2021112300100195,2021년 11월 23일 11시,화요일,강원도 속초시 교동,경상사고,0,0,4,0,차대차 - 추돌,안전운전불이행,건조,맑음,단일로 - 기타,화물,남,82세,상해없음,승용,여,62세,경상
2021112300100196,2021년 11월 23일 11시,화요일,강원도 삼척시 정상동,경상사고,0,0,2,0,차대차 - 측면충돌,교차로운행방법위반,건조,맑음,교차로 - 교차로안,승용,남,61세,경상,승용,남,22세,경상
2021112300100197,2021년 11월 23일 11시,화요일,강원도 정선군 사북읍,경상사고,0,0,2,0,차대차 - 측면충돌,안전운전불이행,건조,맑음,기타 - 기타,승용,여,57세,상해없음,승용,여,39세,경상
2021112300100311,2021년 11월 23일 15시,화요일,강원도 속초시 조양동,중상사고,0,1,0,0,차대차 - 측면충돌,안전운전불이행,건조,맑음,교차로 - 교차로안,승용,남,60세,상해없음,승용,여,48세,중상
2021112300100347,2021년 11월 23일 16시,화요일,강원도 속초시 교동,중상사고,0,1,0,0,차대차 - 측면충돌,교차로운행방법위반,건조,맑음,교차로 - 교차로안,승용,여,50세,상해없음,승용,여,62세,중상
2021112300100441,2021년 11월 23일 18시,화요일,강원도 철원군 서면,경상사고,0,0,2,0,차대차 - 측면충돌,직진우회전진행방해,건조,맑음,교차로 - 교차로안,승용,남,24세,상해없음,승용,여,53세,경상
2021112300100493,2021년 11월 23일 19시,화요일,강원도 춘천시 효자동,경상사고,0,0,1,0,차대차 - 측면충돌,신호위반,건조,맑음,교차로 - 교차로안,승용,남,26세,기타불명,승용,남,54세,경상
2021112400100012,2021년 11월 24일 01시,수요일,강원도 원주시 무실동,경상사고,0,0,1,0,차대차 - 추돌,안전운전불이행,건조,맑음,교차로 - 교차로부근,승용,남,23세,상해없음,승용,남,22세,경상
2021112400100062,2021년 11월 24일 07시,수요일,강원도 춘천시 사농동,경상사고,0,0,1,0,차대차 - 기타,안전운전불이행,건조,맑음,교차로 - 교차로부근,승용,남,30세,기타불명,승용,여,47세,경상
2021112400100092,2021년 11월 24일 08시,수요일,강원도 춘천시 퇴계동,경상사고,0,0,1,0,차대차 - 측면충돌,안전거리미확보,건조,맑음,교차로 - 교차로부근,승용,여,51세,상해없음,승용,여,62세,경상
2021112400100175,2021년 11월 24일 11시,수요일,강원도 춘천시 동내면,사망사고,3,1,0,0,차대사람 - 기타,안전운전불이행,건조,맑음,단일로 - 기타,화물,남,28세,중상,보행자,남,62세,사망
2021112400100204,2021년 11월 24일 12시,수요일,강원도 속초시 영랑동,중상사고,0,1,0,0,차대차 - 측면충돌,교차로운행방법위반,건조,맑음,교차로 - 교차로안,화물,남,62세,상해없음,이륜,남,75세,중상
2021112400100244,2021년 11월 24일 13시,수요일,강원도 춘천시 온의동,경상사고,0,0,2,0,차대차 - 기타,안전운전불이행,건조,맑음,교차로 - 교차로부근,승용,여,58세,상해없음,승용,여,59세,경상
2021112400100245,2021년 11월 24일 13시,수요일,강원도 강릉시 노암동,중상사고,0,1,0,0,차대사람 - 기타,안전운전불이행,건조,맑음,교차로 - 교차로부근,승용,여,60세,상해없음,보행자,남,73세,중상
2021112400100324,2021년 11월 24일 16시,수요일,강원도 춘천시 동면,경상사고,0,0,1,0,차대사람 - 기타,안전운전불이행,건조,맑음,단일로 - 기타,승용,여,40세,상해없음,보행자,남,44세,경상
2021112400100325,2021년 11월 24일 16시,수요일,강원도 화천군 화천읍,중상사고,0,1,0,0,차대차 - 측면충돌,중앙선침범,건조,흐림,단일로 - 기타,승용,남,26세,상해없음,승용,남,67세,중상
2021112400100326,2021년 11월 24일 16시,수요일,강원도 태백시 백산동,경상사고,0,0,1,0,차대차 - 정면충돌,중앙선침범,건조,맑음,단일로 - 기타,화물,남,38세,상해없음,승용,남,64세,경상
2021112400100363,2021년 11월 24일 17시,수요일,강원도 춘천시 석사동,경상사고,0,0,1,0,차대차 - 측면충돌,안전거리미확보,건조,맑음,단일로 - 교량,승용,남,58세,상해없음,이륜,남,33세,경상
2021112400100364,2021년 11월 24일 17시,수요일,강원도 원주시 평원동,경상사고,0,0,2,0,차대차 - 추돌,안전운전불이행,건조,맑음,단일로 - 기타,이륜,남,44세,상해없음,승용,남,52세,경상
2021112400100365,2021년 11월 24일 17시,수요일,강원도 동해시 송정동,경상사고,0,0,1,0,차대차 - 기타,신호위반,건조,맑음,교차로 - 교차로안,승용,여,60세,상해없음,승용,남,37세,경상
2021112400100427,2021년 11월 24일 18시,수요일,강원도 춘천시 효자동,경상사고,0,0,1,0,차대사람 - 기타,안전운전불이행,건조,맑음,단일로 - 기타,개인형이동수단(PM),남,21세,상해없음,보행자,남,58세,경상
2021112400100428,2021년 11월 24일 18시,수요일,강원도 원주시 문막읍,경상사고,0,0,1,0,차대차 - 기타,직진우회전진행방해,건조,맑음,교차로 - 교차로안,승용,남,60세,상해없음,승용,여,58세,경상
2021112400100429,2021년 11월 24일 18시,수요일,강원도 원주시 명륜동,경상사고,0,0,1,0,차대차 - 기타,안전거리미확보,건조,맑음,단일로 - 기타,승용,남,70세,상해없음,승용,남,33세,경상
2021112400100480,2021년 11월 24일 19시,수요일,강원도 원주시 반곡동,중상사고,0,1,1,0,차대차 - 추돌,안전운전불이행,건조,맑음,단일로 - 기타,이륜,남,51세,중상,승용,남,29세,경상
2021112400100515,2021년 11월 24일 20시,수요일,강원도 춘천시 효자동,중상사고,0,1,0,0,차대사람 - 횡단중,신호위반,건조,맑음,교차로 - 교차로횡단보도내,이륜,남,19세,상해없음,보행자,여,24세,중상
2021112400100535,2021년 11월 24일 21시,수요일,강원도 춘천시 석사동,경상사고,0,0,1,0,차대차 - 기타,안전운전불이행,건조,맑음,교차로 - 교차로부근,승용,남,50세,상해없음,승용,여,41세,경상
2021112400100536,2021년 11월 24일 21시,수요일,강원도 정선군 고한읍,경상사고,0,0,1,0,차대차 - 기타,안전운전불이행,건조,맑음,단일로 - 기타,특수,남,54세,경상,건설기계,남,33세,기타불명
2021112400100537,2021년 11월 24일 21시,수요일,강원도 인제군 인제읍,경상사고,0,0,1,0,차대차 - 측면충돌,안전운전불이행,건조,맑음,교차로 - 교차로안,화물,남,57세,상해없음,승용,남,64세,상해없음
2021112400100570,2021년 11월 24일 23시,수요일,강원도 양양군 손양면,경상사고,0,0,1,0,차량단독 - 공작물충돌,안전운전불이행,건조,맑음,단일로 - 기타,승용,남,26세,상해없음,,,,
2021112400100571,2021년 11월 24일 23시,수요일,강원도 화천군 사내면,중상사고,0,1,1,0,차량단독 - 도로외이탈 - 추락,안전운전불이행,건조,맑음,교차로 - 교차로부근,승용,여,22세,경상,,,,
2021112500100009,2021년 11월 25일 00시,목요일,강원도 동해시 발한동,중상사고,0,1,0,0,차대차 - 측면충돌,교차로운행방법위반,건조,맑음,교차로 - 교차로부근,승용,남,51세,상해없음,승용,남,34세,중상
2021112500100077,2021년 11월 25일 07시,목요일,강원도 원주시 소초면,중상사고,0,2,1,0,차대차 - 추돌,안전운전불이행,기타,기타,단일로 - 기타,화물,남,58세,상해없음,화물,여,66세,중상
2021112500100078,2021년 11월 25일 07시,목요일,강원도 횡성군 횡성읍,경상사고,0,0,3,0,차대차 - 측면충돌,안전운전불이행,서리/결빙,흐림,단일로 - 교량,화물,남,62세,상해없음,화물,남,57세,경상
2021112500100113,2021년 11월 25일 08시,목요일,강원도 원주시 명륜동,경상사고,0,0,1,0,차대사람 - 횡단중,안전운전불이행,건조,맑음,단일로 - 기타,승용,여,42세,상해없음,보행자,남,12세,경상
2021112500100114,2021년 11월 25일 08시,목요일,강원도 원주시 단계동,경상사고,0,0,1,0,차대차 - 기타,신호위반,건조,맑음,교차로 - 교차로안,승용,남,66세,상해없음,승용,남,61세,경상
2021112500100115,2021년 11월 25일 08시,목요일,강원도 동해시 평릉동,경상사고,0,0,2,0,차대차 - 추돌,안전운전불이행,건조,맑음,단일로 - 기타,승용,남,55세,상해없음,승용,여,38세,경상
2021112500100151,2021년 11월 25일 09시,목요일,강원도 강릉시 홍제동,경상사고,0,0,2,0,차대차 - 측면충돌,중앙선침범,건조,맑음,단일로 - 기타,승용,남,50세,상해없음,승용,여,39세,경상
2021112500100223,2021년 11월 25일 11시,목요일,강원도 춘천시 석사동,중상사고,0,1,0,0,차대차 - 추돌,안전운전불이행,건조,맑음,단일로 - 기타,승용,여,61세,상해없음,이륜,남,31세,중상
2021112500100252,2021년 11월 25일 12시,목요일,강원도 춘천시 퇴계동,중상사고,0,1,0,0,차대차 - 기타,안전운전불이행,건조,맑음,단일로 - 기타,승용,남,72세,상해없음,자전거,남,66세,중상
2021112500100253,2021년 11월 25일 12시,목요일,강원도 강릉시 병산동,중상사고,0,1,1,0,차대차 - 기타,안전운전불이행,건조,맑음,교차로 - 교차로안,승용,남,29세,상해없음,승용,여,47세,경상
2021112500100324,2021년 11월 25일 14시,목요일,강원도 강릉시 성남동,중상사고,0,1,0,0,차대사람 - 횡단중,안전운전불이행,건조,맑음,교차로 - 교차로안,승용,여,35세,상해없음,보행자,여,61세,중상
2021112500100325,2021년 11월 25일 14시,목요일,강원도 인제군 북면,중상사고,0,2,0,0,차대차 - 측면충돌,안전운전불이행,건조,맑음,단일로 - 기타,승용,여,68세,상해없음,화물,남,61세,중상
2021112500100456,2021년 11월 25일 17시,목요일,강원도 원주시 단구동,경상사고,0,0,1,0,차대사람 - 횡단중,보행자보호의무위반,건조,맑음,교차로 - 교차로안,화물,남,44세,상해없음,보행자,남,19세,경상
2021112500100457,2021년 11월 25일 17시,목요일,강원도 태백시 황지동,중상사고,0,1,0,0,차대사람 - 횡단중,보행자보호의무위반,건조,맑음,교차로 - 교차로횡단보도내,승용,여,55세,상해없음,보행자,남,65세,중상
2021112500100513,2021년 11월 25일 18시,목요일,강원도 춘천시 근화동,경상사고,0,0,1,0,차대차 - 측면충돌,신호위반,건조,맑음,교차로 - 교차로안,승용,여,53세,상해없음,원동기,남,20세,경상
2021112500100514,2021년 11월 25일 18시,목요일,강원도 원주시 단계동,경상사고,0,0,1,1,차대차 - 추돌,안전거리미확보,건조,맑음,단일로 - 기타,승용,남,65세,부상신고,이륜,남,37세,경상
2021112500100515,2021년 11월 25일 18시,목요일,강원도 원주시 단구동,중상사고,0,1,0,0,차대사람 - 기타,안전운전불이행,건조,맑음,주차장 - 주차장,승용,남,35세,상해없음,보행자,여,86세,중상
2021112500100571,2021년 11월 25일 19시,목요일,강원도 원주시 반곡동,중상사고,0,2,0,0,차대차 - 측면충돌,안전운전불이행,건조,맑음,교차로 - 교차로안,승용,남,32세,상해없음,승용,남,65세,중상
2021112500100599,2021년 11월 25일 20시,목요일,강원도 속초시 조양동,중상사고,0,1,0,0,차대사람 - 차도통행중,안전운전불이행,건조,맑음,교차로 - 교차로안,승용,남,42세,상해없음,보행자,남,55세,중상
2021112500100600,2021년 11월 25일 20시,목요일,강원도 홍천군 홍천읍,경상사고,0,0,1,0,차대사람 - 횡단중,보행자보호의무위반,건조,맑음,단일로 - 기타,승용,남,34세,상해없음,보행자,남,62세,경상
2021112500100626,2021년 11월 25일 21시,목요일,강원도 춘천시 효자동,경상사고,0,0,2,0,차대차 - 추돌,안전운전불이행,건조,맑음,단일로 - 기타,승용,남,37세,상해없음,승용,남,23세,경상
2021112500100652,2021년 11월 25일 22시,목요일,강원도 춘천시 석사동,경상사고,0,0,4,0,차대차 - 측면충돌,안전운전불이행,건조,맑음,단일로 - 기타,승용,남,52세,경상,승용,남,34세,상해없음
2021112500100653,2021년 11월 25일 22시,목요일,강원도 원주시 단계동,경상사고,0,0,1,0,차대차 - 측면충돌,직진우회전진행방해,건조,맑음,교차로 - 교차로안,승용,남,24세,상해없음,이륜,남,30세,경상
2021112500100669,2021년 11월 25일 23시,목요일,강원도 영월군 영월읍,경상사고,0,0,1,0,차대사람 - 차도통행중,안전운전불이행,건조,맑음,단일로 - 기타,승용,남,61세,상해없음,보행자,남,41세,경상
2021112600100009,2021년 11월 26일 00시,금요일,강원도 속초시 조양동,중상사고,0,2,0,0,차대차 - 추돌,안전운전불이행,건조,맑음,교차로 - 교차로부근,승용,남,45세,상해없음,승용,남,46세,중상