사고번호,사고일시,요일,시군구,사고내용,사망자수,중상자수,경상자수,부상신고자수,사고유형,법규위반,노면상태,기상상태,도로형태,가해운전자 차종,가해운전자 성별,가해운전자 연령,가해운전자 상해정도,피해운전자 차종,피해운전자 성별,피해운전자 연령,피해운전자 상해정도
2021112600100081,2021년 11월 26일 07시,금요일,강원도 홍천군 홍천읍,사망사고,1,1,1,0,차대차 - 추돌,안전운전불이행,건조,맑음,단일로 - 기타,화물,남,68세,사망,건설기계,남,47세,경상
2021112600100082,2021년 11월 26일 07시,금요일,강원도 정선군 사북읍,중상사고,0,2,0,0,차대차 - 기타,안전운전불이행,건조,맑음,단일로 - 기타,승용,남,42세,상해없음,승용,남,38세,중상
2021112600100123,2021년 11월 26일 08시,금요일,강원도 춘천시 동면,경상사고,0,0,1,1,차대차 - 추돌,안전거리미확보,건조,맑음,단일로 - 기타,승용,남,31세,상해없음,승용,여,54세,경상
2021112600100124,2021년 11월 26일 08시,금요일,강원도 원주시 흥업면,중상사고,0,1,0,0,차대차 - 추돌,안전운전불이행,건조,맑음,기타 - 기타,화물,남,67세,기타불명,특수,남,52세,중상
2021112600100178,2021년 11월 26일 09시,금요일,강원도 태백시 황지동,경상사고,0,0,4,0,차대차 - 측면충돌,교차로운행방법위반,건조,맑음,교차로 - 교차로안,승용,남,23세,상해없음,승용,남,44세,경상
2021112600100234,2021년 11월 26일 11시,금요일,강원도 동해시 지흥동,경상사고,0,0,2,0,차대차 - 측면충돌,안전운전불이행,건조,맑음,단일로 - 기타,승용,여,45세,상해없음,승용,남,52세,경상
2021112600100272,2021년 11월 26일 12시,금요일,강원도 동해시 발한동,경상사고,0,0,2,0,차대차 - 측면충돌,안전운전불이행,건조,맑음,교차로 - 교차로안,화물,남,62세,상해없음,승용,남,46세,경상
2021112600100313,2021년 11월 26일 13시,금요일,강원도 강릉시 내곡동,경상사고,0,0,1,0,차대차 - 측면충돌,안전운전불이행,건조,맑음,교차로 - 교차로안,승용,남,71세,상해없음,승용,여,37세,경상
2021112600100314,2021년 11월 26일 13시,금요일,강원도 원주시 무실동,부상신고사고,0,0,0,1,차대차 - 추돌,안전거리미확보,건조,맑음,단일로 - 기타,이륜,남,21세,상해없음,승용,여,57세,부상신고
2021112600100338,2021년 11월 26일 14시,금요일,강원도 강릉시 성남동,경상사고,0,0,1,0,차대사람 - 횡단중,보행자보호의무위반,건조,맑음,교차로 - 교차로부근,승용,남,73세,상해없음,보행자,여,74세,경상
2021112600100383,2021년 11월 26일 15시,금요일,강원도 삼척시 도계읍,중상사고,0,2,0,0,차대차 - 추돌,안전거리미확보,건조,맑음,단일로 - 기타,승용,남,32세,상해없음,승용,남,34세,중상
2021112600100489,2021년 11월 26일 17시,금요일,강원도 태백시 황지동,경상사고,0,0,1,0,차대차 - 추돌,안전운전불이행,건조,맑음,기타 - 기타,승용,여,55세,상해없음,승용,여,46세,경상
2021112600100490,2021년 11월 26일 17시,금요일,강원도 동해시 평릉동,경상사고,0,0,1,0,차대차 - 추돌,안전거리미확보,건조,맑음,단일로 - 기타,승용,여,46세,상해없음,승용,남,47세,경상
2021112600100561,2021년 11월 26일 18시,금요일,강원도 춘천시 근화동,경상사고,0,0,1,0,차대차 - 기타,교차로운행방법위반,건조,맑음,교차로 - 교차로안,승용,여,59세,상해없음,승용,남,27세,경상
2021112600100562,2021년 11월 26일 18시,금요일,강원도 횡성군 공근면,경상사고,0,0,2,2,차대차 - 추돌,안전운전불이행,건조,맑음,교차로 - 교차로부근,화물,남,60세,상해없음,승용,남,30세,부상신고
2021112600100625,2021년 11월 26일 19시,금요일,강원도 속초시 조양동,경상사고,0,0,1,0,차대차 - 정면충돌,신호위반,건조,맑음,교차로 - 교차로안,이륜,남,47세,상해없음,이륜,남,26세,경상
2021112600100626,2021년 11월 26일 19시,금요일,강원도 횡성군 우천면,경상사고,0,0,1,0,차대차 - 측면충돌,안전운전불이행,건조,맑음,교차로 - 교차로부근,승용,남,29세,상해없음,화물,남,65세,경상
2021112600100693,2021년 11월 26일 21시,금요일,강원도 원주시 명륜동,경상사고,0,0,4,0,차대차 - 추돌,안전운전불이행,건조,맑음,교차로 - 교차로부근,승용,여,23세,기타불명,승용,남,36세,경상
2021112600100717,2021년 11월 26일 22시,금요일,강원도 춘천시 후평동,경상사고,0,0,1,0,차대사람 - 보도통행중,기타,건조,맑음,기타 - 기타,승용,여,51세,상해없음,보행자,남,60세,경상
2021112600100736,2021년 11월 26일 23시,금요일,강원도 원주시 호저면,중상사고,0,1,0,0,차대차 - 기타,신호위반,건조,맑음,교차로 - 교차로안,승용,남,26세,상해없음,승용,남,38세,중상
2021112600100737,2021년 11월 26일 23시,금요일,강원도 동해시 천곡동,경상사고,0,0,1,0,차대차 - 측면충돌,안전운전불이행,건조,맑음,단일로 - 기타,승용,남,44세,상해없음,승용,남,39세,경상
2021112700100022,2021년 11월 27일 01시,토요일,강원도 춘천시 석사동,중상사고,0,1,0,0,차대사람 - 횡단중,안전운전불이행,건조,맑음,교차로 - 교차로횡단보도내,승용,남,52세,기타불명,보행자,남,19세,중상
2021112700100033,2021년 11월 27일 03시,토요일,강원도 춘천시 우두동,경상사고,0,0,1,0,차대차 - 측면충돌,안전운전불이행,건조,기타,단일로 - 기타,승용,남,24세,상해없음,이륜,남,56세,경상
2021112700100059,2021년 11월 27일 06시,토요일,강원도 원주시 태장동,사망사고,1,0,0,0,차대사람 - 횡단중,안전운전불이행,건조,맑음,단일로 - 기타,화물,남,68세,상해없음,보행자,남,62세,사망
2021112700100072,2021년 11월 27일 07시,토요일,강원도 동해시 용정동,경상사고,0,0,1,0,차대차 - 추돌,안전운전불이행,건조,맑음,단일로 - 기타,승용,남,68세,상해없음,자전거,남,54세,경상
2021112700100080,2021년 11월 27일 08시,토요일,강원도 강릉시 노암동,경상사고,0,0,1,0,차대차 - 추돌,안전운전불이행,건조,맑음,교차로 - 교차로부근,승용,남,72세,상해없음,승용,여,50세,경상
2021112700100081,2021년 11월 27일 08시,토요일,강원도 원주시 반곡동,경상사고,0,0,2,0,차대차 - 추돌,안전운전불이행,건조,맑음,교차로 - 교차로안,승용,남,62세,상해없음,승용,여,50세,경상
2021112700100082,2021년 11월 27일 08시,토요일,강원도 원주시 우산동,중상사고,0,1,0,0,차대차 - 측면충돌,직진우회전진행방해,건조,맑음,교차로 - 교차로안,승용,여,58세,상해없음,승용,여,24세,중상
2021112700100205,2021년 11월 27일 12시,토요일,강원도 삼척시 남양동,중상사고,0,1,0,0,차대차 - 측면충돌,안전거리미확보,건조,맑음,단일로 - 지하차도(도로)내,승용,남,62세,상해없음,원동기,남,41세,중상
2021112700100248,2021년 11월 27일 13시,토요일,강원도 속초시 장사동,경상사고,0,0,2,0,차대차 - 측면충돌,차로위반,건조,맑음,단일로 - 고가도로위,건설기계,남,64세,상해없음,승용,여,51세,경상
2021112700100249,2021년 11월 27일 13시,토요일,강원도 동해시 망상동,경상사고,0,0,1,0,차대차 - 측면충돌,신호위반,건조,맑음,교차로 - 교차로안,승용,여,60세,상해없음,승용,여,25세,경상
2021112700100250,2021년 11월 27일 13시,토요일,강원도 원주시 호저면,경상사고,0,0,3,0,차대차 - 추돌,안전거리미확보,건조,맑음,단일로 - 기타,승합,남,62세,상해없음,승용,남,19세,경상
2021112700100297,2021년 11월 27일 14시,토요일,강원도 양양군 양양읍,경상사고,0,0,2,0,차대차 - 측면충돌,직진우회전진행방해,건조,맑음,교차로 - 교차로안,승용,여,65세,상해없음,승용,남,52세,경상
2021112700100379,2021년 11월 27일 16시,토요일,강원도 춘천시 중앙로2가,부상신고사고,0,0,0,2,차대차 - 기타,기타,건조,맑음,단일로 - 기타,승용,여,71세,기타불명,승용,남,64세,부상신고
2021112700100417,2021년 11월 27일 17시,토요일,강원도 춘천시 퇴계동,중상사고,0,1,0,0,차대사람 - 횡단중,안전운전불이행,건조,맑음,단일로 - 기타,승용,남,72세,기타불명,보행자,여,79세,중상
2021112700100418,2021년 11월 27일 17시,토요일,강원도 원주시 판부면,경상사고,0,0,1,0,차대사람 - 횡단중,신호위반,건조,맑음,단일로 - 기타,승용,남,46세,상해없음,보행자,남,11세,경상
2021112700100419,2021년 11월 27일 17시,토요일,강원도 원주시 단계동,경상사고,0,0,1,0,차대사람 - 기타,교차로운행방법위반,건조,맑음,단일로 - 기타,승합,남,56세,상해없음,보행자,여,49세,경상
2021112700100420,2021년 11월 27일 17시,토요일,강원도 홍천군 홍천읍,경상사고,0,0,6,0,차대차 - 추돌,안전거리미확보,건조,맑음,단일로 - 기타,승용,남,59세,기타불명,승용,여,52세,경상
2021112700100421,2021년 11월 27일 17시,토요일,강원도 홍천군 홍천읍,경상사고,0,0,1,0,차대차 - 추돌,직진우회전진행방해,건조,맑음,교차로 - 교차로안,화물,남,71세,상해없음,승용,남,56세,경상
2021112700100422,2021년 11월 27일 17시,토요일,강원도 평창군 봉평면,경상사고,0,0,1,0,차대차 - 추돌,안전운전불이행,건조,맑음,단일로 - 기타,승용,여,25세,경상,화물,남,71세,상해없음
2021112700100597,2021년 11월 27일 23시,토요일,강원도 강릉시 유천동,경상사고,0,0,1,0,차대차 - 측면충돌,신호위반,건조,맑음,교차로 - 교차로안,승용,남,34세,상해없음,승용,남,26세,경상
2021112800100009,2021년 11월 28일 00시,일요일,강원도 동해시 구호동,경상사고,0,0,1,0,차대차 - 측면충돌,안전운전불이행,건조,맑음,단일로 - 기타,승용,남,25세,상해없음,승용,남,66세,경상
2021112800100112,2021년 11월 28일 10시,일요일,강원도 춘천시 삼천동,경상사고,0,0,2,0,차대차 - 측면충돌,안전거리미확보,건조,맑음,교차로 - 교차로부근,승용,남,61세,상해없음,승용,남,51세,경상
2021112800100113,2021년 11월 28일 10시,일요일,강원도 고성군 죽왕면,경상사고,0,0,4,0,차대차 - 추돌,안전운전불이행,건조,맑음,교차로 - 교차로부근,화물,남,60세,상해없음,승용,남,41세,경상
2021112800100137,2021년 11월 28일 11시,일요일,강원도 강릉시 옥천동,사망사고,1,0,0,0,차대사람 - 차도통행중,안전운전불이행,건조,맑음,단일로 - 기타,승용,남,50세,상해없음,보행자,여,65세,사망
2021112800100138,2021년 11월 28일 11시,일요일,강원도 평창군 대관령면,경상사고,0,0,1,0,차대차 - 측면충돌,안전운전불이행,건조,맑음,주차장 - 주차장,승용,남,38세,상해없음,승용,남,34세,경상
2021112800100170,2021년 11월 28일 12시,일요일,강원도 춘천시 후평동,경상사고,0,0,1,0,차대차 - 기타,신호위반,건조,맑음,교차로 - 교차로안,승합,남,48세,상해없음,승용,여,59세,경상
2021112800100171,2021년 11월 28일 12시,일요일,강원도 강릉시 교동,경상사고,0,0,4,0,차대차 - 추돌,안전운전불이행,건조,맑음,단일로 - 기타,승용,여,20세,상해없음,승용,남,49세,경상
2021112800100197,2021년 11월 28일 13시,일요일,강원도 삼척시 당저동,경상사고,0,0,1,0,차대차 - 추돌,안전운전불이행,건조,맑음,단일로 - 기타,승용,남,62세,상해없음,승용,남,63세,경상
2021112800100198,2021년 11월 28일 13시,일요일,강원도 동해시 천곡동,중상사고,0,1,1,0,차대차 - 측면충돌,직진우회전진행방해,건조,맑음,교차로 - 교차로안,승용,남,44세,상해없음,승용,남,32세,상해없음
2021112800100232,2021년 11월 28일 14시,일요일,강원도 춘천시 온의동,경상사고,0,0,1,0,차대차 - 측면충돌,신호위반,건조,맑음,교차로 - 교차로안,승용,여,53세,상해없음,이륜,남,30세,경상
2021112800100233,2021년 11월 28일 14시,일요일,강원도 동해시 삼화동,중상사고,0,5,7,0,차대차 - 정면충돌,중앙선침범,건조,맑음,단일로 - 기타,승용,여,26세,상해없음,승합,남,61세,경상
2021112800100266,2021년 11월 28일 15시,일요일,강원도 강릉시 포남동,경상사고,0,0,4,0,차대차 - 측면충돌,안전운전불이행,건조,맑음,단일로 - 기타,이륜,남,42세,기타불명,승용,남,43세,경상
2021112800100267,2021년 11월 28일 15시,일요일,강원도 원주시 학성동,중상사고,0,1,0,0,차대차 - 측면충돌,신호위반,건조,맑음,교차로 - 교차로안,승용,남,35세,상해없음,이륜,남,28세,중상
2021112800100268,2021년 11월 28일 15시,일요일,강원도 속초시 조양동,경상사고,0,0,1,0,차대차 - 측면충돌,교차로운행방법위반,건조,맑음,교차로 - 교차로안,이륜,남,48세,상해없음,승용,남,24세,경상
2021112800100269,2021년 11월 28일 15시,일요일,강원도 평창군 방림면,경상사고,0,0,2,0,차대차 - 기타,중앙선침범,건조,맑음,기타 - 기타,승용,남,66세,상해없음,승용,남,52세,경상
2021112800100270,2021년 11월 28일 15시,일요일,강원도 횡성군 횡성읍,경상사고,0,0,1,0,차대차 - 기타,안전운전불이행,건조,맑음,단일로 - 기타,승용,여,51세,상해없음,승합,남,53세,경상
2021112800100319,2021년 11월 28일 17시,일요일,강원도 정선군 임계면,중상사고,0,1,3,0,차대차 - 기타,안전운전불이행,건조,맑음,단일로 - 기타,승용,여,61세,경상,화물,남,38세,기타불명
2021112800100320,2021년 11월 28일 17시,일요일,강원도 횡성군 횡성읍,경상사고,0,0,1,0,차대차 - 기타,교차로운행방법위반,건조,맑음,교차로 - 교차로안,승용,남,56세,상해없음,승용,남,27세,경상
2021112800100387,2021년 11월 28일 19시,일요일,강원도 춘천시 효자동,경상사고,0,0,1,0,차대차 - 기타,중앙선침범,건조,맑음,단일로 - 기타,원동기,남,28세,상해없음,자전거,남,40세,경상
2021112800100388,2021년 11월 28일 19시,일요일,강원도 원주시 흥업면,중상사고,0,1,0,0,차대차 - 측면충돌,신호위반,건조,맑음,교차로 - 교차로안,승용,여,52세,기타불명,원동기,남,24세,중상
2021112800100389,2021년 11월 28일 19시,일요일,강원도 영월군 영월읍,중상사고,0,1,1,0,차대차 - 측면충돌,교차로운행방법위반,건조,맑음,교차로 - 교차로안,승용,남,39세,경상,화물,남,47세,중상
2021112900100042,2021년 11월 29일 06시,월요일,강원도 원주시 흥업면,경상사고,0,0,5,0,차대차 - 추돌,안전거리미확보,건조,흐림,단일로 - 기타,화물,남,63세,상해없음,화물,남,47세,경상
2021112900100073,2021년 11월 29일 07시,월요일,강원도 춘천시 우두동,중상사고,0,1,2,0,차대차 - 정면충돌,신호위반,건조,맑음,교차로 - 교차로부근,승용,남,63세,경상,승용,남,26세,경상
2021112900100108,2021년 11월 29일 08시,월요일,강원도 동해시 이도동,경상사고,0,0,1,0,차대차 - 측면충돌,안전운전불이행,건조,맑음,단일로 - 기타,승용,남,70세,상해없음,승용,여,30세,경상
2021112900100156,2021년 11월 29일 09시,월요일,강원도 춘천시 신북읍,중상사고,0,1,0,0,차대사람 - 횡단중,보행자보호의무위반,건조,맑음,교차로 - 교차로부근,승용,여,54세,상해없음,보행자,여,60세,중상
2021112900100183,2021년 11월 29일 10시,월요일,강원도 영월군 영월읍,중상사고,0,1,0,0,차대차 - 정면충돌,안전운전불이행,건조,맑음,단일로 - 기타,화물,남,44세,상해없음,승용,남,75세,중상
2021112900100207,2021년 11월 29일 11시,월요일,강원도 홍천군 화촌면,경상사고,0,0,3,0,차대차 - 측면충돌,직진우회전진행방해,건조,맑음,교차로 - 교차로안,화물,남,69세,경상,화물,남,60세,경상
2021112900100238,2021년 11월 29일 12시,월요일,강원도 원주시 호저면,경상사고,0,0,1,0,차대차 - 측면충돌,안전운전불이행,건조,맑음,단일로 - 기타,화물,남,32세,상해없음,승용,여,25세,경상
2021112900100309,2021년 11월 29일 14시,월요일,강원도 강릉시 초당동,경상사고,0,0,1,0,차대차 - 측면충돌,안전운전불이행,건조,맑음,교차로 - 교차로안,화물,남,63세,상해없음,승용,여,62세,경상
2021112900100357,2021년 11월 29일 15시,월요일,강원도 영월군 영월읍,중상사고,0,1,0,0,차대사람 - 차도통행중,안전운전불이행,건조,맑음,교차로 - 교차로부근,승용,남,62세,상해없음,보행자,여,67세,중상
2021112900100402,2021년 11월 29일 16시,월요일,강원도 춘천시 근화동,중상사고,0,1,0,0,차대차 - 기타,신호위반,건조,맑음,교차로 - 교차로부근,승용,여,23세,상해없음,이륜,남,58세,중상
2021112900100403,2021년 11월 29일 16시,월요일,강원도 강릉시 내곡동,경상사고,0,0,1,0,차대사람 - 횡단중,보행자보호의무위반,건조,맑음,교차로 - 교차로부근,승용,남,27세,상해없음,보행자,여,22세,경상
2021112900100441,2021년 11월 29일 17시,월요일,강원도 춘천시 동산면,중상사고,0,1,1,0,차대차 - 추돌,안전운전불이행,건조,맑음,단일로 - 기타,승합,남,65세,경상,화물,남,51세,기타불명
2021112900100494,2021년 11월 29일 18시,월요일,강원도 태백시 황지동,경상사고,0,0,2,0,차대차 - 측면충돌,교차로운행방법위반,건조,맑음,교차로 - 교차로부근,승용,남,45세,상해없음,승용,남,63세,경상
2021112900100541,2021년 11월 29일 19시,월요일,강원도 원주시 단구동,중상사고,0,1,0,0,차대사람 - 기타,안전운전불이행,건조,맑음,교차로 - 교차로안,승용,남,55세,상해없음,보행자,남,58세,중상
2021112900100621,2021년 11월 29일 22시,월요일,강원도 원주시 단계동,중상사고,0,1,0,0,차대차 - 기타,안전운전불이행,건조,맑음,단일로 - 기타,승용,여,62세,상해없음,이륜,남,53세,중상
2021112900100637,2021년 11월 29일 23시,월요일,강원도 강릉시 입암동,중상사고,0,1,4,0,차대차 - 기타,안전운전불이행,건조,맑음,교차로 - 교차로안,승용,남,58세,기타불명,승용,남,41세,경상
2021113000100053,2021년 11월 30일 06시,화요일,강원도 태백시 황지동,경상사고,0,0,1,0,차대차 - 측면충돌,교차로운행방법위반,건조,맑음,교차로 - 교차로안,승용,남,72세,상해없음,승용,남,52세,경상
2021113000100091,2021년 11월 30일 07시,화요일,강원도 태백시 동점동,경상사고,0,0,2,0,차대차 - 추돌,안전운전불이행,서리/결빙,눈,단일로 - 터널,승용,여,38세,상해없음,승용,남,41세,경상
2021113000100092,2021년 11월 30일 07시,화요일,강원도 태백시 동점동,경상사고,0,0,2,1,차대차 - 측면충돌,안전운전불이행,서리/결빙,눈,단일로 - 기타,승용,남,52세,경상,건설기계,남,37세,부상신고
2021113000100093,2021년 11월 30일 07시,화요일,강원도 태백시 동점동,경상사고,0,0,3,0,차대차 - 측면충돌,안전운전불이행,서리/결빙,눈,단일로 - 기타,승용,남,40세,경상,승용,남,52세,경상
2021113000100094,2021년 11월 30일 07시,화요일,강원도 정선군 북평면,중상사고,0,1,1,0,차량단독 - 기타,안전운전불이행,서리/결빙,비,단일로 - 기타,화물,남,62세,중상,,,,
2021113000100095,2021년 11월 30일 07시,화요일,강원도 평창군 봉평면,중상사고,0,1,0,0,차대차 - 측면충돌,안전운전불이행,서리/결빙,비,단일로 - 기타,화물,남,52세,상해없음,화물,남,55세,중상
2021113000100130,2021년 11월 30일 08시,화요일,강원도 원주시 단구동,경상사고,0,0,1,0,차대차 - 정면충돌,안전운전불이행,젖음/습기,비,교차로 - 교차로부근,승용,남,58세,상해없음,승용,남,63세,경상
2021113000100131,2021년 11월 30일 08시,화요일,강원도 영월군 영월읍,중상사고,0,2,0,0,차량단독 - 전도전복 - 전도,안전운전불이행,서리/결빙,눈,단일로 - 기타,화물,여,53세,상해없음,,,,
2021113000100132,2021년 11월 30일 08시,화요일,강원도 평창군 평창읍,중상사고,0,1,0,0,차대차 - 정면충돌,안전운전불이행,서리/결빙,비,단일로 - 터널,화물,남,37세,상해없음,승용,여,38세,중상
2021113000100133,2021년 11월 30일 08시,화요일,강원도 평창군 용평면,중상사고,0,1,0,0,차대차 - 측면충돌,기타,젖음/습기,눈,교차로 - 교차로안,승용,남,57세,상해없음,승용,여,34세,중상
2021113000100134,2021년 11월 30일 08시,화요일,강원도 정선군 신동읍,중상사고,0,1,1,0,차대차 - 추돌,안전운전불이행,서리/결빙,맑음,기타 - 기타,화물,남,48세,상해없음,화물,남,49세,상해없음
2021113000100135,2021년 11월 30일 08시,화요일,강원도 정선군 정선읍,경상사고,0,0,1,0,차대차 - 기타,안전운전불이행,서리/결빙,흐림,단일로 - 기타,승용,여,58세,상해없음,승용,남,48세,상해없음
2021113000100136,2021년 11월 30일 08시,화요일,강원도 정선군 정선읍,중상사고,0,1,3,0,차대차 - 기타,안전운전불이행,서리/결빙,비,기타 - 기타,승용,여,38세,상해없음,승용,여,45세,중상
2021113000100137,2021년 11월 30일 08시,화요일,강원도 정선군 남면,경상사고,0,0,1,0,차대차 - 기타,안전운전불이행,서리/결빙,비,단일로 - 기타,화물,남,60세,기타불명,화물,남,40세,경상
2021113000100138,2021년 11월 30일 08시,화요일,강원도 정선군 정선읍,중상사고,0,1,0,0,차대차 - 기타,안전운전불이행,서리/결빙,맑음,단일로 - 기타,승용,남,57세,상해없음,승용,남,70세,중상
2021113000100139,2021년 11월 30일 08시,화요일,강원도 동해시 동회동,중상사고,0,1,0,0,차대사람 - 차도통행중,안전운전불이행,건조,맑음,단일로 - 기타,화물,남,52세,상해없음,보행자,여,16세,중상
2021113000100213,2021년 11월 30일 10시,화요일,강원도 철원군 서면,경상사고,0,0,1,0,차대차 - 측면충돌,안전운전불이행,젖음/습기,비,교차로 - 교차로안,화물,남,76세,상해없음,화물,남,64세,상해없음
2021113000100247,2021년 11월 30일 11시,화요일,강원도 강릉시 연곡면,경상사고,0,0,1,0,차대사람 - 횡단중,안전운전불이행,젖음/습기,비,단일로 - 기타,이륜,남,61세,상해없음,보행자,남,68세,경상
2021113000100278,2021년 11월 30일 12시,화요일,강원도 강릉시 교동,중상사고,0,1,0,0,차대차 - 정면충돌,중앙선침범,건조,맑음,단일로 - 기타,승용,여,38세,상해없음,원동기,남,40세,중상
2021113000100330,2021년 11월 30일 14시,화요일,강원도 강릉시 성산면,경상사고,0,0,1,0,차대차 - 기타,중앙선침범,건조,맑음,교차로 - 교차로부근,승용,남,27세,상해없음,승용,남,26세,경상
2021113000100331,2021년 11월 30일 14시,화요일,강원도 태백시 황지동,경상사고,0,0,2,0,차대차 - 측면충돌,교차로운행방법위반,젖음/습기,비,교차로 - 교차로안,승용,남,61세,상해없음,승용,남,41세,경상
2021113000100398,2021년 11월 30일 16시,화요일,강원도 원주시 문막읍,경상사고,0,0,2,0,차대차 - 측면충돌,신호위반,건조,흐림,교차로 - 교차로안,승용,남,48세,상해없음,승합,남,63세,경상
2021113000100442,2021년 11월 30일 17시,화요일,강원도 춘천시 신동면,중상사고,0,1,0,0,차대사람 - 길가장자리구역통행중,안전운전불이행,젖음/습기,비,단일로 - 기타,승용,여,51세,상해없음,보행자,여,62세,중상
2021113000100443,2021년 11월 30일 17시,화요일,강원도 홍천군 홍천읍,경상사고,0,0,2,0,차대차 - 측면충돌,직진우회전진행방해,젖음/습기,비,교차로 - 교차로안,승용,여,62세,상해없음,승용,남,63세,경상
2021113000100444,2021년 11월 30일 17시,화요일,강원도 정선군 정선읍,경상사고,0,0,1,0,차대사람 - 횡단중,안전운전불이행,젖음/습기,비,단일로 - 기타,화물,남,67세,상해없음,보행자,여,25세,경상
2021113000100498,2021년 11월 30일 18시,화요일,강원도 춘천시 효자동,경상사고,0,0,1,0,차대사람 - 기타,안전운전불이행,젖음/습기,비,교차로 - 교차로부근,기타불명,기타불명,미분류,기타불명,보행자,남,24세,경상
2021113000100499,2021년 11월 30일 18시,화요일,강원도 양구군 양구읍,경상사고,0,0,1,0,차대차 - 추돌,신호위반,젖음/습기,비,교차로 - 교차로안,화물,남,68세,상해없음,승용,남,28세,경상
2021113000100551,2021년 11월 30일 19시,화요일,강원도 원주시 반곡동,사망사고,1,0,0,0,차대차 - 기타,안전운전불이행,건조,맑음,단일로 - 기타,승용,남,54세,상해없음,승용,여,27세,상해없음
2021113000100552,2021년 11월 30일 19시,화요일,강원도 속초시 조양동,경상사고,0,0,1,0,차대차 - 측면충돌,차로위반,젖음/습기,비,단일로 - 기타,승용,여,31세,상해없음,승용,남,41세,경상
2021113000100583,2021년 11월 30일 20시,화요일,강원도 정선군 정선읍,경상사고,0,0,1,0,차대차 - 정면충돌,중앙선침범,건조,맑음,기타 - 기타,승용,남,64세,상해없음,승용,남,39세,경상
2021113000100621,2021년 11월 30일 21시,화요일,강원도 원주시 무실동,경상사고,0,0,1,0,차대사람 - 횡단중,보행자보호의무위반,건조,맑음,단일로 - 기타,승용,남,59세,상해없음,보행자,남,45세,경상
2021113000100635,2021년 11월 30일 22시,화요일,강원도 춘천시 후평동,경상사고,0,0,3,0,차대차 - 정면충돌,중앙선침범,젖음/습기,비,교차로 - 교차로부근,승용,남,27세,경상,승용,남,31세,경상
2021113000100651,2021년 11월 30일 23시,화요일,강원도 춘천시 소양로1가,경상사고,0,0,1,0,차대차 - 추돌,안전운전불이행,건조,맑음,교차로 - 교차로부근,승용,여,53세,상해없음,승용,남,69세,경상
2021120100100184,2021년 12월 1일 10시,수요일,강원도 속초시 교동,경상사고,0,0,1,0,차대차 - 측면충돌,신호위반,건조,맑음,교차로 - 교차로안,화물,남,68세,상해없음,원동기,남,41세,경상
2021120100100216,2021년 12월 1일 11시,수요일,강원도 원주시 단구동,경상사고,0,0,1,0,차대차 - 추돌,교차로운행방법위반,건조,맑음,교차로 - 교차로안,승용,남,57세,상해없음,이륜,남,38세,경상
2021120100100333,2021년 12월 1일 15시,수요일,강원도 원주시 명륜동,경상사고,0,0,1,0,차대사람 - 횡단중,보행자보호의무위반,건조,맑음,교차로 - 교차로안,승용,남,57세,상해없음,보행자,여,69세,경상
2021120100100334,2021년 12월 1일 15시,수요일,강원도 원주시 평원동,경상사고,0,0,1,0,차대차 - 측면충돌,안전운전불이행,건조,맑음,단일로 - 기타,승용,남,64세,상해없음,승용,남,64세,경상
2021120100100367,2021년 12월 1일 16시,수요일,강원도 강릉시 강동면,경상사고,0,0,2,0,차대차 - 측면충돌,안전운전불이행,건조,맑음,교차로 - 교차로부근,승용,남,56세,기타불명,승합,남,62세,경상
2021120100100406,2021년 12월 1일 17시,수요일,강원도 춘천시 퇴계동,부상신고사고,0,0,0,1,차대차 - 기타,교차로운행방법위반,건조,맑음,교차로 - 교차로안,승용,남,47세,상해없음,원동기,남,50세,부상신고
2021120100100407,2021년 12월 1일 17시,수요일,강원도 정선군 사북읍,경상사고,0,0,1,0,차대차 - 기타,안전운전불이행,건조,맑음,단일로 - 기타,화물,남,43세,상해없음,승용,남,77세,경상
2021120100100472,2021년 12월 1일 18시,수요일,강원도 속초시 조양동,경상사고,0,0,1,0,차대차 - 측면충돌,교차로운행방법위반,건조,맑음,교차로 - 교차로안,승용,여,28세,상해없음,이륜,남,49세,경상
2021120100100535,2021년 12월 1일 19시,수요일,강원도 원주시 개운동,경상사고,0,0,2,0,차대차 - 추돌,안전거리미확보,건조,맑음,교차로 - 교차로부근,승용,남,65세,상해없음,승합,남,40세,경상
2021120200100010,2021년 12월 2일 00시,목요일,강원도 정선군 고한읍,경상사고,0,0,2,0,차대차 - 기타,중앙선침범,건조,맑음,교차로 - 교차로부근,승용,남,72세,상해없음,승용,남,55세,경상
2021120200100067,2021년 12월 2일 07시,목요일,강원도 원주시 일산동,경상사고,0,0,1,0,차대사람 - 횡단중,보행자보호의무위반,건조,맑음,단일로 - 기타,승용,여,61세,상해없음,보행자,남,13세,경상
2021120200100112,2021년 12월 2일 08시,목요일,강원도 춘천시 퇴계동,경상사고,0,0,1,0,차대차 - 측면충돌,신호위반,건조,맑음,교차로 - 교차로안,승용,남,73세,상해없음,승용,남,66세,경상