사고번호,사고일시,요일,시군구,사고내용,사망자수,중상자수,경상자수,부상신고자수,사고유형,법규위반,노면상태,기상상태,도로형태,가해운전자 차종,가해운전자 성별,가해운전자 연령,가해운전자 상해정도,피해운전자 차종,피해운전자 성별,피해운전자 연령,피해운전자 상해정도
2021120200100143,2021년 12월 2일 09시,목요일,강원도 동해시 천곡동,경상사고,0,0,1,0,차대사람 - 횡단중,보행자보호의무위반,건조,맑음,교차로 - 교차로부근,승용,여,47세,상해없음,보행자,여,54세,경상
2021120200100175,2021년 12월 2일 10시,목요일,강원도 춘천시 석사동,부상신고사고,0,0,0,1,차량단독 - 기타,안전운전불이행,건조,맑음,단일로 - 기타,승합,남,56세,상해없음,,,,
2021120200100244,2021년 12월 2일 12시,목요일,강원도 춘천시 후평동,경상사고,0,0,1,0,차량단독 - 기타,안전운전불이행,건조,맑음,단일로 - 기타,승합,남,45세,상해없음,,,,
2021120200100245,2021년 12월 2일 12시,목요일,강원도 정선군 임계면,중상사고,0,1,0,0,차량단독 - 기타,안전운전불이행,건조,맑음,기타 - 기타,원동기,남,42세,중상,,,,
2021120200100310,2021년 12월 2일 14시,목요일,강원도 춘천시 신북읍,부상신고사고,0,0,0,1,차대차 - 측면충돌,직진우회전진행방해,건조,맑음,교차로 - 교차로안,화물,남,23세,상해없음,승용,남,80세,부상신고
2021120200100312,2021년 12월 2일 14시,목요일,강원도 원주시 일산동,경상사고,0,0,1,0,차대차 - 기타,직진우회전진행방해,건조,맑음,교차로 - 교차로안,이륜,남,24세,상해없음,승용,남,35세,경상
2021120200100421,2021년 12월 2일 17시,목요일,강원도 원주시 단계동,부상신고사고,0,0,0,1,차대차 - 측면충돌,안전거리미확보,건조,맑음,교차로 - 교차로안,승용,남,76세,상해없음,승용,남,52세,부상신고
2021120200100422,2021년 12월 2일 17시,목요일,강원도 원주시 학성동,중상사고,0,1,0,0,차대차 - 측면충돌,교차로운행방법위반,건조,맑음,교차로 - 교차로안,승용,남,56세,상해없음,승용,남,62세,중상
2021120200100423,2021년 12월 2일 17시,목요일,강원도 홍천군 홍천읍,경상사고,0,0,1,0,차대사람 - 길가장자리구역통행중,안전운전불이행,건조,맑음,단일로 - 기타,승용,여,66세,상해없음,보행자,남,45세,경상
2021120200100475,2021년 12월 2일 18시,목요일,강원도 춘천시 소양로2가,경상사고,0,0,1,0,차대차 - 기타,차로위반,건조,맑음,단일로 - 기타,승용,여,37세,상해없음,승용,남,64세,경상
2021120200100476,2021년 12월 2일 18시,목요일,강원도 춘천시 퇴계동,경상사고,0,0,1,0,차대차 - 추돌,안전운전불이행,건조,맑음,교차로 - 교차로부근,기타불명,기타불명,미분류,기타불명,승용,남,51세,경상
2021120200100477,2021년 12월 2일 18시,목요일,강원도 원주시 개운동,경상사고,0,0,1,0,차대차 - 기타,중앙선침범,건조,흐림,단일로 - 기타,승용,여,67세,상해없음,승용,남,40세,상해없음
2021120200100523,2021년 12월 2일 19시,목요일,강원도 강릉시 교동,경상사고,0,0,1,0,차대차 - 기타,안전운전불이행,건조,맑음,교차로 - 교차로부근,승용,남,62세,상해없음,승용,남,30세,경상
2021120200100556,2021년 12월 2일 20시,목요일,강원도 원주시 흥업면,경상사고,0,0,5,0,차대차 - 추돌,기타,건조,맑음,단일로 - 기타,승용,여,60세,상해없음,승용,남,38세,경상
2021120200100584,2021년 12월 2일 21시,목요일,강원도 춘천시 석사동,부상신고사고,0,0,0,1,차대사람 - 기타,안전운전불이행,젖음/습기,눈,교차로 - 교차로안,승용,여,27세,상해없음,보행자,여,26세,부상신고
2021120200100606,2021년 12월 2일 22시,목요일,강원도 원주시 명륜동,중상사고,0,1,2,0,차대차 - 추돌,직진우회전진행방해,건조,맑음,교차로 - 교차로안,승용,남,26세,상해없음,승용,남,62세,중상
2021120300100033,2021년 12월 3일 04시,금요일,강원도 원주시 판부면,중상사고,0,1,0,0,차대사람 - 기타,안전운전불이행,젖음/습기,비,단일로 - 고가도로위,승용,남,60세,상해없음,보행자,여,63세,중상
2021120300100162,2021년 12월 3일 08시,금요일,강원도 원주시 흥업면,경상사고,0,0,1,0,차대차 - 정면충돌,중앙선침범,서리/결빙,맑음,단일로 - 기타,승용,여,42세,상해없음,승용,남,26세,경상
2021120300100235,2021년 12월 3일 10시,금요일,강원도 춘천시 후평동,경상사고,0,0,1,0,차대차 - 기타,안전운전불이행,건조,맑음,교차로 - 교차로안,승용,남,26세,상해없음,승용,여,48세,경상
2021120300100236,2021년 12월 3일 10시,금요일,강원도 원주시 단계동,중상사고,0,1,0,0,차대차 - 측면충돌,직진우회전진행방해,건조,맑음,교차로 - 교차로안,승용,여,59세,상해없음,자전거,남,69세,중상
2021120300100274,2021년 12월 3일 11시,금요일,강원도 원주시 호저면,중상사고,0,1,0,0,차대차 - 후진중충돌,안전운전불이행,건조,맑음,단일로 - 기타,화물,남,52세,상해없음,승용,남,52세,중상
2021120300100338,2021년 12월 3일 13시,금요일,강원도 원주시 단구동,경상사고,0,0,1,0,차대차 - 후진중충돌,안전운전불이행,건조,흐림,교차로 - 교차로부근,승용,여,42세,상해없음,승용,여,54세,경상
2021120300100378,2021년 12월 3일 14시,금요일,강원도 원주시 귀래면,중상사고,0,1,0,0,차대사람 - 횡단중,보행자보호의무위반,건조,맑음,교차로 - 교차로안,승용,여,78세,상해없음,보행자,여,80세,중상
2021120300100379,2021년 12월 3일 14시,금요일,강원도 태백시 황지동,경상사고,0,0,1,0,차대차 - 측면충돌,안전운전불이행,건조,맑음,단일로 - 기타,승용,여,76세,상해없음,승용,남,56세,경상
2021120300100416,2021년 12월 3일 15시,금요일,강원도 강릉시 홍제동,경상사고,0,0,1,0,차대사람 - 기타,안전운전불이행,건조,맑음,주차장 - 주차장,승합,남,58세,상해없음,보행자,여,44세,경상
2021120300100417,2021년 12월 3일 15시,금요일,강원도 속초시 조양동,중상사고,0,1,0,0,차대차 - 측면충돌,안전운전불이행,건조,맑음,교차로 - 교차로안,승용,남,53세,상해없음,자전거,남,15세,중상
2021120300100457,2021년 12월 3일 16시,금요일,강원도 원주시 단구동,경상사고,0,0,1,0,차대차 - 측면충돌,안전운전불이행,건조,맑음,교차로 - 교차로부근,승용,남,55세,상해없음,승용,남,31세,경상
2021120300100458,2021년 12월 3일 16시,금요일,강원도 평창군 방림면,중상사고,0,1,3,0,차대차 - 측면충돌,중앙선침범,건조,맑음,단일로 - 기타,화물,남,51세,상해없음,승용,여,39세,중상
2021120300100502,2021년 12월 3일 17시,금요일,강원도 원주시 개운동,경상사고,0,0,1,0,차대차 - 기타,신호위반,건조,맑음,교차로 - 교차로안,화물,남,65세,상해없음,승용,남,42세,경상
2021120300100503,2021년 12월 3일 17시,금요일,강원도 원주시 우산동,경상사고,0,0,1,0,차대차 - 추돌,안전거리미확보,건조,맑음,단일로 - 기타,화물,남,45세,상해없음,승용,남,63세,경상
2021120300100504,2021년 12월 3일 17시,금요일,강원도 원주시 단계동,경상사고,0,0,2,0,차대차 - 추돌,안전운전불이행,건조,맑음,단일로 - 기타,화물,남,67세,상해없음,승용,남,68세,경상
2021120300100553,2021년 12월 3일 18시,금요일,강원도 강릉시 입암동,경상사고,0,0,2,0,차대차 - 정면충돌,중앙선침범,건조,맑음,단일로 - 기타,승용,남,43세,상해없음,승용,여,58세,경상
2021120300100554,2021년 12월 3일 18시,금요일,강원도 영월군 영월읍,경상사고,0,0,1,0,차대차 - 측면충돌,교차로운행방법위반,건조,맑음,교차로 - 교차로안,승용,여,48세,상해없음,승용,여,53세,경상
2021120300100555,2021년 12월 3일 18시,금요일,강원도 인제군 인제읍,중상사고,0,1,2,0,차대차 - 측면충돌,중앙선침범,건조,맑음,단일로 - 기타,승용,남,26세,상해없음,승용,여,40세,상해없음
2021120300100556,2021년 12월 3일 18시,금요일,강원도 동해시 지흥동,중상사고,0,1,4,0,차대차 - 추돌,안전운전불이행,건조,맑음,단일로 - 기타,화물,여,62세,상해없음,승용,남,57세,경상
2021120300100617,2021년 12월 3일 19시,금요일,강원도 춘천시 신북읍,경상사고,0,0,1,0,차대차 - 추돌,안전거리미확보,건조,맑음,단일로 - 기타,승용,남,23세,상해없음,승용,남,21세,경상
2021120400100012,2021년 12월 4일 00시,토요일,강원도 강릉시 옥천동,중상사고,0,1,0,0,차대사람 - 기타,안전운전불이행,건조,맑음,교차로 - 교차로안,승용,남,61세,상해없음,보행자,남,46세,중상
2021120400100064,2021년 12월 4일 06시,토요일,강원도 양양군 서면,중상사고,0,1,0,0,차대사람 - 차도통행중,안전운전불이행,건조,맑음,단일로 - 기타,승용,여,53세,상해없음,보행자,여,80세,중상
2021120400100076,2021년 12월 4일 07시,토요일,강원도 춘천시 석사동,중상사고,0,1,0,0,차대차 - 기타,안전운전불이행,건조,맑음,단일로 - 기타,승용,남,27세,상해없음,승용,여,73세,중상
2021120400100090,2021년 12월 4일 08시,토요일,강원도 삼척시 원덕읍,경상사고,0,0,1,0,차대차 - 추돌,안전운전불이행,건조,맑음,단일로 - 기타,승용,남,33세,상해없음,화물,남,43세,상해없음
2021120400100105,2021년 12월 4일 09시,토요일,강원도 춘천시 동내면,경상사고,0,0,1,0,차대차 - 기타,안전운전불이행,건조,맑음,단일로 - 기타,승용,남,61세,상해없음,승용,여,22세,경상
2021120400100106,2021년 12월 4일 09시,토요일,강원도 삼척시 남양동,경상사고,0,0,1,0,차대차 - 측면충돌,교차로운행방법위반,건조,맑음,교차로 - 교차로안,승용,남,59세,상해없음,승용,여,48세,경상
2021120400100127,2021년 12월 4일 10시,토요일,강원도 춘천시 후평동,경상사고,0,0,3,0,차대차 - 측면충돌,직진우회전진행방해,건조,맑음,교차로 - 교차로안,승용,남,36세,경상,승용,여,60세,경상
2021120400100128,2021년 12월 4일 10시,토요일,강원도 춘천시 신동면,중상사고,0,2,0,0,차대차 - 측면충돌,안전운전불이행,건조,맑음,단일로 - 기타,건설기계,남,62세,상해없음,승용,여,27세,중상
2021120400100159,2021년 12월 4일 11시,토요일,강원도 춘천시 중앙로1가,경상사고,0,0,1,0,차대사람 - 기타,안전운전불이행,건조,맑음,기타 - 기타,승용,남,77세,상해없음,보행자,남,75세,경상
2021120400100160,2021년 12월 4일 11시,토요일,강원도 고성군 토성면,경상사고,0,0,2,0,차대차 - 측면충돌,안전운전불이행,건조,맑음,교차로 - 교차로부근,승용,여,38세,상해없음,화물,남,61세,경상
2021120400100199,2021년 12월 4일 12시,토요일,강원도 강릉시 죽헌동,경상사고,0,0,1,0,차대차 - 측면충돌,안전운전불이행,건조,맑음,교차로 - 교차로안,승용,여,58세,기타불명,승용,남,64세,경상
2021120400100200,2021년 12월 4일 12시,토요일,강원도 원주시 봉산동,중상사고,0,1,0,0,차대사람 - 횡단중,보행자보호의무위반,건조,맑음,교차로 - 교차로횡단보도내,승용,여,64세,상해없음,보행자,남,81세,중상
2021120400100201,2021년 12월 4일 12시,토요일,강원도 태백시 황지동,경상사고,0,0,1,0,차대사람 - 차도통행중,안전운전불이행,건조,맑음,교차로 - 교차로안,승용,여,40세,상해없음,보행자,남,76세,경상
2021120400100236,2021년 12월 4일 13시,토요일,강원도 춘천시 우두동,부상신고사고,0,0,0,1,차대사람 - 횡단중,안전운전불이행,건조,맑음,교차로 - 교차로안,승용,남,47세,상해없음,보행자,남,79세,부상신고
2021120400100237,2021년 12월 4일 13시,토요일,강원도 원주시 단계동,경상사고,0,0,4,0,차대차 - 측면충돌,안전운전불이행,건조,맑음,단일로 - 기타,승용,남,34세,경상,승용,남,32세,경상
2021120400100238,2021년 12월 4일 13시,토요일,강원도 횡성군 공근면,경상사고,0,0,2,0,차대차 - 후진중충돌,안전운전불이행,건조,맑음,교차로 - 교차로안,승용,여,66세,상해없음,화물,남,34세,경상
2021120400100297,2021년 12월 4일 15시,토요일,강원도 강릉시 성남동,경상사고,0,0,2,0,차대차 - 측면충돌,안전운전불이행,건조,맑음,단일로 - 기타,화물,남,52세,상해없음,승용,남,27세,경상
2021120400100361,2021년 12월 4일 17시,토요일,강원도 원주시 태장동,경상사고,0,0,1,0,차대차 - 기타,기타,건조,맑음,교차로 - 교차로안,승용,남,63세,상해없음,승용,여,54세,경상
2021120400100362,2021년 12월 4일 17시,토요일,강원도 홍천군 홍천읍,경상사고,0,0,1,0,차대차 - 측면충돌,직진우회전진행방해,건조,맑음,교차로 - 교차로안,승용,여,68세,상해없음,승용,여,49세,경상
2021120400100401,2021년 12월 4일 18시,토요일,강원도 춘천시 소양로1가,중상사고,0,1,0,0,차대사람 - 횡단중,안전운전불이행,건조,맑음,교차로 - 교차로횡단보도내,승용,남,56세,상해없음,보행자,여,65세,중상
2021120400100402,2021년 12월 4일 18시,토요일,강원도 홍천군 서면,경상사고,0,0,4,0,차량단독 - 도로외이탈 - 기타,안전운전불이행,건조,맑음,단일로 - 기타,승용,남,21세,경상,,,,
2021120400100499,2021년 12월 4일 21시,토요일,강원도 춘천시 효자동,부상신고사고,0,0,0,1,차대차 - 기타,안전거리미확보,건조,맑음,단일로 - 기타,기타불명,기타불명,미분류,기타불명,승용,남,59세,상해없음
2021120400100500,2021년 12월 4일 21시,토요일,강원도 태백시 황지동,경상사고,0,0,1,1,차대차 - 추돌,안전운전불이행,건조,맑음,교차로 - 교차로부근,승용,여,61세,상해없음,승용,남,68세,부상신고
2021120400100529,2021년 12월 4일 22시,토요일,강원도 홍천군 홍천읍,경상사고,0,0,2,0,차대차 - 측면충돌,직진우회전진행방해,건조,맑음,교차로 - 교차로안,승용,남,56세,상해없음,승용,여,62세,경상
2021120400100530,2021년 12월 4일 22시,토요일,강원도 동해시 효가동,경상사고,0,0,7,0,차대차 - 측면충돌,안전운전불이행,건조,맑음,단일로 - 기타,승용,남,42세,상해없음,승용,남,57세,경상
2021120400100555,2021년 12월 4일 23시,토요일,강원도 원주시 우산동,경상사고,0,0,1,0,차대차 - 측면충돌,안전운전불이행,건조,맑음,교차로 - 교차로안,승용,여,41세,상해없음,승용,남,65세,경상
2021120500100018,2021년 12월 5일 01시,일요일,강원도 원주시 단구동,경상사고,0,0,2,0,차대차 - 추돌,안전운전불이행,건조,맑음,단일로 - 기타,승용,남,33세,기타불명,승용,남,62세,경상
2021120500100108,2021년 12월 5일 10시,일요일,강원도 원주시 평원동,중상사고,0,1,0,0,차대차 - 측면충돌,안전운전불이행,건조,맑음,교차로 - 교차로안,이륜,남,66세,중상,승용,여,56세,상해없음
2021120500100159,2021년 12월 5일 12시,일요일,강원도 양양군 서면,중상사고,0,2,2,0,차대차 - 측면충돌,중앙선침범,건조,맑음,단일로 - 고가도로위,승용,남,65세,상해없음,승용,남,46세,중상
2021120500100186,2021년 12월 5일 13시,일요일,강원도 고성군 간성읍,중상사고,0,2,0,0,차량단독 - 공작물충돌,안전운전불이행,건조,맑음,단일로 - 기타,승용,여,69세,중상,,,,
2021120500100218,2021년 12월 5일 14시,일요일,강원도 삼척시 원덕읍,경상사고,0,0,1,0,차대차 - 측면충돌,신호위반,건조,맑음,교차로 - 교차로안,승용,남,35세,상해없음,승용,남,62세,경상
2021120500100242,2021년 12월 5일 15시,일요일,강원도 강릉시 포남동,경상사고,0,0,1,0,차대차 - 기타,안전운전불이행,건조,맑음,교차로 - 교차로안,승용,여,62세,상해없음,승용,여,56세,경상
2021120500100272,2021년 12월 5일 16시,일요일,강원도 춘천시 사북면,경상사고,0,0,1,0,차대차 - 측면충돌,직진우회전진행방해,건조,맑음,교차로 - 교차로안,승합,남,59세,상해없음,승용,남,23세,경상
2021120500100273,2021년 12월 5일 16시,일요일,강원도 홍천군 홍천읍,경상사고,0,0,1,0,차대차 - 측면충돌,안전거리미확보,건조,맑음,단일로 - 교량,승용,여,58세,상해없음,승용,남,44세,경상
2021120500100307,2021년 12월 5일 17시,일요일,강원도 태백시 황지동,경상사고,0,0,1,0,차대사람 - 횡단중,안전운전불이행,건조,맑음,교차로 - 교차로횡단보도내,승용,여,42세,상해없음,보행자,남,28세,경상
2021120500100411,2021년 12월 5일 21시,일요일,강원도 원주시 단계동,경상사고,0,0,1,0,차대차 - 측면충돌,신호위반,건조,맑음,교차로 - 교차로안,이륜,남,17세,상해없음,승용,남,44세,경상
2021120500100412,2021년 12월 5일 21시,일요일,강원도 원주시 무실동,경상사고,0,0,1,1,차대차 - 추돌,안전거리미확보,건조,맑음,단일로 - 기타,승용,남,64세,상해없음,승용,남,31세,부상신고
2021120600100049,2021년 12월 6일 07시,월요일,강원도 춘천시 동산면,사망사고,1,0,1,0,차대차 - 정면충돌,중앙선침범,건조,맑음,단일로 - 기타,승용,남,56세,사망,건설기계,남,60세,경상
2021120600100050,2021년 12월 6일 07시,월요일,강원도 춘천시 퇴계동,경상사고,0,0,1,0,차대차 - 측면충돌,안전운전불이행,건조,맑음,단일로 - 기타,건설기계,남,53세,상해없음,승용,여,33세,경상
2021120600100119,2021년 12월 6일 09시,월요일,강원도 원주시 봉산동,경상사고,0,0,2,0,차대차 - 추돌,안전운전불이행,건조,맑음,교차로 - 교차로부근,승용,남,50세,상해없음,승용,여,54세,경상
2021120600100147,2021년 12월 6일 10시,월요일,강원도 원주시 단계동,경상사고,0,0,1,0,차대차 - 측면충돌,안전거리미확보,건조,맑음,교차로 - 교차로안,승용,남,50세,기타불명,승용,남,64세,경상
2021120600100214,2021년 12월 6일 12시,월요일,강원도 원주시 판부면,중상사고,0,1,1,0,차대차 - 측면충돌,직진우회전진행방해,건조,맑음,교차로 - 교차로안,승용,남,64세,상해없음,승용,여,32세,경상
2021120600100215,2021년 12월 6일 12시,월요일,강원도 삼척시 남양동,중상사고,0,1,0,0,차대차 - 측면충돌,직진우회전진행방해,건조,맑음,교차로 - 교차로안,이륜,남,72세,중상,승용,여,49세,상해없음
2021120600100271,2021년 12월 6일 14시,월요일,강원도 원주시 태장동,중상사고,0,1,0,0,차대차 - 측면충돌,안전운전불이행,건조,맑음,단일로 - 기타,승용,남,62세,상해없음,이륜,남,64세,중상
2021120600100272,2021년 12월 6일 14시,월요일,강원도 삼척시 남양동,경상사고,0,0,1,0,차대사람 - 차도통행중,안전운전불이행,건조,맑음,단일로 - 기타,화물,남,60세,상해없음,보행자,여,79세,경상
2021120600100273,2021년 12월 6일 14시,월요일,강원도 홍천군 홍천읍,경상사고,0,0,1,0,차대사람 - 차도통행중,안전운전불이행,건조,맑음,단일로 - 지하차도(도로)내,승용,여,54세,상해없음,보행자,여,74세,경상
2021120600100296,2021년 12월 6일 15시,월요일,강원도 춘천시 신북읍,경상사고,0,0,1,0,차대사람 - 보도통행중,안전운전불이행,건조,맑음,단일로 - 기타,기타불명,기타불명,미분류,기타불명,보행자,남,16세,경상
2021120600100297,2021년 12월 6일 15시,월요일,강원도 춘천시 후평동,경상사고,0,0,1,0,차대사람 - 횡단중,신호위반,건조,맑음,교차로 - 교차로횡단보도내,승용,여,49세,상해없음,보행자,남,10세,경상
2021120600100298,2021년 12월 6일 15시,월요일,강원도 강릉시 홍제동,경상사고,0,0,2,0,차대차 - 측면충돌,안전운전불이행,건조,맑음,기타 - 기타,승용,남,66세,상해없음,승용,남,31세,경상
2021120600100299,2021년 12월 6일 15시,월요일,강원도 원주시 원동,경상사고,0,0,1,0,차대차 - 측면충돌,안전운전불이행,건조,맑음,교차로 - 교차로안,승용,남,62세,상해없음,승용,남,34세,경상
2021120600100327,2021년 12월 6일 16시,월요일,강원도 춘천시 칠전동,경상사고,0,0,1,0,차대차 - 측면충돌,안전운전불이행,건조,맑음,단일로 - 기타,승용,남,83세,상해없음,승합,남,56세,경상
2021120600100426,2021년 12월 6일 18시,월요일,강원도 속초시 조양동,경상사고,0,0,1,0,차대차 - 측면충돌,신호위반,건조,맑음,교차로 - 교차로안,이륜,남,19세,상해없음,승용,여,40세,상해없음
2021120600100474,2021년 12월 6일 19시,월요일,강원도 속초시 청호동,경상사고,0,0,4,0,차대차 - 추돌,안전거리미확보,건조,맑음,교차로 - 교차로부근,화물,여,52세,상해없음,승용,남,49세,경상
2021120600100572,2021년 12월 6일 23시,월요일,강원도 원주시 단계동,경상사고,0,0,2,0,차대차 - 측면충돌,안전운전불이행,건조,맑음,단일로 - 기타,승용,남,19세,상해없음,승용,남,56세,경상
2021120700100004,2021년 12월 7일 00시,화요일,강원도 홍천군 홍천읍,경상사고,0,0,1,0,차대사람 - 횡단중,안전운전불이행,건조,맑음,단일로 - 지하차도(도로)내,승용,남,26세,상해없음,보행자,여,25세,경상
2021120700100127,2021년 12월 7일 09시,화요일,강원도 춘천시 석사동,경상사고,0,0,1,0,차대차 - 측면충돌,직진우회전진행방해,건조,맑음,교차로 - 교차로안,자전거,여,73세,경상,승용,여,30세,상해없음
2021120700100128,2021년 12월 7일 09시,화요일,강원도 원주시 단계동,경상사고,0,0,2,0,차대차 - 기타,안전거리미확보,건조,맑음,교차로 - 교차로부근,승용,여,27세,상해없음,승용,남,35세,경상
2021120700100129,2021년 12월 7일 09시,화요일,강원도 인제군 북면,경상사고,0,0,3,0,차대차 - 추돌,안전운전불이행,서리/결빙,눈,단일로 - 기타,화물,남,30세,상해없음,화물,남,73세,경상
2021120700100155,2021년 12월 7일 10시,화요일,강원도 속초시 청학동,중상사고,0,1,0,0,차대사람 - 횡단중,보행자보호의무위반,젖음/습기,비,교차로 - 교차로안,승용,남,69세,상해없음,보행자,여,77세,중상
2021120700100156,2021년 12월 7일 10시,화요일,강원도 동해시 이도동,경상사고,0,0,1,0,차대차 - 측면충돌,교차로운행방법위반,건조,맑음,교차로 - 교차로안,승용,여,66세,상해없음,승용,남,54세,경상
2021120700100179,2021년 12월 7일 11시,화요일,강원도 춘천시 석사동,경상사고,0,0,1,0,차대차 - 측면충돌,안전운전불이행,건조,맑음,교차로 - 교차로안,화물,남,60세,상해없음,승용,남,56세,경상
2021120700100180,2021년 12월 7일 11시,화요일,강원도 홍천군 화촌면,경상사고,0,0,1,0,차대차 - 측면충돌,안전운전불이행,건조,맑음,주차장 - 주차장,승용,남,55세,상해없음,승용,여,28세,경상
2021120700100181,2021년 12월 7일 11시,화요일,강원도 평창군 대관령면,중상사고,0,2,4,0,차대차 - 추돌,안전거리미확보,젖음/습기,비,단일로 - 기타,화물,남,60세,상해없음,승용,여,58세,중상
2021120700100225,2021년 12월 7일 12시,화요일,강원도 평창군 평창읍,경상사고,0,0,2,0,차대차 - 측면충돌,신호위반,건조,맑음,교차로 - 교차로안,승용,여,61세,경상,승용,여,55세,경상
2021120700100226,2021년 12월 7일 12시,화요일,강원도 횡성군 횡성읍,경상사고,0,0,1,0,차대차 - 측면충돌,직진우회전진행방해,건조,맑음,교차로 - 교차로안,승용,남,26세,경상,승용,여,49세,상해없음
2021120700100265,2021년 12월 7일 13시,화요일,강원도 춘천시 동면,경상사고,0,0,1,0,차량단독 - 기타,기타,건조,맑음,교차로 - 교차로안,승합,남,60세,상해없음,,,,
2021120700100408,2021년 12월 7일 17시,화요일,강원도 강릉시 주문진읍,경상사고,0,0,2,0,차대사람 - 횡단중,보행자보호의무위반,젖음/습기,비,교차로 - 교차로횡단보도내,화물,남,67세,상해없음,보행자,여,52세,경상
2021120700100409,2021년 12월 7일 17시,화요일,강원도 춘천시 동산면,경상사고,0,0,2,0,차대차 - 측면충돌,안전운전불이행,건조,맑음,단일로 - 터널,승용,남,23세,상해없음,승용,여,49세,경상
2021120700100473,2021년 12월 7일 18시,화요일,강원도 속초시 교동,중상사고,0,2,0,0,차대차 - 측면충돌,중앙선침범,젖음/습기,흐림,단일로 - 기타,승용,남,68세,상해없음,화물,남,63세,중상
2021120700100474,2021년 12월 7일 18시,화요일,강원도 양구군 양구읍,중상사고,0,1,1,0,차대차 - 정면충돌,중앙선침범,건조,맑음,단일로 - 기타,승용,남,22세,상해없음,화물,여,55세,중상
2021120700100513,2021년 12월 7일 19시,화요일,강원도 춘천시 신북읍,사망사고,1,0,0,0,차대사람 - 횡단중,보행자보호의무위반,건조,맑음,교차로 - 교차로횡단보도내,승용,남,29세,상해없음,보행자,여,77세,사망
2021120700100567,2021년 12월 7일 21시,화요일,강원도 양양군 현남면,경상사고,0,0,1,0,차대차 - 정면충돌,중앙선침범,건조,맑음,단일로 - 고가도로위,화물,남,57세,상해없음,승용,남,57세,상해없음
2021120800100074,2021년 12월 8일 07시,수요일,강원도 강릉시 교동,경상사고,0,0,2,0,차대차 - 측면충돌,안전운전불이행,건조,맑음,교차로 - 교차로안,승용,남,56세,상해없음,승용,남,63세,경상
2021120800100075,2021년 12월 8일 07시,수요일,강원도 양양군 손양면,경상사고,0,0,2,0,차량단독 - 공작물충돌,안전운전불이행,서리/결빙,맑음,단일로 - 기타,화물,남,55세,상해없음,,,,
2021120800100107,2021년 12월 8일 08시,수요일,강원도 원주시 흥업면,부상신고사고,0,0,0,2,차대차 - 측면충돌,교차로운행방법위반,건조,맑음,교차로 - 교차로부근,승용,남,46세,상해없음,승용,여,48세,부상신고
2021120800100262,2021년 12월 8일 13시,수요일,강원도 고성군 거진읍,중상사고,0,1,0,0,차대사람 - 길가장자리구역통행중,안전운전불이행,건조,맑음,기타 - 기타,승용,여,73세,상해없음,보행자,여,82세,중상
2021120800100299,2021년 12월 8일 14시,수요일,강원도 인제군 북면,경상사고,0,0,2,0,차대차 - 측면충돌,안전운전불이행,건조,맑음,교차로 - 교차로안,승용,남,75세,상해없음,승용,여,81세,경상
2021120800100334,2021년 12월 8일 15시,수요일,강원도 원주시 관설동,경상사고,0,0,1,0,차대차 - 기타,안전거리미확보,건조,맑음,단일로 - 기타,화물,남,54세,상해없음,승합,남,62세,상해없음
2021120800100375,2021년 12월 8일 16시,수요일,강원도 원주시 단구동,경상사고,0,0,1,0,차대차 - 측면충돌,안전거리미확보,건조,맑음,단일로 - 기타,승합,남,52세,상해없음,승용,남,33세,경상
2021120800100376,2021년 12월 8일 16시,수요일,강원도 동해시 부곡동,경상사고,0,0,1,0,차대차 - 정면충돌,교차로운행방법위반,건조,맑음,교차로 - 교차로안,승용,남,35세,상해없음,승용,남,52세,경상
2021120800100413,2021년 12월 8일 17시,수요일,강원도 춘천시 근화동,경상사고,0,0,1,0,차대차 - 추돌,안전거리미확보,건조,맑음,단일로 - 기타,승용,여,28세,상해없음,승용,여,67세,경상
2021120800100414,2021년 12월 8일 17시,수요일,강원도 춘천시 근화동,부상신고사고,0,0,0,2,차대차 - 추돌,안전거리미확보,젖음/습기,흐림,단일로 - 기타,승용,남,66세,상해없음,승용,남,49세,부상신고
2021120800100415,2021년 12월 8일 17시,수요일,강원도 춘천시 퇴계동,경상사고,0,0,1,0,차대차 - 기타,중앙선침범,건조,맑음,단일로 - 기타,승용,여,23세,상해없음,이륜,남,38세,경상
2021120800100416,2021년 12월 8일 17시,수요일,강원도 영월군 주천면,경상사고,0,0,2,0,차대차 - 측면충돌,중앙선침범,건조,맑음,단일로 - 기타,승용,남,65세,상해없음,승용,여,52세,경상
2021120800100469,2021년 12월 8일 18시,수요일,강원도 춘천시 석사동,경상사고,0,0,1,0,차대차 - 정면충돌,직진우회전진행방해,건조,맑음,교차로 - 교차로안,승용,여,39세,상해없음,승용,남,65세,경상
2021120800100470,2021년 12월 8일 18시,수요일,강원도 춘천시 서면,경상사고,0,0,2,0,차대차 - 정면충돌,중앙선침범,건조,맑음,단일로 - 기타,승용,남,26세,상해없음,승용,남,64세,경상
2021120800100471,2021년 12월 8일 18시,수요일,강원도 원주시 태장동,경상사고,0,0,1,0,차대차 - 추돌,안전운전불이행,건조,맑음,교차로 - 교차로부근,승용,남,37세,상해없음,승용,여,39세,경상
2021120800100472,2021년 12월 8일 18시,수요일,강원도 홍천군 홍천읍,경상사고,0,0,1,0,차대차 - 추돌,불법유턴,건조,맑음,교차로 - 교차로부근,승용,여,51세,상해없음,이륜,남,40세,경상
2021120800100473,2021년 12월 8일 18시,수요일,강원도 강릉시 성산면,경상사고,0,0,1,0,차대차 - 추돌,안전운전불이행,건조,맑음,단일로 - 기타,화물,남,64세,상해없음,승용,남,77세,상해없음