사고번호,사고일시,요일,시군구,사고내용,사망자수,중상자수,경상자수,부상신고자수,사고유형,법규위반,노면상태,기상상태,도로형태,가해운전자 차종,가해운전자 성별,가해운전자 연령,가해운전자 상해정도,피해운전자 차종,피해운전자 성별,피해운전자 연령,피해운전자 상해정도
2021121500100090,2021년 12월 15일 07시,수요일,강원도 속초시 조양동,중상사고,0,1,1,0,차대차 - 측면충돌,안전운전불이행,건조,맑음,교차로 - 교차로안,승용,남,63세,상해없음,승용,남,26세,경상
2021121500100123,2021년 12월 15일 08시,수요일,강원도 영월군 영월읍,부상신고사고,0,0,0,2,차대차 - 측면충돌,안전운전불이행,건조,맑음,교차로 - 교차로안,승용,여,50세,상해없음,승용,남,59세,부상신고
2021121500100154,2021년 12월 15일 09시,수요일,강원도 원주시 단구동,경상사고,0,0,2,0,차대차 - 기타,신호위반,젖음/습기,비,교차로 - 교차로안,승용,여,30세,상해없음,승용,남,49세,경상
2021121500100210,2021년 12월 15일 11시,수요일,강원도 동해시 천곡동,경상사고,0,0,2,0,차대차 - 기타,교차로운행방법위반,건조,맑음,교차로 - 교차로안,승용,남,65세,상해없음,화물,남,42세,경상
2021121500100381,2021년 12월 15일 17시,수요일,강원도 강릉시 교동,중상사고,0,1,1,0,차대차 - 측면충돌,차로위반,건조,맑음,단일로 - 기타,승용,여,76세,상해없음,승용,남,30세,중상
2021121500100382,2021년 12월 15일 17시,수요일,강원도 속초시 중앙동,중상사고,0,1,0,0,차대차 - 측면충돌,안전운전불이행,건조,맑음,단일로 - 기타,승용,남,79세,상해없음,이륜,남,60세,중상
2021121500100383,2021년 12월 15일 17시,수요일,강원도 철원군 동송읍,경상사고,0,0,2,0,차대차 - 추돌,안전운전불이행,건조,맑음,교차로 - 교차로안,승용,남,55세,상해없음,화물,남,49세,상해없음
2021121500100442,2021년 12월 15일 18시,수요일,강원도 원주시 문막읍,중상사고,0,1,0,0,차대차 - 추돌,안전운전불이행,젖음/습기,흐림,교차로 - 교차로안,승용,여,44세,상해없음,농기계,남,60세,중상
2021121500100443,2021년 12월 15일 18시,수요일,강원도 원주시 단계동,경상사고,0,0,1,0,차대차 - 후진중충돌,안전운전불이행,건조,맑음,교차로 - 교차로부근,승용,남,58세,상해없음,이륜,남,46세,경상
2021121500100444,2021년 12월 15일 18시,수요일,강원도 홍천군 홍천읍,중상사고,0,1,0,0,차대사람 - 횡단중,보행자보호의무위반,건조,맑음,교차로 - 교차로부근,승용,남,52세,상해없음,보행자,여,51세,중상
2021121500100445,2021년 12월 15일 18시,수요일,강원도 홍천군 영귀미면,사망사고,1,0,0,0,차량단독 - 도로외이탈 - 추락,안전운전불이행,젖음/습기,안개,단일로 - 지하차도(도로)내,화물,남,67세,사망,,,,
2021121500100502,2021년 12월 15일 19시,수요일,강원도 원주시 단계동,경상사고,0,0,1,1,차대차 - 추돌,안전운전불이행,젖음/습기,맑음,단일로 - 기타,승용,남,21세,부상신고,화물,남,30세,경상
2021121600100011,2021년 12월 16일 00시,목요일,강원도 홍천군 홍천읍,경상사고,0,0,1,0,차대차 - 측면충돌,직진우회전진행방해,젖음/습기,안개,교차로 - 교차로안,승용,남,31세,상해없음,승용,여,58세,경상
2021121600100021,2021년 12월 16일 01시,목요일,강원도 춘천시 퇴계동,경상사고,0,0,4,0,차대차 - 측면충돌,신호위반,건조,맑음,교차로 - 교차로안,승용,남,43세,상해없음,승용,남,18세,경상
2021121600100061,2021년 12월 16일 07시,목요일,강원도 삼척시 정상동,중상사고,0,1,0,0,차대사람 - 횡단중,보행자보호의무위반,건조,맑음,교차로 - 교차로횡단보도내,승용,남,42세,상해없음,보행자,여,64세,중상
2021121600100093,2021년 12월 16일 08시,목요일,강원도 춘천시 석사동,경상사고,0,0,2,0,차대차 - 추돌,안전운전불이행,건조,맑음,단일로 - 교량,승용,남,52세,상해없음,승용,남,36세,경상
2021121600100174,2021년 12월 16일 11시,목요일,강원도 홍천군 남면,경상사고,0,0,1,0,차대차 - 측면충돌,교차로운행방법위반,건조,맑음,교차로 - 교차로안,승합,남,35세,상해없음,이륜,남,66세,경상
2021121600100287,2021년 12월 16일 15시,목요일,강원도 원주시 소초면,중상사고,0,1,1,0,차대차 - 측면충돌,안전거리미확보,건조,맑음,단일로 - 기타,승용,남,67세,상해없음,승용,여,59세,중상
2021121600100306,2021년 12월 16일 16시,목요일,강원도 원주시 개운동,경상사고,0,0,1,0,차대차 - 기타,교차로운행방법위반,건조,맑음,교차로 - 교차로안,승용,여,57세,기타불명,이륜,남,28세,경상
2021121600100350,2021년 12월 16일 17시,목요일,강원도 동해시 용정동,경상사고,0,0,2,0,차대차 - 측면충돌,안전운전불이행,건조,맑음,단일로 - 기타,화물,남,71세,상해없음,승용,남,47세,경상
2021121600100351,2021년 12월 16일 17시,목요일,강원도 강릉시 성산면,경상사고,0,0,2,0,차대차 - 기타,차로위반,건조,맑음,단일로 - 기타,건설기계,남,60세,상해없음,승용,여,32세,경상
2021121600100393,2021년 12월 16일 18시,목요일,강원도 정선군 정선읍,부상신고사고,0,0,0,1,차량단독 - 공작물충돌,안전운전불이행,건조,맑음,교차로 - 교차로안,화물,남,62세,부상신고,,,,
2021121600100434,2021년 12월 16일 19시,목요일,강원도 원주시 일산동,부상신고사고,0,0,0,1,차대사람 - 기타,안전운전불이행,건조,맑음,단일로 - 기타,승용,남,54세,상해없음,보행자,남,65세,부상신고
2021121600100435,2021년 12월 16일 19시,목요일,강원도 평창군 진부면,경상사고,0,0,1,0,차대차 - 측면충돌,안전운전불이행,건조,맑음,단일로 - 지하차도(도로)내,화물,남,53세,상해없음,이륜,남,64세,경상
2021121600100482,2021년 12월 16일 21시,목요일,강원도 동해시 부곡동,중상사고,0,1,0,0,차대차 - 추돌,안전운전불이행,건조,맑음,교차로 - 교차로부근,승용,남,50세,상해없음,승용,여,69세,중상
2021121700100057,2021년 12월 17일 06시,금요일,강원도 원주시 문막읍,경상사고,0,0,1,0,차대차 - 측면충돌,안전거리미확보,건조,맑음,교차로 - 교차로안,화물,여,62세,상해없음,승용,여,37세,경상
2021121700100096,2021년 12월 17일 08시,금요일,강원도 원주시 단계동,경상사고,0,0,1,0,차대차 - 측면충돌,안전운전불이행,건조,흐림,교차로 - 교차로안,승용,여,46세,상해없음,승용,여,61세,경상
2021121700100097,2021년 12월 17일 08시,금요일,강원도 속초시 교동,경상사고,0,0,1,0,차대사람 - 횡단중,안전운전불이행,건조,맑음,교차로 - 교차로안,승용,남,50세,상해없음,보행자,남,7세,경상
2021121700100098,2021년 12월 17일 08시,금요일,강원도 삼척시 교동,경상사고,0,0,3,0,차대차 - 추돌,안전거리미확보,건조,맑음,단일로 - 지하차도(도로)내,특수,남,38세,상해없음,화물,남,60세,경상
2021121700100099,2021년 12월 17일 08시,금요일,강원도 양구군 양구읍,경상사고,0,0,1,0,차대차 - 측면충돌,안전운전불이행,건조,맑음,교차로 - 교차로안,승용,남,27세,상해없음,승용,남,43세,경상
2021121700100152,2021년 12월 17일 10시,금요일,강원도 원주시 명륜동,경상사고,0,0,2,0,차대차 - 기타,직진우회전진행방해,건조,맑음,교차로 - 교차로안,승용,여,27세,경상,승용,여,67세,경상
2021121700100153,2021년 12월 17일 10시,금요일,강원도 태백시 황지동,부상신고사고,0,0,0,1,차대사람 - 기타,안전운전불이행,건조,맑음,기타 - 기타,승용,남,69세,상해없음,보행자,남,56세,부상신고
2021121700100222,2021년 12월 17일 12시,금요일,강원도 삼척시 남양동,경상사고,0,0,1,0,차대차 - 측면충돌,안전운전불이행,건조,맑음,단일로 - 기타,승용,남,65세,상해없음,승용,여,56세,경상
2021121700100223,2021년 12월 17일 12시,금요일,강원도 정선군 임계면,부상신고사고,0,0,0,1,차대차 - 기타,안전운전불이행,건조,맑음,단일로 - 기타,승용,남,80세,부상신고,승용,남,68세,상해없음
2021121700100224,2021년 12월 17일 12시,금요일,강원도 횡성군 공근면,중상사고,0,2,0,0,차대차 - 정면충돌,중앙선침범,건조,맑음,단일로 - 기타,승용,남,58세,상해없음,승용,여,49세,중상
2021121700100253,2021년 12월 17일 13시,금요일,강원도 원주시 평원동,경상사고,0,0,1,0,차대차 - 기타,안전운전불이행,건조,맑음,교차로 - 교차로안,화물,남,67세,상해없음,승용,남,42세,경상
2021121700100254,2021년 12월 17일 13시,금요일,강원도 원주시 명륜동,경상사고,0,0,1,0,차대차 - 후진중충돌,안전운전불이행,건조,맑음,교차로 - 교차로안,승용,여,44세,상해없음,승용,여,56세,경상
2021121700100320,2021년 12월 17일 15시,금요일,강원도 원주시 무실동,경상사고,0,0,1,0,차대차 - 기타,직진우회전진행방해,건조,맑음,교차로 - 교차로안,승용,여,52세,상해없음,승용,여,62세,경상
2021121700100370,2021년 12월 17일 16시,금요일,강원도 춘천시 운교동,중상사고,0,1,0,0,차대사람 - 횡단중,안전운전불이행,건조,맑음,기타 - 기타,사륜오토바이(ATV),남,30세,상해없음,보행자,남,74세,중상
2021121700100419,2021년 12월 17일 17시,금요일,강원도 강릉시 노암동,중상사고,0,1,1,0,차대차 - 측면충돌,신호위반,건조,맑음,교차로 - 교차로안,승용,여,49세,상해없음,승용,남,69세,경상
2021121700100420,2021년 12월 17일 17시,금요일,강원도 태백시 황지동,사망사고,1,0,0,0,차대사람 - 차도통행중,안전운전불이행,건조,맑음,교차로 - 교차로안,승용,남,64세,상해없음,보행자,여,73세,사망
2021121700100488,2021년 12월 17일 18시,금요일,강원도 원주시 학성동,경상사고,0,0,2,0,차대차 - 측면충돌,안전운전불이행,건조,맑음,단일로 - 기타,승용,남,24세,상해없음,승용,남,52세,경상
2021121700100489,2021년 12월 17일 18시,금요일,강원도 동해시 천곡동,경상사고,0,0,2,0,차대차 - 측면충돌,안전운전불이행,건조,맑음,교차로 - 교차로부근,승용,남,66세,상해없음,승용,남,63세,경상
2021121700100556,2021년 12월 17일 19시,금요일,강원도 춘천시 소양로3가,경상사고,0,0,1,0,차대차 - 기타,교차로운행방법위반,건조,맑음,교차로 - 교차로안,승용,남,46세,상해없음,승용,남,63세,경상
2021121700100557,2021년 12월 17일 19시,금요일,강원도 원주시 우산동,경상사고,0,0,1,0,차대차 - 측면충돌,직진우회전진행방해,건조,기타,교차로 - 교차로안,승용,여,52세,기타불명,원동기,남,52세,경상
2021121700100595,2021년 12월 17일 20시,금요일,강원도 춘천시 효자동,중상사고,0,1,0,0,차대차 - 측면충돌,신호위반,건조,맑음,교차로 - 교차로안,이륜,남,30세,상해없음,이륜,남,67세,중상
2021121800100015,2021년 12월 18일 00시,토요일,강원도 춘천시 운교동,중상사고,0,1,1,0,차대차 - 추돌,안전운전불이행,건조,맑음,교차로 - 교차로부근,승용,남,35세,상해없음,승용,여,59세,중상
2021121800100016,2021년 12월 18일 00시,토요일,강원도 춘천시 효자동,중상사고,0,1,0,0,차대사람 - 횡단중,보행자보호의무위반,젖음/습기,눈,단일로 - 기타,이륜,남,22세,상해없음,보행자,여,24세,중상
2021121800100118,2021년 12월 18일 09시,토요일,강원도 평창군 대관령면,경상사고,0,0,2,0,차대차 - 기타,안전운전불이행,건조,맑음,교차로 - 교차로안,승합,남,35세,상해없음,승용,남,21세,상해없음
2021121800100144,2021년 12월 18일 10시,토요일,강원도 원주시 단계동,경상사고,0,0,1,0,차대차 - 추돌,안전거리미확보,건조,맑음,단일로 - 기타,승용,남,48세,상해없음,승용,남,72세,경상
2021121800100232,2021년 12월 18일 13시,토요일,강원도 강릉시 홍제동,중상사고,0,1,0,0,차대차 - 기타,안전운전불이행,건조,맑음,교차로 - 교차로안,승용,남,65세,상해없음,이륜,남,49세,중상
2021121800100334,2021년 12월 18일 15시,토요일,강원도 횡성군 둔내면,경상사고,0,0,2,0,차대차 - 측면충돌,안전운전불이행,건조,맑음,교차로 - 교차로안,승용,여,60세,상해없음,승용,남,29세,경상
2021121800100383,2021년 12월 18일 16시,토요일,강원도 횡성군 횡성읍,경상사고,0,0,1,0,차대차 - 기타,안전운전불이행,건조,맑음,단일로 - 기타,승용,남,78세,상해없음,화물,남,46세,경상
2021121800100431,2021년 12월 18일 17시,토요일,강원도 원주시 흥업면,중상사고,0,1,1,0,차대차 - 기타,안전운전불이행,건조,맑음,교차로 - 교차로부근,승용,남,28세,상해없음,승용,남,36세,중상
2021121800100528,2021년 12월 18일 20시,토요일,강원도 강릉시 옥천동,중상사고,0,1,0,0,차대사람 - 횡단중,보행자보호의무위반,건조,맑음,교차로 - 교차로부근,승용,남,41세,상해없음,보행자,남,74세,중상
2021121800100529,2021년 12월 18일 20시,토요일,강원도 태백시 장성동,경상사고,0,0,4,0,차대차 - 측면충돌,중앙선침범,건조,맑음,단일로 - 기타,승용,여,60세,상해없음,승용,여,42세,경상
2021121800100530,2021년 12월 18일 20시,토요일,강원도 횡성군 둔내면,경상사고,0,0,1,0,차대차 - 추돌,안전운전불이행,젖음/습기,흐림,단일로 - 기타,승용,남,26세,상해없음,승용,여,35세,경상
2021121800100593,2021년 12월 18일 22시,토요일,강원도 동해시 효가동,경상사고,0,0,1,0,차대차 - 추돌,안전운전불이행,건조,맑음,교차로 - 교차로부근,승용,남,50세,상해없음,승용,남,62세,상해없음
2021121900100026,2021년 12월 19일 02시,일요일,강원도 원주시 단구동,경상사고,0,0,1,0,차대차 - 추돌,안전운전불이행,적설,눈,기타 - 기타,승용,남,35세,상해없음,승용,남,41세,경상
2021121900100034,2021년 12월 19일 05시,일요일,강원도 홍천군 홍천읍,중상사고,0,1,0,0,차량단독 - 공작물충돌,안전운전불이행,서리/결빙,맑음,단일로 - 기타,승합,남,36세,상해없음,,,,
2021121900100085,2021년 12월 19일 11시,일요일,강원도 양양군 현남면,경상사고,0,0,2,0,차대차 - 측면충돌,안전운전불이행,건조,맑음,단일로 - 기타,승용,여,30세,상해없음,승용,남,62세,경상
2021121900100128,2021년 12월 19일 13시,일요일,강원도 속초시 교동,중상사고,0,1,0,0,차대차 - 측면충돌,안전운전불이행,건조,맑음,단일로 - 기타,승용,남,51세,상해없음,이륜,남,43세,중상
2021121900100129,2021년 12월 19일 13시,일요일,강원도 동해시 천곡동,경상사고,0,0,1,0,차대차 - 측면충돌,안전운전불이행,건조,맑음,단일로 - 기타,승용,남,70세,상해없음,승용,남,25세,경상
2021121900100130,2021년 12월 19일 13시,일요일,강원도 춘천시 남면,경상사고,0,0,1,0,차대차 - 추돌,안전거리미확보,건조,맑음,단일로 - 기타,승용,남,53세,상해없음,승용,남,83세,경상
2021121900100165,2021년 12월 19일 14시,일요일,강원도 원주시 가현동,경상사고,0,0,1,0,차대차 - 측면충돌,신호위반,건조,맑음,교차로 - 교차로안,화물,남,50세,상해없음,승용,남,29세,경상
2021121900100166,2021년 12월 19일 14시,일요일,강원도 평창군 용평면,경상사고,0,0,2,0,차대차 - 기타,안전운전불이행,건조,맑음,단일로 - 기타,승용,남,28세,상해없음,승용,여,23세,경상
2021121900100210,2021년 12월 19일 16시,일요일,강원도 원주시 우산동,중상사고,0,1,0,0,차대차 - 추돌,안전거리미확보,건조,맑음,교차로 - 교차로부근,승용,남,27세,상해없음,승용,남,69세,중상
2021121900100252,2021년 12월 19일 18시,일요일,강원도 원주시 관설동,경상사고,0,0,1,0,차대차 - 기타,안전운전불이행,건조,맑음,단일로 - 기타,승용,여,44세,상해없음,승용,남,68세,경상
2021121900100276,2021년 12월 19일 19시,일요일,강원도 원주시 흥업면,경상사고,0,0,4,0,차대차 - 기타,안전운전불이행,건조,맑음,단일로 - 기타,화물,남,50세,상해없음,승용,남,48세,경상
2021121900100306,2021년 12월 19일 20시,일요일,강원도 강릉시 금학동,경상사고,0,0,2,0,차대차 - 기타,안전운전불이행,건조,맑음,기타 - 기타,승용,여,23세,상해없음,승용,남,23세,경상
2021121900100337,2021년 12월 19일 21시,일요일,강원도 춘천시 후평동,중상사고,0,1,0,0,차대차 - 측면충돌,중앙선침범,건조,맑음,단일로 - 기타,승용,남,72세,상해없음,승용,여,54세,중상
2021121900100338,2021년 12월 19일 21시,일요일,강원도 춘천시 효자동,경상사고,0,0,1,0,차대사람 - 차도통행중,안전운전불이행,건조,맑음,교차로 - 교차로안,승용,남,54세,상해없음,보행자,여,25세,경상
2021122000100073,2021년 12월 20일 08시,월요일,강원도 원주시 행구동,경상사고,0,0,1,0,차대차 - 측면충돌,안전운전불이행,건조,맑음,교차로 - 교차로안,승용,여,27세,상해없음,승용,여,54세,경상
2021122000100074,2021년 12월 20일 08시,월요일,강원도 동해시 효가동,경상사고,0,0,1,0,차대차 - 측면충돌,교차로운행방법위반,건조,맑음,교차로 - 교차로부근,승용,남,45세,상해없음,승용,여,31세,경상
2021122000100075,2021년 12월 20일 08시,월요일,강원도 횡성군 둔내면,경상사고,0,0,1,0,차대차 - 기타,안전운전불이행,젖음/습기,흐림,단일로 - 기타,승용,여,64세,상해없음,화물,남,55세,상해없음
2021122000100160,2021년 12월 20일 11시,월요일,강원도 춘천시 우두동,경상사고,0,0,1,0,차대차 - 기타,차로위반,건조,맑음,교차로 - 교차로부근,승용,남,54세,상해없음,승용,남,25세,경상
2021122000100161,2021년 12월 20일 11시,월요일,강원도 강릉시 성산면,사망사고,1,0,2,0,차대차 - 추돌,안전운전불이행,건조,맑음,단일로 - 기타,화물,남,63세,사망,화물,남,50세,경상
2021122000100195,2021년 12월 20일 12시,월요일,강원도 강릉시 구정면,경상사고,0,0,1,0,차대차 - 추돌,안전운전불이행,건조,맑음,단일로 - 기타,화물,남,55세,상해없음,승용,여,25세,경상
2021122000100196,2021년 12월 20일 12시,월요일,강원도 원주시 봉산동,경상사고,0,0,1,0,차대차 - 측면충돌,안전운전불이행,건조,맑음,교차로 - 교차로안,승용,여,58세,상해없음,이륜,남,31세,경상
2021122000100231,2021년 12월 20일 13시,월요일,강원도 홍천군 화촌면,경상사고,0,0,1,0,차대차 - 측면충돌,안전운전불이행,건조,맑음,단일로 - 기타,화물,남,67세,상해없음,자전거,남,79세,경상
2021122000100348,2021년 12월 20일 16시,월요일,강원도 동해시 송정동,중상사고,0,1,0,0,차대차 - 측면충돌,중앙선침범,건조,맑음,단일로 - 기타,화물,남,64세,상해없음,이륜,남,39세,중상
2021122000100397,2021년 12월 20일 17시,월요일,강원도 원주시 학성동,중상사고,0,1,0,0,차대사람 - 보도통행중,안전운전불이행,건조,맑음,단일로 - 기타,승용,남,53세,상해없음,보행자,여,63세,중상
2021122000100457,2021년 12월 20일 18시,월요일,강원도 원주시 단구동,경상사고,0,0,2,0,차대차 - 기타,신호위반,건조,흐림,교차로 - 교차로안,승용,여,53세,상해없음,승용,남,28세,경상
2021122000100458,2021년 12월 20일 18시,월요일,강원도 원주시 지정면,경상사고,0,0,1,0,차대차 - 측면충돌,안전운전불이행,건조,맑음,단일로 - 기타,승용,남,21세,상해없음,승용,여,29세,경상
2021122000100459,2021년 12월 20일 18시,월요일,강원도 삼척시 남양동,중상사고,0,1,0,0,차대사람 - 차도통행중,안전운전불이행,건조,맑음,교차로 - 교차로안,승용,여,45세,상해없음,보행자,여,58세,중상
2021122000100520,2021년 12월 20일 19시,월요일,강원도 원주시 단구동,경상사고,0,0,1,0,차대차 - 기타,안전운전불이행,건조,맑음,단일로 - 기타,승용,남,21세,상해없음,이륜,남,43세,경상
2021122000100521,2021년 12월 20일 19시,월요일,강원도 횡성군 둔내면,사망사고,1,0,1,0,차대차 - 추돌,안전운전불이행,건조,맑음,단일로 - 기타,승용,여,36세,사망,화물,남,66세,경상
2021122000100591,2021년 12월 20일 21시,월요일,강원도 원주시 단계동,경상사고,0,0,1,0,차대차 - 측면충돌,신호위반,건조,맑음,교차로 - 교차로안,승용,남,38세,상해없음,화물,남,59세,경상
2021122100100059,2021년 12월 21일 07시,화요일,강원도 원주시 명륜동,중상사고,0,2,0,0,차대차 - 측면충돌,안전운전불이행,건조,맑음,교차로 - 교차로안,승용,남,29세,상해없음,화물,남,42세,중상
2021122100100060,2021년 12월 21일 07시,화요일,강원도 횡성군 공근면,경상사고,0,0,1,0,차대차 - 측면충돌,중앙선침범,젖음/습기,흐림,단일로 - 기타,승용,남,42세,상해없음,승용,여,40세,경상
2021122100100061,2021년 12월 21일 07시,화요일,강원도 양구군 양구읍,경상사고,0,0,2,0,차대차 - 기타,직진우회전진행방해,젖음/습기,흐림,교차로 - 교차로안,승용,남,30세,상해없음,승용,남,35세,경상
2021122100100144,2021년 12월 21일 10시,화요일,강원도 평창군 평창읍,경상사고,0,0,1,0,차대차 - 추돌,안전운전불이행,건조,흐림,단일로 - 기타,화물,남,41세,상해없음,화물,남,31세,경상
2021122100100198,2021년 12월 21일 12시,화요일,강원도 춘천시 서면,경상사고,0,0,1,0,차대차 - 추돌,안전거리미확보,건조,맑음,단일로 - 기타,승용,여,33세,상해없음,승용,여,38세,경상
2021122100100199,2021년 12월 21일 12시,화요일,강원도 원주시 반곡동,경상사고,0,0,1,0,차대차 - 측면충돌,안전운전불이행,건조,맑음,교차로 - 교차로안,승용,남,55세,상해없음,승용,여,48세,경상
2021122100100200,2021년 12월 21일 12시,화요일,강원도 원주시 우산동,경상사고,0,0,1,0,차대차 - 추돌,안전운전불이행,건조,맑음,교차로 - 교차로부근,승용,여,35세,상해없음,승용,남,19세,경상
2021122100100283,2021년 12월 21일 15시,화요일,강원도 강릉시 교동,경상사고,0,0,1,0,차대차 - 측면충돌,안전운전불이행,건조,맑음,교차로 - 교차로안,승용,여,24세,상해없음,승용,남,25세,상해없음
2021122100100312,2021년 12월 21일 16시,화요일,강원도 양양군 현남면,경상사고,0,0,1,0,차대차 - 기타,안전거리미확보,건조,맑음,교차로 - 교차로부근,승용,여,63세,상해없음,화물,남,32세,경상
2021122100100313,2021년 12월 21일 16시,화요일,강원도 동해시 망상동,경상사고,0,0,1,0,차대차 - 측면충돌,신호위반,건조,맑음,교차로 - 교차로안,화물,남,65세,상해없음,승용,남,51세,경상
2021122100100382,2021년 12월 21일 18시,화요일,강원도 강릉시 사천면,경상사고,0,0,1,0,차대차 - 측면충돌,안전운전불이행,건조,맑음,단일로 - 기타,승용,남,63세,상해없음,승용,남,36세,경상
2021122100100383,2021년 12월 21일 18시,화요일,강원도 원주시 단구동,경상사고,0,0,1,0,차대사람 - 횡단중,보행자보호의무위반,건조,맑음,교차로 - 교차로횡단보도내,승용,여,53세,상해없음,보행자,여,45세,경상
2021122100100384,2021년 12월 21일 18시,화요일,강원도 속초시 교동,경상사고,0,0,1,0,차대차 - 기타,안전운전불이행,건조,맑음,기타 - 기타,이륜,남,38세,상해없음,승용,남,30세,경상
2021122100100385,2021년 12월 21일 18시,화요일,강원도 화천군 사내면,중상사고,0,1,0,0,차대사람 - 길가장자리구역통행중,안전운전불이행,건조,맑음,단일로 - 기타,승용,남,46세,상해없음,보행자,여,87세,중상
2021122100100445,2021년 12월 21일 19시,화요일,강원도 강릉시 노암동,중상사고,0,1,0,0,차대차 - 측면충돌,안전운전불이행,건조,맑음,단일로 - 기타,화물,남,65세,상해없음,승용,여,33세,중상
2021122100100446,2021년 12월 21일 19시,화요일,강원도 원주시 개운동,경상사고,0,0,1,0,차대차 - 측면충돌,교차로운행방법위반,건조,맑음,단일로 - 기타,승용,여,33세,기타불명,자전거,여,69세,경상
2021122100100447,2021년 12월 21일 19시,화요일,강원도 동해시 부곡동,경상사고,0,0,1,0,차대사람 - 차도통행중,안전운전불이행,건조,맑음,단일로 - 기타,승용,남,78세,상해없음,보행자,남,69세,경상
2021122100100477,2021년 12월 21일 20시,화요일,강원도 원주시 반곡동,경상사고,0,0,2,0,차대차 - 기타,신호위반,건조,맑음,교차로 - 교차로안,승용,남,59세,상해없음,승용,남,29세,경상
2021122100100478,2021년 12월 21일 20시,화요일,강원도 원주시 우산동,중상사고,0,1,0,0,차대차 - 측면충돌,안전운전불이행,건조,맑음,교차로 - 교차로부근,승용,남,79세,상해없음,이륜,남,28세,중상
2021122100100509,2021년 12월 21일 21시,화요일,강원도 원주시 학성동,경상사고,0,0,1,0,차대사람 - 횡단중,안전운전불이행,건조,기타,기타 - 기타,이륜,남,37세,상해없음,보행자,여,70세,경상
2021122200100002,2021년 12월 22일 00시,수요일,강원도 원주시 무실동,경상사고,0,0,1,0,차대차 - 측면충돌,교차로운행방법위반,건조,맑음,교차로 - 교차로안,승용,남,57세,상해없음,승용,여,23세,경상
2021122200100020,2021년 12월 22일 06시,수요일,강원도 동해시 평릉동,경상사고,0,0,1,0,차대차 - 측면충돌,신호위반,건조,맑음,교차로 - 교차로안,승합,남,75세,상해없음,승용,남,39세,경상
2021122200100043,2021년 12월 22일 07시,수요일,강원도 춘천시 효자동,경상사고,0,0,1,0,차량단독 - 기타,안전운전불이행,건조,맑음,단일로 - 기타,승합,남,56세,상해없음,,,,
2021122200100078,2021년 12월 22일 08시,수요일,강원도 원주시 호저면,경상사고,0,0,1,0,차대차 - 추돌,안전거리미확보,건조,맑음,교차로 - 교차로부근,화물,남,66세,상해없음,승용,여,46세,경상
2021122200100079,2021년 12월 22일 08시,수요일,강원도 원주시 단구동,경상사고,0,0,1,0,차대차 - 측면충돌,차로위반,건조,맑음,단일로 - 기타,승용,남,52세,상해없음,승용,여,31세,경상
2021122200100118,2021년 12월 22일 09시,수요일,강원도 홍천군 홍천읍,경상사고,0,0,1,0,차대차 - 측면충돌,직진우회전진행방해,건조,맑음,교차로 - 교차로안,승합,여,49세,상해없음,승용,여,70세,경상
2021122200100178,2021년 12월 22일 11시,수요일,강원도 양구군 양구읍,경상사고,0,0,1,0,차대차 - 기타,중앙선침범,건조,맑음,단일로 - 기타,승용,남,84세,상해없음,승용,여,62세,경상
2021122200100246,2021년 12월 22일 13시,수요일,강원도 춘천시 우두동,중상사고,0,1,1,0,차대차 - 기타,교차로운행방법위반,건조,맑음,교차로 - 교차로안,승용,여,66세,기타불명,승용,여,62세,경상
2021122200100247,2021년 12월 22일 13시,수요일,강원도 태백시 황지동,경상사고,0,0,2,0,차대차 - 측면충돌,교차로운행방법위반,건조,맑음,교차로 - 교차로안,승용,남,57세,상해없음,승용,남,31세,경상
2021122200100357,2021년 12월 22일 16시,수요일,강원도 춘천시 석사동,경상사고,0,0,1,0,차대차 - 추돌,안전운전불이행,건조,맑음,교차로 - 교차로부근,승용,여,45세,상해없음,승용,여,58세,경상
2021122200100506,2021년 12월 22일 19시,수요일,강원도 원주시 단계동,중상사고,0,1,0,0,차대사람 - 횡단중,보행자보호의무위반,건조,맑음,단일로 - 기타,화물,남,53세,상해없음,보행자,남,55세,중상
2021122300100035,2021년 12월 23일 06시,목요일,강원도 동해시 발한동,중상사고,0,1,0,0,차대사람 - 횡단중,안전운전불이행,건조,맑음,교차로 - 교차로안,승용,남,38세,상해없음,보행자,여,73세,중상
2021122300100050,2021년 12월 23일 07시,목요일,강원도 강릉시 유천동,경상사고,0,0,1,0,차대차 - 측면충돌,안전운전불이행,건조,맑음,교차로 - 교차로안,화물,남,60세,상해없음,승용,여,31세,경상
2021122300100110,2021년 12월 23일 09시,목요일,강원도 원주시 단계동,경상사고,0,0,1,0,차대차 - 후진중충돌,안전운전불이행,건조,맑음,단일로 - 기타,승용,남,26세,상해없음,승용,여,38세,경상
2021122300100111,2021년 12월 23일 09시,목요일,강원도 동해시 이도동,경상사고,0,0,1,0,차대차 - 측면충돌,안전운전불이행,건조,맑음,교차로 - 교차로부근,승용,여,61세,상해없음,화물,남,57세,경상
2021122300100164,2021년 12월 23일 11시,목요일,강원도 춘천시 조양동,경상사고,0,0,1,0,차대차 - 후진중충돌,안전운전불이행,건조,맑음,단일로 - 기타,승용,남,63세,상해없음,승용,남,34세,경상